label	text
0	(title:Exogenous fibrolytic enzymes to unlock nutrients: Histological investigation of its effects on fibre degradation in ruminants) There is a need for a better understanding of the mode-of-action of exogenous fibrolytic enzymes (EFE) used as additives in ruminant feeds.
0	(title:Exogenous fibrolytic enzymes to unlock nutrients: Histological investigation of its effects on fibre degradation in ruminants) Four forages, treated with EFE, were evaluated in vitro and histologically, in an attempt to determine the effect of EFE on tissue degradation.
0	(title:Exogenous fibrolytic enzymes to unlock nutrients: Histological investigation of its effects on fibre degradation in ruminants) Weeping love grass, kikuyu leaf material, lucerne and wheat straw stem material were histologically evaluated.
0	(title:Exogenous fibrolytic enzymes to unlock nutrients: Histological investigation of its effects on fibre degradation in ruminants) Simultaneously, milled samples were incubated in the rumen fluid inoculated media for the determination of in vitro digestibility.
0	(title:Exogenous fibrolytic enzymes to unlock nutrients: Histological investigation of its effects on fibre degradation in ruminants) The main focus, however, was a quantitative assessment of the degradation of the plant tissue at histological level over a 24 h incubation period.
0	(title:Exogenous fibrolytic enzymes to unlock nutrients: Histological investigation of its effects on fibre degradation in ruminants) Degradation of cell wall components were quantified using the image analysis software.
0	(title:Exogenous fibrolytic enzymes to unlock nutrients: Histological investigation of its effects on fibre degradation in ruminants) After 12 h of incubation, cell walls of the metaxylem of kikuyu and weeping love grass leaf material were thinner for the EFE treatment than for the control treatment.
2	(title:Exogenous fibrolytic enzymes to unlock nutrients: Histological investigation of its effects on fibre degradation in ruminants) Treatment also resulted in a significant thinning effect of the cell walls of kikuyu phloem (12 h) and the adaxial epidermis (24 h).
2	(title:Exogenous fibrolytic enzymes to unlock nutrients: Histological investigation of its effects on fibre degradation in ruminants) The abaxial epidermis at 12 h was thinner for weeping love grass due to EFE treatment.
2	(title:Exogenous fibrolytic enzymes to unlock nutrients: Histological investigation of its effects on fibre degradation in ruminants) For stem material, a thinning of the epidermis of EFE treated lucerne was observed.
2	(title:Exogenous fibrolytic enzymes to unlock nutrients: Histological investigation of its effects on fibre degradation in ruminants) Histological findings were concomitant with higher in vitro digestibilities of EFE treated lucerne and kikuyu.
1	(title:Exogenous fibrolytic enzymes to unlock nutrients: Histological investigation of its effects on fibre degradation in ruminants) It was concluded that image analysis can be useful to quantify changes in cell wall due to the treatment of forages with EFE.
1	(title:Exogenous fibrolytic enzymes to unlock nutrients: Histological investigation of its effects on fibre degradation in ruminants) There was a definite, subtle thinning effect of EFE on cell wall thickness of plant material which could be indicative of the mode-of-action of EFE.
0	(title:Exogenous fibrolytic enzymes to unlock nutrients: Histological investigation of its effects on fibre degradation in ruminants) Additives such as exogenous fibrolytic enzymes (EFE) have been researched worldwide.
1	(title:Exogenous fibrolytic enzymes to unlock nutrients: Histological investigation of its effects on fibre degradation in ruminants) Promising effects on DMI, digestibility, feed utilization and production in especially dairy cows and feedlot cattle have been demonstrated (Beauchemin et al., 2003; Eun et al., 2007).
1	(title:Exogenous fibrolytic enzymes to unlock nutrients: Histological investigation of its effects on fibre degradation in ruminants) However, research also points to varied responses of ruminants to EFE treatment of their diets.
0	(title:Exogenous fibrolytic enzymes to unlock nutrients: Histological investigation of its effects on fibre degradation in ruminants) A better understanding of the mode-of-action of EFE is of importance (Colombatto et al., 2003) as responses vary due to factors such as experimental conditions, dose rate of EFE, method of application, etc. (Beauchemin et al., 1995; 2003).
1	(title:Exogenous fibrolytic enzymes to unlock nutrients: Histological investigation of its effects on fibre degradation in ruminants) Forage heterogeneity contributes largely to the variation in degradability of plant material even with similar chemical composition but varied anatomy (Travis et al., 1997).
0	(title:Exogenous fibrolytic enzymes to unlock nutrients: Histological investigation of its effects on fibre degradation in ruminants) It is thus important to recognize the botanical characteristics of plant material as a factor determining its nutritional value (Walters, 1971).
0	(title:Exogenous fibrolytic enzymes to unlock nutrients: Histological investigation of its effects on fibre degradation in ruminants) Research is limited on the effect of exogenous enzymes on forage tissue at the histological level, although some research points to the effect of EFE at the cellular level.
1	(title:Exogenous fibrolytic enzymes to unlock nutrients: Histological investigation of its effects on fibre degradation in ruminants) Recently, it has been reported that EFE alters the fibre structure of plant material (Giraldo et al., 2008).
0	(title:Exogenous fibrolytic enzymes to unlock nutrients: Histological investigation of its effects on fibre degradation in ruminants) The objectives of this study was to determine the effect of EFE on in vitro digestibility of kikuyu (Pennisetum clandestinum) hay, weeping love grass (Eragrostis curvula) hay, lucerne
0	(title:Exogenous fibrolytic enzymes to unlock nutrients: Histological investigation of its effects on fibre degradation in ruminants) For the histological investigation, leaf material of freshly cut weeping love grass (Eragrostis curvula) and kikuyu (Pennisetum clandestinum) and stem material of freshly cut lucerne (Medicago sativa) and wheat straw (Triticum) were collected and prepared for sectioning by infusion of tissue with tissue freezing medium (Cryo-M-Bed, embedding compound, Bright Instrument Company Ltd, Huntingdon, England) prior to cryofreezing in liquid nitrogen.
0	(title:Exogenous fibrolytic enzymes to unlock nutrients: Histological investigation of its effects on fibre degradation in ruminants) Cross sections (20 µm) were made on a cryostat and fixed to microscope slides (Lasec™) by means of clear double-sided tape, as described by Akin (1982).
0	(title:Exogenous fibrolytic enzymes to unlock nutrients: Histological investigation of its effects on fibre degradation in ruminants) Two slides (containing three sections each) were incubated back to back in 50 mL glass test tubes.
0	(title:Exogenous fibrolytic enzymes to unlock nutrients: Histological investigation of its effects on fibre degradation in ruminants) Two test tubes per treatment (EFE or Control) were allowed per incubation time and the whole experiment was duplicated.
0	(title:Exogenous fibrolytic enzymes to unlock nutrients: Histological investigation of its effects on fibre degradation in ruminants) Incubation times were 0 h (no incubation), 6 h, 12 h and 24 h in buffered rumen fluid.
0	(title:Exogenous fibrolytic enzymes to unlock nutrients: Histological investigation of its effects on fibre degradation in ruminants) The EFE was a dilution of 1 mL ABO 374 supernatant in 200 mL distilled water, of which 1 mL was added to each slide in the test tubes.
0	(title:Exogenous fibrolytic enzymes to unlock nutrients: Histological investigation of its effects on fibre degradation in ruminants) The ABO 374 supernatant contained xylanases (296 ± 0.07 U/mg protein), cellulases (1.44 ± 0.39 U/mg protein) and mannanases (1.10 ± 0.37 U/mg protein) as the major fibrolytic enzyme components (Cruywagen & Van Zyl, 2008).
0	(title:Exogenous fibrolytic enzymes to unlock nutrients: Histological investigation of its effects on fibre degradation in ruminants) Slides were pre-treated with EFE or distilled water for 12 h in glass tubes sealed with rubber stoppers prior to incubation in buffered rumen fluid.
0	(title:Exogenous fibrolytic enzymes to unlock nutrients: Histological investigation of its effects on fibre degradation in ruminants) To the tubes containing the slides, 40 mL buffer (pH 6.8) and 10 ml filtered and blended rumen fluid was added under strict anaerobic conditions.
0	(title:Exogenous fibrolytic enzymes to unlock nutrients: Histological investigation of its effects on fibre degradation in ruminants) Rumen fluid was collected prior to the morning feeding from two cannulated sheep, filtered through four layers of cheesecloth and blended for 30 seconds before being added to the buffer.
0	(title:Exogenous fibrolytic enzymes to unlock nutrients: Histological investigation of its effects on fibre degradation in ruminants) Sheep were maintained on a lucerne hay and oat hay diet (50 : 50 mixture) and supplemented with 250 g/d of a commercial feed concentrate.
0	(title:Exogenous fibrolytic enzymes to unlock nutrients: Histological investigation of its effects on fibre degradation in ruminants) The tubes were sealed with rubber stoppers under CO 2 gas phase and incubated in a shaking water bath at 39 ºC. After the appropriate incubation periods, slides (two per treatment) were randomly removed from the test tubes, rinsed in ice cold water and stained with Toluidine blue for 5 minutes.
0	(title:Exogenous fibrolytic enzymes to unlock nutrients: Histological investigation of its effects on fibre degradation in ruminants) They were subsequently rinsed and covered with a cover slip to prevent the sample from drying out.
0	(title:Exogenous fibrolytic enzymes to unlock nutrients: Histological investigation of its effects on fibre degradation in ruminants) Samples were observed on an Olympus Cell R system attached to an IX-81 inverted microscope equipped with a F-view-II cooled CCD camera (Soft Imaging Systems).
0	(title:Exogenous fibrolytic enzymes to unlock nutrients: Histological investigation of its effects on fibre degradation in ruminants) Images were acquired by using Olympus 40x (leaf material) and 4x objectives (stem material) and the Cell R imaging software.
0	(title:Exogenous fibrolytic enzymes to unlock nutrients: Histological investigation of its effects on fibre degradation in ruminants) The total magnification was 400x or 40x, respectively for leaf and stem material when the 10x ocular piece's magnification is calculated as well.
0	(title:Exogenous fibrolytic enzymes to unlock nutrients: Histological investigation of its effects on fibre degradation in ruminants) Images were analysed using the Cell R software (Olympus Biosystems GMBH, Muenster, Germany).
0	(title:Exogenous fibrolytic enzymes to unlock nutrients: Histological investigation of its effects on fibre degradation in ruminants) In vitro digestibility was evaluated according to the method for ""In vitro true digestibility using the DAISY incubator"" as described by ANKOM Technology, Fairport, NY.
0	(title:Exogenous fibrolytic enzymes to unlock nutrients: Histological investigation of its effects on fibre degradation in ruminants) Samples were milled through a 1.5 mm screen and sieved before being weighed (0.5 g) into F57 filter bags.
0	(title:Exogenous fibrolytic enzymes to unlock nutrients: Histological investigation of its effects on fibre degradation in ruminants) Samples were then pre-treated with EFE as described earlier, or distilled water (control) for a period of 12 h prior to incubation in buffered rumen fluid.
0	(title:Exogenous fibrolytic enzymes to unlock nutrients: Histological investigation of its effects on fibre degradation in ruminants) Bags were removed and analysed after 24 h of incubation.
0	(title:Exogenous fibrolytic enzymes to unlock nutrients: Histological investigation of its effects on fibre degradation in ruminants) The in vitro digestibility data were subjected to a Factorial ANOVA, whereas histology data were analyzed with either a Bonferroni or Newman-Keuls multifactorial test, using Statistica 8.1 (2008).
0	(title:Exogenous fibrolytic enzymes to unlock nutrients: Histological investigation of its effects on fibre degradation in ruminants) The cell types observed and measured for cell wall thickness were the abaxial and adaxial epidermis, the metaxyleme, xyleme, phloem island cells and the parenchyma bundle sheath.
2	(title:Exogenous fibrolytic enzymes to unlock nutrients: Histological investigation of its effects on fibre degradation in ruminants) These structures are presented in Figure 1 , using kikuyu and weeping love grass as examples.
0	(title:Exogenous fibrolytic enzymes to unlock nutrients: Histological investigation of its effects on fibre degradation in ruminants) For the stem material, in addition to the cell wall thickness of the epidermis, the total tissue surface area was also determined.
2	(title:Exogenous fibrolytic enzymes to unlock nutrients: Histological investigation of its effects on fibre degradation in ruminants) It can be seen in Figure 2 (using kikuyu leaf material as example) how the tissue structures of the Control and EFE treated specimens were degraded after 24 h of incubation in buffered rumen fluid.
1	(title:Exogenous fibrolytic enzymes to unlock nutrients: Histological investigation of its effects on fibre degradation in ruminants) The degradation of the plant tissues observed here is in agreement with the findings of Buxton & Readfearn (1997).
1	(title:Exogenous fibrolytic enzymes to unlock nutrients: Histological investigation of its effects on fibre degradation in ruminants) These authors found that mesophyll was highly digestible, while parenchyma, collechyma and parenchyma bundle sheaths were moderately to highly digestible.
1	(title:Exogenous fibrolytic enzymes to unlock nutrients: Histological investigation of its effects on fibre degradation in ruminants) The structural components of epidermis, vascular tissue and schlerenchyma have low digestibilities, or can even be indigestible.
0	(title:Exogenous fibrolytic enzymes to unlock nutrients: Histological investigation of its effects on fibre degradation in ruminants) The cell wall thickness values and surface areas of the EFE and Control specimens following incubation were computed and the reduction in cell wall thickness and surface areas were determined.
2	(title:Exogenous fibrolytic enzymes to unlock nutrients: Histological investigation of its effects on fibre degradation in ruminants) The reduction in cell wall thickness was used as indication of the effect of EFE treatment on fibre digestion and is presented in resulted in thinner (P <0.05) adaxial epidermis (kikuyu 24 h) and abaxial epidermis (weeping love grass 12 h) values compared to the Control.
2	(title:Exogenous fibrolytic enzymes to unlock nutrients: Histological investigation of its effects on fibre degradation in ruminants) Treatment also decreased metaxylem cell wall thickness for both kikuyu and weeping love grass at 12 h of incubation.
2	(title:Exogenous fibrolytic enzymes to unlock nutrients: Histological investigation of its effects on fibre degradation in ruminants) Phloem cell walls were thinner only for kikuyu after 12 h incubation (P <0.05).
2	(title:Exogenous fibrolytic enzymes to unlock nutrients: Histological investigation of its effects on fibre degradation in ruminants) Metaxylem, expressed as a percentage surface area of the unincubated (0 h) kikuyu specimen, was also decreased by EFE treatment (P <0.05).
2	(title:Exogenous fibrolytic enzymes to unlock nutrients: Histological investigation of its effects on fibre degradation in ruminants) For the stem material investigated (Table 2 ), the only significant observation (P <0.05) was a decrease in the epidermal cell wall thickness of lucerne at 12 h of incubation in buffered rumen fluid with EFE.
1	(title:Exogenous fibrolytic enzymes to unlock nutrients: Histological investigation of its effects on fibre degradation in ruminants) Overall, EFE resulted in a subtle reduction of cell wall thickness of the various tissues studied.
0	(title:Exogenous fibrolytic enzymes to unlock nutrients: Histological investigation of its effects on fibre degradation in ruminants) This is based on the calculation of the percentage reduction in cell wall thickness from 0 h to 12 h and 24 h of the EFE treatment compared with the control.
1	(title:Exogenous fibrolytic enzymes to unlock nutrients: Histological investigation of its effects on fibre degradation in ruminants) These findings support the hypothesis that EFE can degrade cell wall structures, thereby allowing ruminal microbes earlier access to fermentable substrate during the initial phase of digestion (Colombatto et al., 2003).
1	(title:Exogenous fibrolytic enzymes to unlock nutrients: Histological investigation of its effects on fibre degradation in ruminants) Should the cell wall structures be weakened or altered in such a way as to allow earlier access of microbes to the cell contents as proposed here, it follows that the digestibility could be positively influenced.
2	(title:Exogenous fibrolytic enzymes to unlock nutrients: Histological investigation of its effects on fibre degradation in ruminants) This was observed in the current study (Figure 3 ) where the 24 h in vitro digestibility of kikuyu and lucerne was increased by EFE treatment.
2	(title:Exogenous fibrolytic enzymes to unlock nutrients: Histological investigation of its effects on fibre degradation in ruminants) The in vitro digestibility of EFE treated lucerne hay (770.0 g/kg) was higher (P = 0.008) than that of the control (747.0 g/kg).
2	(title:Exogenous fibrolytic enzymes to unlock nutrients: Histological investigation of its effects on fibre degradation in ruminants) Similarly, EFE resulted in an increase in in vitro digestibility from 619.0 g/kg (Control) to 654.0 g/kg for the EFE treated kikuyu sample (P = 0.004).
1	(title:Exogenous fibrolytic enzymes to unlock nutrients: Histological investigation of its effects on fibre degradation in ruminants) No treatment effects on the digestibility of weeping love grass or wheat straw were observed.
1	(title:Exogenous fibrolytic enzymes to unlock nutrients: Histological investigation of its effects on fibre degradation in ruminants) Results from this study suggest that exogenous fibrolytic enzymes have a thinning effect on the cell wall components of plant material which was substantiated by improved in vitro digestibility of EFE treated samples.
1	(title:Exogenous fibrolytic enzymes to unlock nutrients: Histological investigation of its effects on fibre degradation in ruminants) Although limited significant effects were reported in terms of cell wall thinning of the various tissues studied, the key to the observations were that subtle effects were indeed observed.
1	(title:Exogenous fibrolytic enzymes to unlock nutrients: Histological investigation of its effects on fibre degradation in ruminants) This is in strong agreement with literature where effects on cell wall digestion have been proposed by several researchers as a contributing factor to the mode-of-action of EFE.
1	(title:Exogenous fibrolytic enzymes to unlock nutrients: Histological investigation of its effects on fibre degradation in ruminants) It was concluded that EFE altered fibre cell wall structures, thereby positively influencing fibre digestion.
1	(title:Phylogenetic composition and properties of bacteria coexisting with the fungus Hypholoma fasciculare in decaying wood) White-rot fungi are major degraders of woody materials in terrestrial environments because of their ability to decompose lignin.
0	(title:Phylogenetic composition and properties of bacteria coexisting with the fungus Hypholoma fasciculare in decaying wood) However, little is known on the possible associations of white-rot fungi with other microorganisms during wood decay.
0	(title:Phylogenetic composition and properties of bacteria coexisting with the fungus Hypholoma fasciculare in decaying wood) We investigated the numbers, community composition and functional traits of bacteria present in natural wood samples under advanced decay by the white-rot basidiomycete Hypholoma fasciculare.
2	(title:Phylogenetic composition and properties of bacteria coexisting with the fungus Hypholoma fasciculare in decaying wood) The wood samples contained high numbers of cultivable bacteria (0.2-8 Â 10 9 colony forming units (CFU) per g of dry wood).
2	(title:Phylogenetic composition and properties of bacteria coexisting with the fungus Hypholoma fasciculare in decaying wood) Most cultivable bacteria belonged to Proteobacteria and Acidobacteria (75% and 23% of sequences, respectively).
2	(title:Phylogenetic composition and properties of bacteria coexisting with the fungus Hypholoma fasciculare in decaying wood) The same phyla were also found to be dominant (59% and 23%, respectively) using a non-culturable quantification technique, namely, direct cloning and sequencing of 16sRNA genes extracted from wood.
0	(title:Phylogenetic composition and properties of bacteria coexisting with the fungus Hypholoma fasciculare in decaying wood) Bacteria that could be subcultured consisted of acid-tolerant strains that seemed to rely on substrates released by lignocellulolytic enzyme activities of the fungus.
1	(title:Phylogenetic composition and properties of bacteria coexisting with the fungus Hypholoma fasciculare in decaying wood) There were no indications for antagonism (antibiosis) of the bacteria against the fungus.
1	(title:Phylogenetic composition and properties of bacteria coexisting with the fungus Hypholoma fasciculare in decaying wood) White-rot basidiomycetes are important decomposers of woody materials in terrestrial ecosystems and have the unique ability to decompose all major wood polymers, namely, cellulose, hemicellulose and lignin.
1	(title:Phylogenetic composition and properties of bacteria coexisting with the fungus Hypholoma fasciculare in decaying wood) This complete decomposition relies on the production of lignocellulose-degrading enzymes (Martı ´nez et al., 2005; Baldrian and Vala ´s ˇkova ´, 2008).
1	(title:Phylogenetic composition and properties of bacteria coexisting with the fungus Hypholoma fasciculare in decaying wood) As opposed to fungi, bacteria have only limited ability to degrade wood because their size limits penetration of woody cell walls and, moreover, they have restricted abilities to modify lignin (Hatakka, 2001; De Boer and van der Wal, 2008).
1	(title:Phylogenetic composition and properties of bacteria coexisting with the fungus Hypholoma fasciculare in decaying wood) In principle, fungal decay activities do provide opportunities for access and growth of bacteria, as the lignin barrier is weakened and easily degradable oligomers are released from wood polymers by fungal enzymes (De Boer et al., 2005; Baldrian, 2008).
1	(title:Phylogenetic composition and properties of bacteria coexisting with the fungus Hypholoma fasciculare in decaying wood) The oligomers do, however, also form the energy substrates for the fungus.
1	(title:Phylogenetic composition and properties of bacteria coexisting with the fungus Hypholoma fasciculare in decaying wood) Consequently, fungi may try to avoid proliferation of bacteria in wood, for example, by producing toxic secondary metabolites.
1	(title:Phylogenetic composition and properties of bacteria coexisting with the fungus Hypholoma fasciculare in decaying wood) Indeed, Folman et al. (2008) showed that two white-rot fungal species, Hypholoma fasciculare and Resinicium bicolor, had strong bactericidal effects when they colonized beech woodblocks, and basidiomycetes were shown to affect the community composition of bacteria in soils (Tornberg et al., 2003; Warmink and van Elsas, 2008).
1	(title:Phylogenetic composition and properties of bacteria coexisting with the fungus Hypholoma fasciculare in decaying wood) As some recent reports demonstrate a high bacterial diversity in samples in natural decaying wood in forests (Mikluscak and Dawson-Andoh, 2004; Murray and Woodward, 2007; Zhang et al., 2008) , it is not clear whether the bactericidal activities of white-rot fungi do also continue during prolonged decay.
0	(title:Phylogenetic composition and properties of bacteria coexisting with the fungus Hypholoma fasciculare in decaying wood) The aim of this study was to investigate the abundance, composition and properties of bacteria in natural wood samples that are in a stage of advanced decay by the white-rot basidiomycete H. fasciculare.
0	(title:Phylogenetic composition and properties of bacteria coexisting with the fungus Hypholoma fasciculare in decaying wood) Wood samples were taken adjacent to fruiting bodies of H. fasciculare from deciduous wood resources as described in the Supplementary information.
0	(title:Phylogenetic composition and properties of bacteria coexisting with the fungus Hypholoma fasciculare in decaying wood) Procedures for analysis of wood characteristics, fungal biomass (ergosterol), lignocelluloytic enzyme activities, enumeration of bacteria, cultivable and total bacterial community composition and physiological characteristics of bacterial isolates are given as Supplementary information.
2	(title:Phylogenetic composition and properties of bacteria coexisting with the fungus Hypholoma fasciculare in decaying wood) Ergosterol content of the wood samples ranged from 80 to 314 mg per g of wood dry mass, corresponding approximately to 15-65 mg g À1 of fungal biomass (Ba ˚a ˚th, 2001).
1	(title:Phylogenetic composition and properties of bacteria coexisting with the fungus Hypholoma fasciculare in decaying wood) The dominance of H. fasciculare in the fungal community of the wood samples was confirmed by DGGE analysis of the ITS region of fungal DNA.
1	(title:Phylogenetic composition and properties of bacteria coexisting with the fungus Hypholoma fasciculare in decaying wood) The activity of extracellular lignocellulose-degrading enzymes was between 0-0.68 mU g À1 for laccase, 0.33-1.30 mU g À1 for Mnperoxidase, 1.4-5.7 mU g À1 for endoglucanase and 0.9-10.3 mU g À1 for endoxylanase demonstrating the active decomposition of all wood polymers by the fungus.
2	(title:Phylogenetic composition and properties of bacteria coexisting with the fungus Hypholoma fasciculare in decaying wood) All wood samples were strongly acidic, pH ranging from 3.6 to 4.3, and contained 0.2-7.8 Â 10 9 bacterial CFU per g of wood dry mass.
2	(title:Phylogenetic composition and properties of bacteria coexisting with the fungus Hypholoma fasciculare in decaying wood) This is several orders of magnitude higher than the numbers of bacteria that survive in wood after colonization by H. fasciculare (Folman et al., 2008).
2	(title:Phylogenetic composition and properties of bacteria coexisting with the fungus Hypholoma fasciculare in decaying wood) Numbers of CFU were slightly, but significantly, higher on water-yeast agar (pH 5) than on TSB-agar (pH 5 or pH 6.5).
0	(title:Phylogenetic composition and properties of bacteria coexisting with the fungus Hypholoma fasciculare in decaying wood) A total of 134 partial ribosomal genes directly amplified from DNA extracted from the wood we sequenced.
2	(title:Phylogenetic composition and properties of bacteria coexisting with the fungus Hypholoma fasciculare in decaying wood) These ribosomal gene fragments were composed of 63 operational taxonomic units, defined as sequences with 497% identity.
2	(title:Phylogenetic composition and properties of bacteria coexisting with the fungus Hypholoma fasciculare in decaying wood) The calculated values of the abundance-based richness estimators were 111 for S CHAO1 and 123 for S A w CE (see Supplementary information).
0	(title:Phylogenetic composition and properties of bacteria coexisting with the fungus Hypholoma fasciculare in decaying wood) The phylogenetic relationships of clones with known bacterial isolates or environmental rDNA sequences are shown in Supplementary Figure 1 and Supplementary Table 1.
1	(title:Phylogenetic composition and properties of bacteria coexisting with the fungus Hypholoma fasciculare in decaying wood) The community was dominated (59% of the clones) by Proteobacteria, of which approximately half consisted of Alphaproteobacteria (Table 1 ).
1	(title:Phylogenetic composition and properties of bacteria coexisting with the fungus Hypholoma fasciculare in decaying wood) Alphaproteobacteria clones were affiliated with the orders Sphingomonadales, Rhizobiales, Caulobacterales and Rhodospiralles.
1	(title:Phylogenetic composition and properties of bacteria coexisting with the fungus Hypholoma fasciculare in decaying wood) Betaproteobacteria clones were largely represented by the genus Burkholderia, whereas Gammaproteobacteria clones fell into the orders Legionellales and Xanthomonadales.
1	(title:Phylogenetic composition and properties of bacteria coexisting with the fungus Hypholoma fasciculare in decaying wood) The second most abundant group of clones (23%) clustered within the phylum Acidobacteria and the third (7%) belonged to the phylum Firmicutes.
1	(title:Phylogenetic composition and properties of bacteria coexisting with the fungus Hypholoma fasciculare in decaying wood) Other phyla detected included Verrumicrobia, Bacteroidetes, Planctomycetes and TM7. The phylum Actinobacteria, whose members are known for their cellulolytic and lignin-modifying activities (Kirby, 2006) , were only present at low numbers which was the main contrast to the study of Zhang et al. (2008).
1	(title:Phylogenetic composition and properties of bacteria coexisting with the fungus Hypholoma fasciculare in decaying wood) Identification of cultivable members of the wood bacterial community showed a similar dominance of Proteobacteria and Acidobacteria as for the clones (Table 1 ).
2	(title:Phylogenetic composition and properties of bacteria coexisting with the fungus Hypholoma fasciculare in decaying wood) Multiple identical sequences were observed in Burkholderia sp. (13 sequences representing eight phylotypes), Xanthobacteriaceae (11 sequences representing eight phylotypes) and Acidobacteria isolates (11 representing four phylotypes).
2	(title:Phylogenetic composition and properties of bacteria coexisting with the fungus Hypholoma fasciculare in decaying wood) Of the isolates that could be successfully cultured, all except one (Pedobacter sp. WH4) were able to grow at pH 4.0.
1	(title:Phylogenetic composition and properties of bacteria coexisting with the fungus Hypholoma fasciculare in decaying wood) The Alpha-and Betaproteobacteria tested seemed to be metabolically versatile and could use several low molecular weight sugars that are released by extracellular fungal cellulases and hemicellulases.
1	(title:Phylogenetic composition and properties of bacteria coexisting with the fungus Hypholoma fasciculare in decaying wood) None of the isolates, however, was able to hydrolyze colloidal cellulose.
1	(title:Phylogenetic composition and properties of bacteria coexisting with the fungus Hypholoma fasciculare in decaying wood) Small aromatic compounds, which are released on degradation of lignin, were less commonly used.
1	(title:Phylogenetic composition and properties of bacteria coexisting with the fungus Hypholoma fasciculare in decaying wood) Interestingly, none of the isolates grew on oxalic acid, which is exuded by H. fasciculare.
1	(title:Phylogenetic composition and properties of bacteria coexisting with the fungus Hypholoma fasciculare in decaying wood) Trehalose, a disaccharide used for carbon storage by fungi, and chitin, the component of fungal cell wall were not utilized either, although N-acetyl-D-glucosamine, the monomeric component of chitin, was used as a growth substrate by many strains (Table 2 ).
1	(title:Phylogenetic composition and properties of bacteria coexisting with the fungus Hypholoma fasciculare in decaying wood) Most Gammaproteobacteria failed to utilize any of the supplied substrates as a sole carbon source.
1	(title:Phylogenetic composition and properties of bacteria coexisting with the fungus Hypholoma fasciculare in decaying wood) The isolates of Acetobacteraceae, Acidobacteriaceae bacterium, Burkholderia glathei, and one strain of each Caulobacteraceae, Rhodospirillaceae and Xanthomonadaceae failed to grow even when the medium was supplemented with yeast extract, pointing to specific nutritional requirements.
1	(title:Phylogenetic composition and properties of bacteria coexisting with the fungus Hypholoma fasciculare in decaying wood) None of the isolates exhibited in vitro antagonism against H. fasciculare.
1	(title:Phylogenetic composition and properties of bacteria coexisting with the fungus Hypholoma fasciculare in decaying wood) This is in line with a dependency of the bacteria on lignocellulolytic activities of the fungus.
1	(title:Phylogenetic composition and properties of bacteria coexisting with the fungus Hypholoma fasciculare in decaying wood) The relatively high abundance and diversity of bacteria in this study compared with that of Folman et al.(2008) could indicate that selective effects of the white-rot basidiomycete H. fasciculare on the bacterial community are stronger during initial decay than in its later phases.
1	(title:Phylogenetic composition and properties of bacteria coexisting with the fungus Hypholoma fasciculare in decaying wood) Another possibility is that bacteria, which are adapted to the harmful conditions created by the fungus, proliferate during prolonged decay.
0	(title:Phylogenetic composition and properties of bacteria coexisting with the fungus Hypholoma fasciculare in decaying wood) The ability to grow on a specific substrate as a single carbon source is marked with a plus sign.
0	(title:Phylogenetic composition and properties of bacteria coexisting with the fungus Hypholoma fasciculare in decaying wood) Bacteria in wood decayed by a white-rot fungus
0	(title:Hemicellulose pyrolysis mechanism based on functional group evolutions by two-dimensional perturbation correlation infrared spectroscopy) To gain an improved understanding of the hemicellulose pyrolysis mechanism, two-dimensional correlation infrared spectroscopy (2D-PCIS) was employed to analyze the functional group evolution in xylan chars between 200 and 600 °C, and through combination with the obtained volatiles releasing properties.
0	(title:Hemicellulose pyrolysis mechanism based on functional group evolutions by two-dimensional perturbation correlation infrared spectroscopy) Simultaneously, the pathway of xylan decomposition was deduced to illustrate the pyrolysis mechanism.
1	(title:Hemicellulose pyrolysis mechanism based on functional group evolutions by two-dimensional perturbation correlation infrared spectroscopy) The depolymerization and ring-opening reactions of xylan started at 200℃.
1	(title:Hemicellulose pyrolysis mechanism based on functional group evolutions by two-dimensional perturbation correlation infrared spectroscopy) After that, it was mainly xylan matrix degradation reaction to form char structure which mainly consisted of phenyl rings and oxygen-containing cyclic compounds with aliphatic chains.
2	(title:Hemicellulose pyrolysis mechanism based on functional group evolutions by two-dimensional perturbation correlation infrared spectroscopy) With temperature increasing (300-450 ℃), the decarbonylation reaction, removal of C]C and fatty chains reactions were intensified and the molecular structures of xylan char reconstructed to form fusedring compounds on the order of 1 × 2 and 2 × 2 through condensation.
2	(title:Hemicellulose pyrolysis mechanism based on functional group evolutions by two-dimensional perturbation correlation infrared spectroscopy) Dehydrogenation and polycondensation reaction of xylan increased at higher temperature (450-600 °C).
2	(title:Hemicellulose pyrolysis mechanism based on functional group evolutions by two-dimensional perturbation correlation infrared spectroscopy) The char structure was composed of high-order fused-ring compounds, and the production of H 2 and CH 4 increased greatly.
0	(title:Hemicellulose pyrolysis mechanism based on functional group evolutions by two-dimensional perturbation correlation infrared spectroscopy) Biomass, which is abundant, clean, and renewable, is considered a potential future solution to fossil fuel depletion and pollution as they can efficiently convert into gas, oil, and solid char products through pyrolysis.
0	(title:Hemicellulose pyrolysis mechanism based on functional group evolutions by two-dimensional perturbation correlation infrared spectroscopy) However, the structures of biomass materials are far more complicated as they are mostly composed of cellulose, hemicellulose and lignin.
1	(title:Hemicellulose pyrolysis mechanism based on functional group evolutions by two-dimensional perturbation correlation infrared spectroscopy) The three components have different characteristics and the interactions among them are unavoidable during the pyrolysis process which have a great influence on biomass pyrolysis behavior.
0	(title:Hemicellulose pyrolysis mechanism based on functional group evolutions by two-dimensional perturbation correlation infrared spectroscopy) This will bring many difficulties in making the pyrolysis mechanism clearly.
0	(title:Hemicellulose pyrolysis mechanism based on functional group evolutions by two-dimensional perturbation correlation infrared spectroscopy) Many studies have been conducted based on the three individual components.
0	(title:Hemicellulose pyrolysis mechanism based on functional group evolutions by two-dimensional perturbation correlation infrared spectroscopy) However, there are less studies about hemicellulose pyrolysis comparing with cellulose and lignin.
0	(title:Hemicellulose pyrolysis mechanism based on functional group evolutions by two-dimensional perturbation correlation infrared spectroscopy) Individual components is the basis and important for a better understanding to biomass thermal chemical conversion.
0	(title:Hemicellulose pyrolysis mechanism based on functional group evolutions by two-dimensional perturbation correlation infrared spectroscopy) So far, numerous studies based on hemicellulose have been carried out.
1	(title:Hemicellulose pyrolysis mechanism based on functional group evolutions by two-dimensional perturbation correlation infrared spectroscopy) Some researchers explored the pyrolysis characteristics of hemicellulose based on weight loss property and kinetics [6,.
1	(title:Hemicellulose pyrolysis mechanism based on functional group evolutions by two-dimensional perturbation correlation infrared spectroscopy) Ponder et al.  and Yang et al.  used xylan as model compound to study the thermogravimetric pyrolysis properties of hemicellulose.
1	(title:Hemicellulose pyrolysis mechanism based on functional group evolutions by two-dimensional perturbation correlation infrared spectroscopy) They found that the main weight loss occurs at 220-315 °C, it is different from cellulose (280-360 °C) and lignin (140-600 °C).
1	(title:Hemicellulose pyrolysis mechanism based on functional group evolutions by two-dimensional perturbation correlation infrared spectroscopy) Wang et al.  separated two hemicellulose components from rice straw and maize straw with organic solvent extraction and found that the pyrolysis kinetics of hemicellulose followed the double-Gaussian distribution activation energy model (DG-DEAM), and two hemicellulose components had similar activation energy value(~150 kJ/mol).
0	(title:Hemicellulose pyrolysis mechanism based on functional group evolutions by two-dimensional perturbation correlation infrared spectroscopy) To further the understanding of pyrolysis mechanism, many researchers have studied the evolving properties of hemicellulose pyrolysis product with simulation and experimental studies.
1	(title:Hemicellulose pyrolysis mechanism based on functional group evolutions by two-dimensional perturbation correlation infrared spectroscopy) Wang et al.  studied the reaction pathway of hemicellulose monosaccharide using a density functional theory (DFT) method and found that furfural (FF) was easily formed by xylose or arabinose pyrolysis, whereas 5hydroxy methyl furfural was easily formed by mannose or galactose pyrolysis.
1	(title:Hemicellulose pyrolysis mechanism based on functional group evolutions by two-dimensional perturbation correlation infrared spectroscopy) Huang et al.    calculated the pyrolysis processes of pyranose, xylose, and arabinose with DFT and found that opening of monosaccharide to form isomer (carbonyl group at the C 1 position) was the key step for hemicellulose cleavage, while subsequent conversion via multiple pathways could produce FF, acetic acid (AA), formic acid, CO 2 , and other products.
0	(title:Hemicellulose pyrolysis mechanism based on functional group evolutions by two-dimensional perturbation correlation infrared spectroscopy) As for experimental studies, some studies have been conducted based on different experimental systems.
1	(title:Hemicellulose pyrolysis mechanism based on functional group evolutions by two-dimensional perturbation correlation infrared spectroscopy) Parihar et al.  explored the functional group changes that occurred in biomass during slow pyrolysis through synchrotron based infrared (IR) micro-spectroscopy and thermogravimetry-infrared spectroscopy (TGIR) and found the major mass loss happened between 195 and 432 °C for all the biomass samples.
0	(title:Hemicellulose pyrolysis mechanism based on functional group evolutions by two-dimensional perturbation correlation infrared spectroscopy) The possible reaction mechanism of volatile species like aromatics, alcohols and alkanes have also been identified.
0	(title:Hemicellulose pyrolysis mechanism based on functional group evolutions by two-dimensional perturbation correlation infrared spectroscopy) However, studies on individual components of biomass were missing. Werner et al.  studied the pyrolysis of seven different model compounds of hemicellulose with thermogravimetric analysis coupled with Fourier transform infrared spectrometry (TG-FTIR) and pyrolyzer coupled with gas chromatography-mass spectrometry (Py-GC/MS).
1	(title:Hemicellulose pyrolysis mechanism based on functional group evolutions by two-dimensional perturbation correlation infrared spectroscopy) It is found that the formation of anhydrosugar was related to the monosaccharide composition of the polysaccharide chain.
1	(title:Hemicellulose pyrolysis mechanism based on functional group evolutions by two-dimensional perturbation correlation infrared spectroscopy) Hexose hemicellulose was easy to form 5-HMF and anhydrosugar, while small molecules such as AA, CO 2 for xylan.
2	(title:Hemicellulose pyrolysis mechanism based on functional group evolutions by two-dimensional perturbation correlation infrared spectroscopy) Shen et al.  used TG-FTIR and pyrolysis coupled with gas chromatography and Fourier transform infrared spectrometry (Py-GC-FTIR) to study the release characteristics of products during pyrolysis, and found that FF and dehydrate 1,4-d-xylose were mainly produced from xylan units, whereas AA and CO 2 were derived from the degradation of O-acetyl structures.
1	(title:Hemicellulose pyrolysis mechanism based on functional group evolutions by two-dimensional perturbation correlation infrared spectroscopy) The formation of hydroxyacetone (HA) and CO may be related to the decomposition of cyclic fragments.
0	(title:Hemicellulose pyrolysis mechanism based on functional group evolutions by two-dimensional perturbation correlation infrared spectroscopy) Xin et al.  also studied xylan pyrolysis in a fixed bed.
1	(title:Hemicellulose pyrolysis mechanism based on functional group evolutions by two-dimensional perturbation correlation infrared spectroscopy) They found that CO 2 was mainly generated at lower temperatures (< 400 °C), while CO is mainly formed from the decarboxylation of acids.
2	(title:Hemicellulose pyrolysis mechanism based on functional group evolutions by two-dimensional perturbation correlation infrared spectroscopy) Furthermore, the liquid products contained many small aliphatic compounds, such as AA, HA, 1-hydroxy-2-propanone (HPO), and FF.
1	(title:Hemicellulose pyrolysis mechanism based on functional group evolutions by two-dimensional perturbation correlation infrared spectroscopy) The above studies mainly explored the pyrolysis mechanism of hemicellulose based on the characteristics of the gas and liquid products but overlooked the char characteristics.
1	(title:Hemicellulose pyrolysis mechanism based on functional group evolutions by two-dimensional perturbation correlation infrared spectroscopy) However, the releasing of volatiles is directly related to changes in char structure and functional groups.
1	(title:Hemicellulose pyrolysis mechanism based on functional group evolutions by two-dimensional perturbation correlation infrared spectroscopy) Knowing evolution of char and the correlation between volatiles and solid products can help to better understand the pyrolysis mechanism of xylan.
0	(title:Hemicellulose pyrolysis mechanism based on functional group evolutions by two-dimensional perturbation correlation infrared spectroscopy) Fourier transform infrared (FTIR) spectroscopy, as a widely used method to study the chemical structure of biomass pyrolysis char, the overlapping of peaks and the poor identification of molecular structures in key spectral regions (such as the fingerprint region and the hydrogen bonding region) make it difficult to characterize the changes in molecular structure accurately.
0	(title:Hemicellulose pyrolysis mechanism based on functional group evolutions by two-dimensional perturbation correlation infrared spectroscopy) In view of this, two-dimensional perturbation correlation infrared spectroscopy (2D-PCIS) has been introduced as an advanced structural analysis method of char which can effectively solve the problem of overlapping of FTIR peaks and provide information about molecular structure correlations.
0	(title:Hemicellulose pyrolysis mechanism based on functional group evolutions by two-dimensional perturbation correlation infrared spectroscopy) In this study, the pyrolysis of hemicellulose was explored with xylan (a model compound for hemicellulose) in a fixed-bed system (200-600 °C).
0	(title:Hemicellulose pyrolysis mechanism based on functional group evolutions by two-dimensional perturbation correlation infrared spectroscopy) The properties of gas and liquid products were studied and correlated with the structure and functional groups evolution of char.
0	(title:Hemicellulose pyrolysis mechanism based on functional group evolutions by two-dimensional perturbation correlation infrared spectroscopy) Finally, pyrolysis mechanism of xylan was explored in detail. It gives a deeper understanding of hemicellulose pyrolysis mechanism and provides a new sight for the biomass pyrolysis process.
0	(title:Hemicellulose pyrolysis mechanism based on functional group evolutions by two-dimensional perturbation correlation infrared spectroscopy) Xylan is purchased from Sigma-Aldrich Company. It is extracted from beech in the form of light-yellow powder with a molecular weight of (132.11) n.
0	(title:Hemicellulose pyrolysis mechanism based on functional group evolutions by two-dimensional perturbation correlation infrared spectroscopy) Here n means the degree of polymerization, which is 150-200.
0	(title:Hemicellulose pyrolysis mechanism based on functional group evolutions by two-dimensional perturbation correlation infrared spectroscopy) It is mainly composed of xylose matrix structure. The glycosyl groups are linked by beta-1,4 glycoside bonds with side chains contain 4-O-methyl-alpha-D glucuronic acid branched chains.
2	(title:Hemicellulose pyrolysis mechanism based on functional group evolutions by two-dimensional perturbation correlation infrared spectroscopy) The C 2 /C 3 position is acetylated to arabinose.
2	(title:Hemicellulose pyrolysis mechanism based on functional group evolutions by two-dimensional perturbation correlation infrared spectroscopy) Ultimate analysis gave a composition of 40.5 wt% C, 6.4 wt% H, 47.0 wt% O, 0.1 wt% N on an air-dried basis without any S, while the proximate analysis gave a composition of 73.8 wt% volatile matter, 6.0 wt% ash and a fixed carbon content of 20.2 wt% on an air-dried basis.
0	(title:Hemicellulose pyrolysis mechanism based on functional group evolutions by two-dimensional perturbation correlation infrared spectroscopy) The molecular formula can be written as CH 1.89 O 0.89.
0	(title:Hemicellulose pyrolysis mechanism based on functional group evolutions by two-dimensional perturbation correlation infrared spectroscopy) The inorganics ash composition of xylan was determined with EAGLE III X-ray fluorescence spectrometer produced by EDAX Company in the United States and the molecular crystal structure of ash was determined by Empyrean X-ray diffractometer produced by PANalytical B.V. Company in the United States.
2	(title:Hemicellulose pyrolysis mechanism based on functional group evolutions by two-dimensional perturbation correlation infrared spectroscopy) The ash content of xylan was as high as 6.0% (according to ASTM-E1755-01 test method), which was related to its separation process as it was extracted by NaOH dissolving followed by Ca (OH) 2 precipitation.
1	(title:Hemicellulose pyrolysis mechanism based on functional group evolutions by two-dimensional perturbation correlation infrared spectroscopy) Therefore, the xylan was rich in Na, Ca and other mineral salts as the detail composition shown in Table 1 , It can be seen that xylan ash mainly consists of Na 2 CO 3 and CaCO 3.
0	(title:Hemicellulose pyrolysis mechanism based on functional group evolutions by two-dimensional perturbation correlation infrared spectroscopy) Xylan pyrolysis was conducted in an upper-draft-type fixed-bed pyrolysis system (Fig. S1 ) that mainly consisted of a quartz reactor (inner diameter: 30 mm, length 400 mm), electric furnace, temperature and carrier gas controllers, condenser, and gas collection system.
0	(title:Hemicellulose pyrolysis mechanism based on functional group evolutions by two-dimensional perturbation correlation infrared spectroscopy) The reactor outlet was wrapped with a heating belt maintained at 250 °C to prevent volatiles condensation on the reactor outlet pipe.
0	(title:Hemicellulose pyrolysis mechanism based on functional group evolutions by two-dimensional perturbation correlation infrared spectroscopy) Prior to each trial, the system was flushed with N 2 (99.999%, 500 ml/min).
0	(title:Hemicellulose pyrolysis mechanism based on functional group evolutions by two-dimensional perturbation correlation infrared spectroscopy) Once the air in the pipeline was exhausted, the N 2 flow rate was adjusted to 100 ml/min.
0	(title:Hemicellulose pyrolysis mechanism based on functional group evolutions by two-dimensional perturbation correlation infrared spectroscopy) When the reactor was heated up to target temperature (200-600 °C), the sample holder with 2 g xylan held at the top of the reactor was moved quickly to the middle of the reactor.
0	(title:Hemicellulose pyrolysis mechanism based on functional group evolutions by two-dimensional perturbation correlation infrared spectroscopy) Xylan particle was heated up instantly (~200 °C/min) and the volatiles was evaporated out promptly and were conveyed to the ice-water condenser.
0	(title:Hemicellulose pyrolysis mechanism based on functional group evolutions by two-dimensional perturbation correlation infrared spectroscopy) The condensable volatiles were condensed and collected as bio-oil, while the non-condensed volatiles were dried and cleaned using silica gel and cotton wool and then collected in a gas bag as gas product for further analysis.
0	(title:Hemicellulose pyrolysis mechanism based on functional group evolutions by two-dimensional perturbation correlation infrared spectroscopy) The pyrolysis continued 30 min. Once pyrolysis was completed, the reactor was cooled to the ambient temperature with N 2 gas flashing (500 ml/min).
0	(title:Hemicellulose pyrolysis mechanism based on functional group evolutions by two-dimensional perturbation correlation infrared spectroscopy) The yield of the solid char and liquid products was calculated by the differences in the weights of the quartz basket and condenser, respectively.
0	(title:Hemicellulose pyrolysis mechanism based on functional group evolutions by two-dimensional perturbation correlation infrared spectroscopy) The gas yield was calculated from the volume fraction of each gas component (constant carrier gas volume).
0	(title:Hemicellulose pyrolysis mechanism based on functional group evolutions by two-dimensional perturbation correlation infrared spectroscopy) Each experiment was replicated at least three times to limit the experimental error to ± 5%.
0	(title:Hemicellulose pyrolysis mechanism based on functional group evolutions by two-dimensional perturbation correlation infrared spectroscopy) Gas products were analyzed using gas chromatography (Panna A91 GC, Changzhou Panno Instruments Co., Ltd., China).
0	(title:Hemicellulose pyrolysis mechanism based on functional group evolutions by two-dimensional perturbation correlation infrared spectroscopy) A three-valve fourcolumn system with a thermal conductivity detector (TCD) (for quantitative analysis of conventional gases, e.g., H 2 , O 2 , N 2 , CO, CO 2 , and CH 4 ) and a hydrogen flame ionization detector (FID) (for quantitative analysis of small alkanes, e.g., C 2 -C 5 ) was used for simultaneous detection of multiple components in a single injection.
0	(title:Hemicellulose pyrolysis mechanism based on functional group evolutions by two-dimensional perturbation correlation infrared spectroscopy) The organic component of the liquid product was analyzed with a gas chromatography-mass spectrometry system (GC/MS, 7890B/ 5977A, Agilent, USA) equipped with a capillary column (Agilent: HP-5MS, 19091S433, length 30 m, internal diameter 250 μm, film thickness 0.25 μm).
0	(title:Hemicellulose pyrolysis mechanism based on functional group evolutions by two-dimensional perturbation correlation infrared spectroscopy) The GC oven temperature was initially heated from 50 °C to 100 °C at 10 °C/min, after which it was heated to 200 °C at 5 °C/min, followed by heating to 300 °C at a rate of 10 °C/min, and finally maintained at 300 °C for 3 min.
0	(title:Hemicellulose pyrolysis mechanism based on functional group evolutions by two-dimensional perturbation correlation infrared spectroscopy) The injector temperature was 280 °C and the split flow rate was 40 ml/min with the split ratio of 40:1.
0	(title:Hemicellulose pyrolysis mechanism based on functional group evolutions by two-dimensional perturbation correlation infrared spectroscopy) The mass spectrometer operated in EI ionization mode and scanned over an m/z range of 35-550.
0	(title:Hemicellulose pyrolysis mechanism based on functional group evolutions by two-dimensional perturbation correlation infrared spectroscopy) The results were matched using NIST mass spectrometry library (NIST2011), and the relative peak areas of each organic component were used as semi-quantified data.
0	(title:Hemicellulose pyrolysis mechanism based on functional group evolutions by two-dimensional perturbation correlation infrared spectroscopy) The contents of C, H, N and S of the solid char were conducted using a CHNS/O elementary analyzer (EL-3, Vario, Germany).
0	(title:Hemicellulose pyrolysis mechanism based on functional group evolutions by two-dimensional perturbation correlation infrared spectroscopy) The oxygen content was calculated by the difference method. Each sample was tested twice and the data took the average.
0	(title:Hemicellulose pyrolysis mechanism based on functional group evolutions by two-dimensional perturbation correlation infrared spectroscopy) The ash content of the solid char was obtained with the ASTM-E1755-01 standard method.
0	(title:Hemicellulose pyrolysis mechanism based on functional group evolutions by two-dimensional perturbation correlation infrared spectroscopy) The surface functional group of the solid product was analyzed by Fourier Transform Infrared (FTIR) spectroscopy using a VERTEX 70 spectrometer (Bruker, Germany).
0	(title:Hemicellulose pyrolysis mechanism based on functional group evolutions by two-dimensional perturbation correlation infrared spectroscopy) The scanning range was 4000-400 cm -1 and the resolution is 4 cm -1.
0	(title:Hemicellulose pyrolysis mechanism based on functional group evolutions by two-dimensional perturbation correlation infrared spectroscopy) For each test, approximately 0.75 mg of the dried solid sample was mixed with 75 mg KBr and the mixture was pressed into a transparent sheet.
0	(title:Hemicellulose pyrolysis mechanism based on functional group evolutions by two-dimensional perturbation correlation infrared spectroscopy) The FTIR spectra were smoothed and baseline-corrected using Bruker OPUS 7.0 software.
0	(title:Hemicellulose pyrolysis mechanism based on functional group evolutions by two-dimensional perturbation correlation infrared spectroscopy) The basic concepts and mathematical description of two-dimensional correlation infrared spectroscopy can be referred to our pervious study.
0	(title:Hemicellulose pyrolysis mechanism based on functional group evolutions by two-dimensional perturbation correlation infrared spectroscopy) Herein, the two-dimensional correlation infrared spectrum (2D-PCIS) matrix was obtained with the 2D-shig software (Morita team, Kansai University of Japan) by mathematically converting the processed infrared spectrum.
0	(title:Hemicellulose pyrolysis mechanism based on functional group evolutions by two-dimensional perturbation correlation infrared spectroscopy) 2D-PCIS is divided into synchronous (Φ(ν 1 , ν 2 )) and asynchronous (Ψ(ν 1 , ν 2 )) correlation infrared spectra.
0	(title:Hemicellulose pyrolysis mechanism based on functional group evolutions by two-dimensional perturbation correlation infrared spectroscopy) The synchronous 2D correlation intensity represents the overall similarity (in-phase or coincidental) of the changes of intensity changes in ν 1 and ν 2 with the increase of temperature T (from T min to T max ).
0	(title:Hemicellulose pyrolysis mechanism based on functional group evolutions by two-dimensional perturbation correlation infrared spectroscopy) In contrast, the asynchronous 2D correlation intensity represents the dissimilarity (out-of-phase or sequential) of the spectral intensity changes in ν 1 and ν 2 with T.
0	(title:Hemicellulose pyrolysis mechanism based on functional group evolutions by two-dimensional perturbation correlation infrared spectroscopy) Two types of peaks (auto-peak and cross-peak) represented as two different correlations were shown on the two-dimensional perturbation correlation infrared spectra.
0	(title:Hemicellulose pyrolysis mechanism based on functional group evolutions by two-dimensional perturbation correlation infrared spectroscopy) The auto-peak on the diagonal is unique to the synchronous 2D correlation spectrum and represents the autocorrelation characteristics.
0	(title:Hemicellulose pyrolysis mechanism based on functional group evolutions by two-dimensional perturbation correlation infrared spectroscopy) While the cross-peak on the off-diagonal positions is associated with positive or negative correlations in the synchronous and asynchronous 2D spectra.
0	(title:Hemicellulose pyrolysis mechanism based on functional group evolutions by two-dimensional perturbation correlation infrared spectroscopy) Noda's rules (Table S1 ) is used to interpreting cross-peaks and to judge the direction and sequence of intensity changes.
0	(title:Hemicellulose pyrolysis mechanism based on functional group evolutions by two-dimensional perturbation correlation infrared spectroscopy) A relative concentration relationship (I w /I max ) was defined for different functional groups in the xylan chars, where I w is the FTIR absorption peak intensity of a certain functional group in different char, and I max is the maximum intensity for the given functional groups across the xylan chars at the desired temperature.
2	(title:Hemicellulose pyrolysis mechanism based on functional group evolutions by two-dimensional perturbation correlation infrared spectroscopy) The distribution of xylan pyrolysis products at variant temperatures is shown in Fig. 1a.
2	(title:Hemicellulose pyrolysis mechanism based on functional group evolutions by two-dimensional perturbation correlation infrared spectroscopy) Xylan pyrolysis tends to occur at 200-250 °C, where the yield of char sharply decreases from 80% to 36% and the yields of bio-oil and gas increase greatly and reach 40% and 20%, respectively.
1	(title:Hemicellulose pyrolysis mechanism based on functional group evolutions by two-dimensional perturbation correlation infrared spectroscopy) This behavior might be attributable to the occurrence of a large amount of volatiles evolving with depolymerization, ring-opening, and debranching reactions at this stage.
2	(title:Hemicellulose pyrolysis mechanism based on functional group evolutions by two-dimensional perturbation correlation infrared spectroscopy) With further increases in temperature (> 250 °C), the char yield decreased slowly, but the gas yield increased continuously, corresponding to the release of small molecular gases during the rearrangement of the char molecular structure.
2	(title:Hemicellulose pyrolysis mechanism based on functional group evolutions by two-dimensional perturbation correlation infrared spectroscopy) In contrast, the bio-oil yield remained relatively stable.
2	(title:Hemicellulose pyrolysis mechanism based on functional group evolutions by two-dimensional perturbation correlation infrared spectroscopy) Fig. 1b shows the gas product yields for xylan pyrolysis at various temperatures.
1	(title:Hemicellulose pyrolysis mechanism based on functional group evolutions by two-dimensional perturbation correlation infrared spectroscopy) The main gas components are CO 2 , CO, H 2 , and CH 4.
2	(title:Hemicellulose pyrolysis mechanism based on functional group evolutions by two-dimensional perturbation correlation infrared spectroscopy) During xylan pyrolysis, a large amount of CO 2 was produced at 200-250 °C, with a slight increase in yield observed at higher temperatures (> 250 °C).
1	(title:Hemicellulose pyrolysis mechanism based on functional group evolutions by two-dimensional perturbation correlation infrared spectroscopy) CO 2 is mainly originated from the cracking and abscission of CeC and CeO bonds connected with the main branch of xylan during the primary pyrolysis stage.
1	(title:Hemicellulose pyrolysis mechanism based on functional group evolutions by two-dimensional perturbation correlation infrared spectroscopy) The amount of CO produced is relatively small and increases slowly with the pyrolysis temperature increases.
1	(title:Hemicellulose pyrolysis mechanism based on functional group evolutions by two-dimensional perturbation correlation infrared spectroscopy) CO is mainly originated from the decarbonylation  and deoxygenation of ether intermediates  during pyrolysis.
2	(title:Hemicellulose pyrolysis mechanism based on functional group evolutions by two-dimensional perturbation correlation infrared spectroscopy) H 2 and CH 4 began to be produced at temperatures above 400 °C and their yields increased rapidly with increasing temperature further, reaching 3.2 mmol/g and 1.4 mmol/g, respectively, at 600 °C.
0	(title:Hemicellulose pyrolysis mechanism based on functional group evolutions by two-dimensional perturbation correlation infrared spectroscopy) This is related to the structural characteristics of xylan, as it is a polysaccharide polymer containing five-carbon sugars with abundant O-acetyl and 4methoxy-glucuronic acid structures.
1	(title:Hemicellulose pyrolysis mechanism based on functional group evolutions by two-dimensional perturbation correlation infrared spectroscopy) It is easy to crack, form char via dehydrogenation and polycondensation reactions and the releasing of CH 4 can be caused by the cracking of methoxyl-O-CH 3.
0	(title:Hemicellulose pyrolysis mechanism based on functional group evolutions by two-dimensional perturbation correlation infrared spectroscopy) Table S2 shows the main components of liquid products of xylan pyrolysis.
1	(title:Hemicellulose pyrolysis mechanism based on functional group evolutions by two-dimensional perturbation correlation infrared spectroscopy) The liquid components can be divided into four categories, namely, linear aliphatics, heterocycles, cyclopentanones, and phenyls.
2	(title:Hemicellulose pyrolysis mechanism based on functional group evolutions by two-dimensional perturbation correlation infrared spectroscopy) The change trend of these four categories is shown in Fig. 1c.
1	(title:Hemicellulose pyrolysis mechanism based on functional group evolutions by two-dimensional perturbation correlation infrared spectroscopy) The content of linear aliphatics decreased sharply between 200 °C-225 °C, which mainly attributed to the decline of AA, propionic acid and 1hydroxy-2-butanone content (Table S2 ).
1	(title:Hemicellulose pyrolysis mechanism based on functional group evolutions by two-dimensional perturbation correlation infrared spectroscopy) With temperature increasing further (225 °C) the content of linear aliphatics almost kept constant, showing that higher temperatures did not initiate obvious secondary decomposition reactions.
1	(title:Hemicellulose pyrolysis mechanism based on functional group evolutions by two-dimensional perturbation correlation infrared spectroscopy) The content of heterocycles slowly decreased with temperature increasing, whereas those of cyclopentanones and phenyl compounds slowly increased.
1	(title:Hemicellulose pyrolysis mechanism based on functional group evolutions by two-dimensional perturbation correlation infrared spectroscopy) Heterocycles, cyclopentanones, and phenyl compounds are formed by the condensation and reconstruction of ring fragments.
1	(title:Hemicellulose pyrolysis mechanism based on functional group evolutions by two-dimensional perturbation correlation infrared spectroscopy) A higher temperature was beneficial for the deoxygenation of ring fragments and the formation of alicyclic compounds and benzene precursors.
2	(title:Hemicellulose pyrolysis mechanism based on functional group evolutions by two-dimensional perturbation correlation infrared spectroscopy) The main components in the liquid compounds were acetic acid (AA), 1-hydroxy-2-propanone (HPO), furfural (FF), and (R)-3,6-dimethyl-6,7-dihydrobenzofuran-4(5H)-one (DBFO), as shown in Fig.
2	(title:Hemicellulose pyrolysis mechanism based on functional group evolutions by two-dimensional perturbation correlation infrared spectroscopy) 1d. With pyrolysis temperature increasing, the content of AA decreased sharply first and then showed no obvious change over 250 °C.
1	(title:Hemicellulose pyrolysis mechanism based on functional group evolutions by two-dimensional perturbation correlation infrared spectroscopy) AA in the liquid products, which is mainly originated from acetyl cleavage  , has a competitive relationship with CO 2 formation, which is mainly originated from carboxyl group and acetyl group removing from glucuronic acid.
1	(title:Hemicellulose pyrolysis mechanism based on functional group evolutions by two-dimensional perturbation correlation infrared spectroscopy) Higher temperature is beneficial for the fragmentation of acetyl groups and thus increases the formation of CO 2 and CH 4 (Fig. 1b ) and diminishing of AA.
2	(title:Hemicellulose pyrolysis mechanism based on functional group evolutions by two-dimensional perturbation correlation infrared spectroscopy) DBFO started to appear at 225 °C and the relative content decreased gradually from 12.3% to 4.3% as temperature raise to 600 °C whereas no obvious change was showed for FF and HPO.
1	(title:Hemicellulose pyrolysis mechanism based on functional group evolutions by two-dimensional perturbation correlation infrared spectroscopy) FF is mainly derived from the fragmentation of xylose C1-O cleavage. 
1	(title:Hemicellulose pyrolysis mechanism based on functional group evolutions by two-dimensional perturbation correlation infrared spectroscopy) The first step to form FF is the cracking and isomerization of sugar rings to chain carbonyl intermediates  and it is found xylulose is an important precursor of FF.
1	(title:Hemicellulose pyrolysis mechanism based on functional group evolutions by two-dimensional perturbation correlation infrared spectroscopy) However, HPO is mainly derived from chain scission and ketoalcohol isomerization reactions of the linear intermediate which is cleaved from the pyran ring.
1	(title:Hemicellulose pyrolysis mechanism based on functional group evolutions by two-dimensional perturbation correlation infrared spectroscopy) While DBFO consists of cyclohexanone and a methyl furan ring, and the formation might be related to the ring-opening and recyclization reactions of xylose and its linked glucuronic acid units.
1	(title:Hemicellulose pyrolysis mechanism based on functional group evolutions by two-dimensional perturbation correlation infrared spectroscopy) The relative content of DBFO decreased gradually, which is related to the stability of bicyclic compounds at high temperatures and a reduction in the probability of the ring-opening and recyclization reactions of xylose and glucuronic acid branched chains.
2	(title:Hemicellulose pyrolysis mechanism based on functional group evolutions by two-dimensional perturbation correlation infrared spectroscopy) Fig. 2 shows the van Krevelen diagram of xylan and its medium/low temperature pyrolysis char at different temperatures.
0	(title:Hemicellulose pyrolysis mechanism based on functional group evolutions by two-dimensional perturbation correlation infrared spectroscopy) The xylan pyrolysis process can be divided into three stages.
2	(title:Hemicellulose pyrolysis mechanism based on functional group evolutions by two-dimensional perturbation correlation infrared spectroscopy) First, the H/C and O/C ratios decreased sharply with increasing temperature below 250 °C, which indicated that a large amount of O and H were removed from the hemicellulose particles at 200-250 °C.
2	(title:Hemicellulose pyrolysis mechanism based on functional group evolutions by two-dimensional perturbation correlation infrared spectroscopy) This observation is in agreement with the release of CO, CO 2 , and liquid products (Fig. 1 ).
2	(title:Hemicellulose pyrolysis mechanism based on functional group evolutions by two-dimensional perturbation correlation infrared spectroscopy) The second stage occurred at 250-400 °C, when the H/C and O/C ratios in xylan char decreased gradually at a lower rate than in the first stage.
1	(title:Hemicellulose pyrolysis mechanism based on functional group evolutions by two-dimensional perturbation correlation infrared spectroscopy) It indicated that the char underwent some secondary reactions involving H and O loss.
2	(title:Hemicellulose pyrolysis mechanism based on functional group evolutions by two-dimensional perturbation correlation infrared spectroscopy) The H/C ratio of the pyrolysis char at 400 °C was still as high as 0.86, which suggested that many O-and H-containing functional groups remained.
2	(title:Hemicellulose pyrolysis mechanism based on functional group evolutions by two-dimensional perturbation correlation infrared spectroscopy) Finally, in the third stage, H/C ratio began to decrease sharply again as the temperature increased to 600 °C, which indicated that strong dehydrogenation reaction occurred in this temperature range.
2	(title:Hemicellulose pyrolysis mechanism based on functional group evolutions by two-dimensional perturbation correlation infrared spectroscopy) The releasing of H 2 and CH 4 at higher temperature range (> 600 °C) might confirm it (Fig. 1 ).
1	(title:Hemicellulose pyrolysis mechanism based on functional group evolutions by two-dimensional perturbation correlation infrared spectroscopy) The H/C value of 0.34 at 600 °C indicated that the char mainly consisted of polycyclic compounds on the order of 4 × 4.
1	(title:Hemicellulose pyrolysis mechanism based on functional group evolutions by two-dimensional perturbation correlation infrared spectroscopy) The O/C ratio loss rate in this temperature range reached 21.5%, which showed that the dehydrogenation of xylan was accompanied with many deoxygenation reactions.
2	(title:Hemicellulose pyrolysis mechanism based on functional group evolutions by two-dimensional perturbation correlation infrared spectroscopy) As a result, CO and CO 2 in gas products and cyclopentanone and phenyl compounds in the liquid products increased while heterocyclic compounds in liquid products decreased (Fig. 1b, c ).
0	(title:Hemicellulose pyrolysis mechanism based on functional group evolutions by two-dimensional perturbation correlation infrared spectroscopy) In order to further study the changes of molecular structure during the pyrolysis of xylan, the chemical structure on the surface of char was characterized with FTIR method.
2	(title:Hemicellulose pyrolysis mechanism based on functional group evolutions by two-dimensional perturbation correlation infrared spectroscopy) The FTIR spectra of the xylan char samples is shown in Fig.3. 
1	(title:Hemicellulose pyrolysis mechanism based on functional group evolutions by two-dimensional perturbation correlation infrared spectroscopy) As xylan contains no benzene rings or carbonyl groups, few absorption peaks appeared in the 1800-1500 cm -1 region of the FTIR spectrum.
1	(title:Hemicellulose pyrolysis mechanism based on functional group evolutions by two-dimensional perturbation correlation infrared spectroscopy) The weak C]O absorption peaks were derived from the semi-acetal structure of amorphous xylan.
1	(title:Hemicellulose pyrolysis mechanism based on functional group evolutions by two-dimensional perturbation correlation infrared spectroscopy) It can be found that xylan is mainly consist of oxygen contained functional groups including hydroxyl/hydrogen bond OeH•••O, CeC, CeOeC and CeOH, etc., which is consistent with the high O content of xylan.
2	(title:Hemicellulose pyrolysis mechanism based on functional group evolutions by two-dimensional perturbation correlation infrared spectroscopy) With pyrolysis, the absorption peaks of hydroxyl / hydrogen bond OeH•••O and alkane-CHn continued declining greatly, as hydroxyl and hydrogen bond cracking, and it might explain the reason of the decreasing of O/C and H/C ratio consistent with the trend of element composition.
2	(title:Hemicellulose pyrolysis mechanism based on functional group evolutions by two-dimensional perturbation correlation infrared spectroscopy) The intensity of xylose matrix structure (CeC, CeOeC and CeOH; 1040 cm -1 ) decreased gradually from 200 °C and totally disappeared when temperature was higher than 250 °C which indicating the bond breaking and reorganization of xylose matrix structure.
2	(title:Hemicellulose pyrolysis mechanism based on functional group evolutions by two-dimensional perturbation correlation infrared spectroscopy) The intensity of the C]O absorption peak of xylan pyrolysis char increased significantly at 225 °C, indicating that the sugar chain structure was greatly damaged.
1	(title:Hemicellulose pyrolysis mechanism based on functional group evolutions by two-dimensional perturbation correlation infrared spectroscopy) The carbonyl structure was formed by dehydration of hydroxyl group in pyran ring and the isomerization of keto alcohol.
2	(title:Hemicellulose pyrolysis mechanism based on functional group evolutions by two-dimensional perturbation correlation infrared spectroscopy) The sugar ring is cleaved to form FF compound, as shown in Fig.
2	(title:Hemicellulose pyrolysis mechanism based on functional group evolutions by two-dimensional perturbation correlation infrared spectroscopy) 1d. The intensity of the C]O absorption peak decreased above 400 °C.
2	(title:Hemicellulose pyrolysis mechanism based on functional group evolutions by two-dimensional perturbation correlation infrared spectroscopy) It leads to the increment of CO in the gas products (Fig. 1b ).
2	(title:Hemicellulose pyrolysis mechanism based on functional group evolutions by two-dimensional perturbation correlation infrared spectroscopy) The intensity of aryl CeC (1600 cm -1 ) increased gradually first and got the maximum value at temperature of 300 °C but decreased with temperature increasing further (300-600 °C).
2	(title:Hemicellulose pyrolysis mechanism based on functional group evolutions by two-dimensional perturbation correlation infrared spectroscopy) When temperature is higher than 500 °C, the peak of aryl CeC shifted to lower wavenumber.
1	(title:Hemicellulose pyrolysis mechanism based on functional group evolutions by two-dimensional perturbation correlation infrared spectroscopy) It indicated that condensed ring compounds increased in char.
0	(title:Hemicellulose pyrolysis mechanism based on functional group evolutions by two-dimensional perturbation correlation infrared spectroscopy) To study the molecular structure of xylan char in detail, the FTIR spectra were divided into three ranges: 3700-2800, 1800-900, and 900-700 cm -1 , and the 2D-PCIS synchronous (a, c, and e) and asynchronous (b, d and f) spectra were shown in Fig.4 with the corresponding functional groups listed in Table S3.
1	(title:Hemicellulose pyrolysis mechanism based on functional group evolutions by two-dimensional perturbation correlation infrared spectroscopy) These structures are important reaction factors interrelated by ring opening, dehydration, keto-enol tautomerization, aromatization and polycondensation.
0	(title:Hemicellulose pyrolysis mechanism based on functional group evolutions by two-dimensional perturbation correlation infrared spectroscopy) The auto-peaks in Φ(ν 1 ,ν 2 ) spectrum correspond to hydroxyl/hydrogen bonds HO•••H (3425), methylene-CH 2 (2925), carbonyl C]O (1700), methyl-CH 3 (δ, 1450), ether CeOeC (1270, 1230), xylose matrix CeO (1040) and aryl CeH (δ, 820).
1	(title:Hemicellulose pyrolysis mechanism based on functional group evolutions by two-dimensional perturbation correlation infrared spectroscopy) The eCH 2 , eCH 3 molecular structures of xylan are susceptible to the temperature-induced changes, which is related to the large amount of O-acetyl and eCH 2 OH in the branched structure of xylan.
2	(title:Hemicellulose pyrolysis mechanism based on functional group evolutions by two-dimensional perturbation correlation infrared spectroscopy) In the synchronous spectra (Φ(ν 1 ,ν 2 )) orthogonal cross-peaks at Φ(1450, 1700) and Φ(1375, 1700) (Fig. 4c ) which formed between eCH 3 (1450 cm -1 , 1375 cm -1 ) and C]O (1700 cm -1 ) structures are positive, indicating that the synchronous reactions happened during the pyrolysis of O-acetyl compounds.
2	(title:Hemicellulose pyrolysis mechanism based on functional group evolutions by two-dimensional perturbation correlation infrared spectroscopy) Similarly, the orthogonal cross-peak at Φ(3425, 2925) (Fig. 4a ) between eCH 2 (2925 cm -1 ) and OeH(3425 cm -1 ) corresponds to the synchronous reactions occurring during the pyrolysis of compounds containing eCH 2 OH groups.
2	(title:Hemicellulose pyrolysis mechanism based on functional group evolutions by two-dimensional perturbation correlation infrared spectroscopy) The positive value of Φ(1040,1415) (Fig. 4c ) and Φ(1040,1470) (Fig. 4c ) cross-peaks indicated that the opening of the xylose unit(1040 cm -1 ) is accompanied by olefin eCH 2 and alkane eCH 2 related reactions.
2	(title:Hemicellulose pyrolysis mechanism based on functional group evolutions by two-dimensional perturbation correlation infrared spectroscopy) The Φ(820,872) cross-peak indicates that various substituted benzene structures exhibit the same trends for the formation of aromatic ring compounds.
2	(title:Hemicellulose pyrolysis mechanism based on functional group evolutions by two-dimensional perturbation correlation infrared spectroscopy) And the Φ(1270,1700) cross-peak is positive, indicating the same trend between the formation and removal of aromatic CeOeC and conjugated carbonyl group C]O.
2	(title:Hemicellulose pyrolysis mechanism based on functional group evolutions by two-dimensional perturbation correlation infrared spectroscopy) In contrast, the other cross-peaks at Φ(1700,1040) and Φ(1570,1040) are negative, which means that the changes in C-O of the xylan matrix (1040 cm -1 ) is opposite to that of conjugated carbonyl (1700 cm -1 ) and fused-ring CeC (1570 cm -1 ), corresponding to the structural change from xylan to a char with poly-benzene ring.
2	(title:Hemicellulose pyrolysis mechanism based on functional group evolutions by two-dimensional perturbation correlation infrared spectroscopy) In the asynchronous spectra, there are fifteen cross-peaks and Ψ(3425,2925) (Fig. 4b ) and Ψ(1700,1040) (Fig. 4d ) corresponded to the related peaks in the synchronous (Φ(ν 1 ,ν 2 )) spectrum.
1	(title:Hemicellulose pyrolysis mechanism based on functional group evolutions by two-dimensional perturbation correlation infrared spectroscopy) According to Noda's rules (Table S1 ), the following information can be deduced: 1) the hydroxyl and hydrogen bonds OeH•••O react before aliphatic chain eCH 2 , suggesting that hydroxyl groups on the sugar rings undergo dehydration prior to dehydration of primary alcohols and ring opening of sugar units, which mainly because dehydration and keto-enol tautomerization are the main reactions of OeH•••O and eCH 2 that originates from the primary alcohols in the branched chain of arabinose and chain reactions that occur after the sugar unit is opened; 2) carbonyl C]O reacts before CeO in the xylose matrix structure, suggesting that the debranching of xylan occurs earlier than xylose ringopening reactions, which mainly because C]O in xylan is mainly originated from the acetyl group and glucuronic acid structure in the branched chain.
2	(title:Hemicellulose pyrolysis mechanism based on functional group evolutions by two-dimensional perturbation correlation infrared spectroscopy) Among the 13 independent cross-peaks, hydroxyl and hydrogen bonds OeH•••O (3425 cm -1 ), aliphatic/pyranocyclic CeH (2890 cm -1 ), xylose matrix CeO (1040 cm -1 ), and aliphatics eCH 3 (1375, 1450, 2955 cm -1 ) formed correlation peaks at Ψ(3425, 2955), Ψ(2890, 2955) (Fig. 4b ), and Ψ(1040, 1450), Ψ(1040, 1375)(Fig. 4d ), which is related to the ring-opening, chain-forming, and molecular fragmentation methylation reactions induced by keto alcohol isomerization of hydroxyl groups.
2	(title:Hemicellulose pyrolysis mechanism based on functional group evolutions by two-dimensional perturbation correlation infrared spectroscopy) Cross peaks at Ψ(3330, 2850), Ψ(3425, 3050) (Fig. 4b ) and Ψ(1040, 1270) formed among OeH•••O (3425 cm -1 ), eOCH 3 (3330 cm -1 ), aromatic hydrocarbon C-H (3050 cm -1 ), xylose matrix CeO (1040 cm -1 ) and aromatic CeOeC (1270 cm -1 ) corresponding to the transformation of the original xylan structure into an aromatic ring structure during pyrolysis.
2	(title:Hemicellulose pyrolysis mechanism based on functional group evolutions by two-dimensional perturbation correlation infrared spectroscopy) The correlation peak at Ψ(1735, 1700) between glucuronic acid carboxyl C]O (1700 cm -1 ) and acetyl C]O (1735 cm -1 ) in xylan indicated the debranching reaction during the initial pyrolysis stage of xylan and the correlation peak at Ψ(1700,1570) formed between C]O (1700 cm -1 ) and CeC (1570 cm -1 ) indicated the decarbonylation reaction of char during the densification reaction.
0	(title:Hemicellulose pyrolysis mechanism based on functional group evolutions by two-dimensional perturbation correlation infrared spectroscopy) Ψ(3670,3425), Ψ(3570,3425), and Ψ(3280,3425) are associated with hydrogen bonds and free hydroxyls, Because the structure of xylan is complex and the specific hydrogen bonding structure is unknown, no detailed analysis is made here.
2	(title:Hemicellulose pyrolysis mechanism based on functional group evolutions by two-dimensional perturbation correlation infrared spectroscopy) Based on the cross peaks of synchronous and asynchronous spectra, 2D-PCIS can provide the information about the correlation of the change direction of different groups and show the relationship of variant groups.
2	(title:Hemicellulose pyrolysis mechanism based on functional group evolutions by two-dimensional perturbation correlation infrared spectroscopy) Fig. 5 shows the trends in the relative peak strengths of the main molecular structures in xylan and its char.
2	(title:Hemicellulose pyrolysis mechanism based on functional group evolutions by two-dimensional perturbation correlation infrared spectroscopy) As shown in Fig. 5a , the relative peak strengths of hydroxyl/hydrogen bonds HeO•••H (3670, 3425, and 3280 cm -1 ), eCH (2890 cm -1 ), and xylose matrix CeO (1040 cm -1 ) decreased rapidly, corresponding to the degradation of the primary structure of xylan during pyrolysis.
1	(title:Hemicellulose pyrolysis mechanism based on functional group evolutions by two-dimensional perturbation correlation infrared spectroscopy) In the previous study, it was found that the peak at 3670 cm -1 corresponded to the H-bonded formed by primary alcohol groups in hemicellulose.
1	(title:Hemicellulose pyrolysis mechanism based on functional group evolutions by two-dimensional perturbation correlation infrared spectroscopy) Dehydration is considered as the major cause of the decrease of hydroxyl.
2	(title:Hemicellulose pyrolysis mechanism based on functional group evolutions by two-dimensional perturbation correlation infrared spectroscopy) Thus, the huge decrease of hydroxyl (3670 cm -1 ) at 250 °C may indicates the end of dehydration.
2	(title:Hemicellulose pyrolysis mechanism based on functional group evolutions by two-dimensional perturbation correlation infrared spectroscopy) The relative peak strength of xylose matrix CeO (1040 cm -1 ) decreased by 70% at 250 °C, indicating the extensive depolymerization and ring opening of xylan, consistent with the variations in the char yield shown in Fig. 1.
2	(title:Hemicellulose pyrolysis mechanism based on functional group evolutions by two-dimensional perturbation correlation infrared spectroscopy) At this stage, xylan formed a large number of molecular structures, including aliphatic eCH 2 /eCH 3 (2960, 2925, 2850, 1450, and 1375 cm -1 ), carbonyl C]O (1735 and 1700 cm -1 ), olefin C]C (1620 cm -1 ), and ether CeOeC (1230 cm -1 ) through ring opening, dehydration, keto-enol tautomerization, and other reactions.
2	(title:Hemicellulose pyrolysis mechanism based on functional group evolutions by two-dimensional perturbation correlation infrared spectroscopy) The relative peak strengths of these structures increased rapidly (Fig. 5b and c ).
1	(title:Hemicellulose pyrolysis mechanism based on functional group evolutions by two-dimensional perturbation correlation infrared spectroscopy) Simultaneously, cyclic fragments were condensed and reconstituted into benzene-like compounds.
2	(title:Hemicellulose pyrolysis mechanism based on functional group evolutions by two-dimensional perturbation correlation infrared spectroscopy) The relative peak strengths of aromatic ring CeC (1600 cm -1 ) and C-H (3050 cm -1 ) in char increased significantly, reaching maximum values at 300-350 °C (Fig. 5d ), and the corresponding char (H/C ratio = 0.90) contained a large number of monophenyl rings as to correlated to the formation of carbon skeleton matrix (see Fig. 2 ).
2	(title:Hemicellulose pyrolysis mechanism based on functional group evolutions by two-dimensional perturbation correlation infrared spectroscopy) The relative peak strengths of aliphatic group eCH 2 /eCH 3 and carbonyl C]O decreased significantly between 300 and 450 °C, and that of aromatic ring CeC Fig. 4.
2	(title:Hemicellulose pyrolysis mechanism based on functional group evolutions by two-dimensional perturbation correlation infrared spectroscopy) 2D-PCIS spectra in the range of wavenumbers of 3700-2800 cm -1 , 1800-900 cm -1 and 900-700 cm -1 analysis windows for xylan chars synchronous spectra (a, c, e) and asynchronous spectra (b, d, f).
0	(title:Hemicellulose pyrolysis mechanism based on functional group evolutions by two-dimensional perturbation correlation infrared spectroscopy) Red and blue areas represent positive and negative correlation values, respectively, while yellow area represent zero correlation values.
1	(title:Hemicellulose pyrolysis mechanism based on functional group evolutions by two-dimensional perturbation correlation infrared spectroscopy) These changes corresponded to conversion of monophenyl ring structure to fused ring compounds.
2	(title:Hemicellulose pyrolysis mechanism based on functional group evolutions by two-dimensional perturbation correlation infrared spectroscopy) The relative peak strengths of aromatic ring CeC (1600 cm -1 ), fused ring CeC (1570 cm -1 ), and aromatic ether (1270 cm -1 ) decreased significantly (Fig. 5d ) and the H/C ratio of the char decreased from 0.71 to 0.34 above 450 °C (see Fig. 2 ), which correspond to the dehydrogenation and condensation reactions during char molecular rearrangement.
2	(title:Hemicellulose pyrolysis mechanism based on functional group evolutions by two-dimensional perturbation correlation infrared spectroscopy) The dendritic ring compounds changed from 1 × 2 to 4 × 4 benzene ring structures.
2	(title:Hemicellulose pyrolysis mechanism based on functional group evolutions by two-dimensional perturbation correlation infrared spectroscopy) However, the relative peak strengths at 872 cm -1 and 820 cm -1 corresponding to the substituted benzenes increased significantly between 400 and 550 °C, indicating an increase in complex substituted aromatic structures and fused ring compounds in the char.
2	(title:Hemicellulose pyrolysis mechanism based on functional group evolutions by two-dimensional perturbation correlation infrared spectroscopy) Above 550 °C, the char mainly consisted of macromolecular polycyclic aromatic hydrocarbons and the content of substituted aromatic structures decreased.
2	(title:Hemicellulose pyrolysis mechanism based on functional group evolutions by two-dimensional perturbation correlation infrared spectroscopy) As Fig. 5 showed, the relative peak strength change trends of ether CeOeC (1230 cm -1 ), aromatic ring CeC (1600 cm -1 ), olefin C]C (1620 cm -1 ), carbonyl C]O (1700, 1735 cm -1 ) were similar.
1	(title:Hemicellulose pyrolysis mechanism based on functional group evolutions by two-dimensional perturbation correlation infrared spectroscopy) However, there were transformation relationships between these functional groups during the pyrolysis process of xylan.
0	(title:Hemicellulose pyrolysis mechanism based on functional group evolutions by two-dimensional perturbation correlation infrared spectroscopy) To better characterize the transformation between these relevant functional groups, some indexes were defined (Table 2 ).
2	(title:Hemicellulose pyrolysis mechanism based on functional group evolutions by two-dimensional perturbation correlation infrared spectroscopy) Fig. 6 shows the relative variation trends in HC, DA, AA, CA and PA.
1	(title:Hemicellulose pyrolysis mechanism based on functional group evolutions by two-dimensional perturbation correlation infrared spectroscopy) At low temperatures (≤300 °C), the HC index of xylan coke increased rapidly, corresponding hydroxyl ketone alcohol isomerized into C]O structure. And the HC index began to decline after 300 °C, indicating that the removal rate of C]O in the thickening cyclization process of coke was greater than that of dehydroxylation.
2	(title:Hemicellulose pyrolysis mechanism based on functional group evolutions by two-dimensional perturbation correlation infrared spectroscopy) The DA and AA indexes gradually increased under 500 °C which corresponding dehydration and ring opening reactions of xylan and fragmented into straight-chain ethers and carbonyl intermediates.
1	(title:Hemicellulose pyrolysis mechanism based on functional group evolutions by two-dimensional perturbation correlation infrared spectroscopy) These intermediates are eliminated via Grob cracking to form styrene precursors (vinyl, propynyl, etc.), which are then cyclized to small aromatic ring compounds and formed the matrix structure of char.
2	(title:Hemicellulose pyrolysis mechanism based on functional group evolutions by two-dimensional perturbation correlation infrared spectroscopy) Above 250 °C, the AA index increased slowly because of the formation of aromatic ring compounds.
1	(title:Hemicellulose pyrolysis mechanism based on functional group evolutions by two-dimensional perturbation correlation infrared spectroscopy) Gradually consumed reactions (condensed cyclization) also happened, that is, CeH/CeOH groups converted to C]C and then to monoaromatic rings and finally to fused ring compounds.
2	(title:Hemicellulose pyrolysis mechanism based on functional group evolutions by two-dimensional perturbation correlation infrared spectroscopy) PA index increased linearly above 450 °C, which was consistent with Shin's study, corresponding to the rapid growth of polycyclic compounds in the char.
2	(title:Hemicellulose pyrolysis mechanism based on functional group evolutions by two-dimensional perturbation correlation infrared spectroscopy) In addition, the CA index of xylan char began to decrease slowly above 200 °C.
1	(title:Hemicellulose pyrolysis mechanism based on functional group evolutions by two-dimensional perturbation correlation infrared spectroscopy) This behavior was related to the large amount of C]O structures in xylan.
2	(title:Hemicellulose pyrolysis mechanism based on functional group evolutions by two-dimensional perturbation correlation infrared spectroscopy) Based on a combination of the characteristics of the gas and liquid products and the structural evolution of char, the mechanism of xylan pyrolysis at low and moderate temperatures is illustrated in Fig. 7.
1	(title:Hemicellulose pyrolysis mechanism based on functional group evolutions by two-dimensional perturbation correlation infrared spectroscopy) Xylan is an amorphous polysaccharide that contains a large number of glucuronic acids, acetyl, and arabinose branched chain structures.
1	(title:Hemicellulose pyrolysis mechanism based on functional group evolutions by two-dimensional perturbation correlation infrared spectroscopy) Depolymerization and ring-opening reactions can occur at 200 °C. This mainly because the ring-opening reaction is occurred with the breakage of C 1 -O bond which has the lowest energy barrier (147.1 KJ/mol) of the whole xylan structure.
2	(title:Hemicellulose pyrolysis mechanism based on functional group evolutions by two-dimensional perturbation correlation infrared spectroscopy) According to the 2D-PCIS results, the debranching of xylan and hydroxyl dehydration/keto-enol tautomerization happened earlier than the decomposition of the xylose matrix.
1	(title:Hemicellulose pyrolysis mechanism based on functional group evolutions by two-dimensional perturbation correlation infrared spectroscopy) The former two break bonds to form a large number of small molecular compounds such as water, CO 2 , and AA, whereas the latter forms HPO, trace FF and cyclopentanone.
1	(title:Hemicellulose pyrolysis mechanism based on functional group evolutions by two-dimensional perturbation correlation infrared spectroscopy) The primary route for the formation of acetic acid from xylan is the dissociation of O-acetyl side groups linked to the main chain which has a single energy barrier of just 226.2 KJ/ mol leading to the formation of acetic acid occurring at a low temperature.
2	(title:Hemicellulose pyrolysis mechanism based on functional group evolutions by two-dimensional perturbation correlation infrared spectroscopy) At 200-300 °C, the xylan matrix structure was completely cracked via dehydration and ring opening, resulting in a large number of C]O, C]C, CeOeC, eCH 2 , and eCH 3 molecular fragments.
1	(title:Hemicellulose pyrolysis mechanism based on functional group evolutions by two-dimensional perturbation correlation infrared spectroscopy) Subsequent reconstruction formed small-molecule aldehydes, ketones, furans, cyclopentanones, and aromatic compounds.
1	(title:Hemicellulose pyrolysis mechanism based on functional group evolutions by two-dimensional perturbation correlation infrared spectroscopy) The main char structure consisted of benzene rings and oxygen-containing cyclic compounds with aliphatic chains.
2	(title:Hemicellulose pyrolysis mechanism based on functional group evolutions by two-dimensional perturbation correlation infrared spectroscopy) During pyrolysis at 300-450 °C, the removal of C]O, C]C, and aliphatic chains intensified, and the molecular structure of char rearranged to form fused-ring compounds on the order of 1 × 2 and 2 × 2.
2	(title:Hemicellulose pyrolysis mechanism based on functional group evolutions by two-dimensional perturbation correlation infrared spectroscopy) The amount of cyclohexanone in the liquid products decreased, whereas cyclopentanone/aromatic ring compounds increased and a small amount of CH 4 appeared in the gas products.
2	(title:Hemicellulose pyrolysis mechanism based on functional group evolutions by two-dimensional perturbation correlation infrared spectroscopy) Dehydrogenation and condensation of xylan increased at 450-600 °C, and the char structure was composed of a variety of fusedring compounds.
2	(title:Hemicellulose pyrolysis mechanism based on functional group evolutions by two-dimensional perturbation correlation infrared spectroscopy) The C]O and eCH 3 groups in the side chains of the benzene rings were further removed, and the production of H 2 and CH 4 increased greatly.
0	(title:Hemicellulose pyrolysis mechanism based on functional group evolutions by two-dimensional perturbation correlation infrared spectroscopy) The pyrolysis mechanism of xylan was explored with char structure evolution in combination with the properties of the related volatiles.
0	(title:Novel automated method for evaluating the morphological changes of cellulose fibres during extrusion-compounding of plastic-matrix composites) A novel method based on fluorescence optical microscopy has been developed for determining the fibre geometrical changes occurring during the melt processing of cellulose-reinforced composites, which are known to be closely related with composite properties.
0	(title:Novel automated method for evaluating the morphological changes of cellulose fibres during extrusion-compounding of plastic-matrix composites) Determination of these changes is still a tedious and challenging task because existing methods are not well developed yet.
1	(title:Novel automated method for evaluating the morphological changes of cellulose fibres during extrusion-compounding of plastic-matrix composites) The novel method proved its ability for explaining the screw configuration effects on the attrition bore by the fibres during extrusioncompounding of plastic-matrix composites.
1	(title:Novel automated method for evaluating the morphological changes of cellulose fibres during extrusion-compounding of plastic-matrix composites) The percentage of fibres longer than the critical length parameter was revealed to highlight the mechanical degradation of fibres during compounding.
1	(title:Novel automated method for evaluating the morphological changes of cellulose fibres during extrusion-compounding of plastic-matrix composites) The percentage of fines exhibited the clearest correlation with the differences in fibre content of composites.
0	(title:Novel automated method for evaluating the morphological changes of cellulose fibres during extrusion-compounding of plastic-matrix composites) Relationships found between composite tensile properties and fibre characterization parameters revealed the ability of the novel method for explaining the effects of composition and processing on composite properties.
0	(title:Novel automated method for evaluating the morphological changes of cellulose fibres during extrusion-compounding of plastic-matrix composites) In the last decades, extensive research has been done for the use of cellulose fibres as reinforcement in polymer-matrix composites due to the advantages of these fibres, such as, low density and cost, renewability, wide availability, little damage to processing equipment, high specific strength properties, lower energy demands for processing and CO 2 neutrality.
0	(title:Novel automated method for evaluating the morphological changes of cellulose fibres during extrusion-compounding of plastic-matrix composites) Despite their advantages, the inclusion of cellulose fibres in a polymeric matrix brings about several problems that result in the deterioration of composite properties, and then restrict their use for end-field applications.
0	(title:Novel automated method for evaluating the morphological changes of cellulose fibres during extrusion-compounding of plastic-matrix composites) Among these problems, the poor polymer-fibre compatibility as well as the thermal degradation and fibre damage that take place during the melt processing operations used for obtaining these composites and their end-products can be considered as the main ones.
0	(title:Novel automated method for evaluating the morphological changes of cellulose fibres during extrusion-compounding of plastic-matrix composites) It has been pointed out that mechanical and physical properties of fibre-reinforced composites are substantially dependent on factors determined by processing conditions, such as length distribution, final aspect ratio, dispersion, orientation, and thermal deterioration of fibres.
0	(title:Novel automated method for evaluating the morphological changes of cellulose fibres during extrusion-compounding of plastic-matrix composites) Thus, a main criterion for the selection of processing conditions is a compromise between the degree of fibre dispersion and attrition achieved.
0	(title:Novel automated method for evaluating the morphological changes of cellulose fibres during extrusion-compounding of plastic-matrix composites) Considerable research efforts have addressed the improvement of composite performance and properties through the use of compatibilizing agents for improving the hydrophilic cellulose fibres dispersion into the hydrophobic polymers used as matrices, as well as for enhancing the interfacial polymer-fibre adhesion.
0	(title:Novel automated method for evaluating the morphological changes of cellulose fibres during extrusion-compounding of plastic-matrix composites) However, in spite of its relevant influence on composite properties, relatively less attention has been paid to the study of the cellulose fibres damage that takes place during the melt compounding and transformation processes of cellulose-reinforced composites, where the flow of suspensions of fibres into a polymer melt takes place.
0	(title:Novel automated method for evaluating the morphological changes of cellulose fibres during extrusion-compounding of plastic-matrix composites) In these processes, the cellulose fibres may suffer morphological changes due to the friction with the screws of the extruders and injection moulding machines, as well as with the tooling used and the fibres themselves.
1	(title:Novel automated method for evaluating the morphological changes of cellulose fibres during extrusion-compounding of plastic-matrix composites) The use of mild conditions (e.g., low screw rotation speeds or less kneading screw elements during compounding) may lead to a poor dispersion of the reinforcement.
1	(title:Novel automated method for evaluating the morphological changes of cellulose fibres during extrusion-compounding of plastic-matrix composites) Conversely, aggressive compounding conditions may improve fibre dispersion as well as interfacial adhesion between fibres and polymeric matrices used, but at the expense of a greater degradation of cellulose fibres.
0	(title:Novel automated method for evaluating the morphological changes of cellulose fibres during extrusion-compounding of plastic-matrix composites) Several authors have studied natural fibre damage during the processing of composites.
0	(title:Novel automated method for evaluating the morphological changes of cellulose fibres during extrusion-compounding of plastic-matrix composites) Previous work has been mainly devoted to polypropylene-matrix composites reinforced with different kinds of sisal and flax fibres, PLA-matrix composites reinforced with Miscanthus, bamboo or sulphite wood pulp fibres, or polycaprolactone-matrix composites reinforced with hemp fibres.
0	(title:Novel automated method for evaluating the morphological changes of cellulose fibres during extrusion-compounding of plastic-matrix composites) Fibre geometrical parameters determination has been carried out by analysing the images captured with a digital camera or different transmission light optical microscopes and scanners
0	(title:Novel automated method for evaluating the morphological changes of cellulose fibres during extrusion-compounding of plastic-matrix composites) [2, 3,. Many of the methods used for determining the geometrical parameters of natural fibres are manual to a considerable extent, thus requiring the manual marking (e.g., with a light pen connected to a computer) of both ends of each one of the fibres to obtain the fibre length, as well as the marking of several points along the length of the fibre to estimate the mean fibre diameter.
0	(title:Novel automated method for evaluating the morphological changes of cellulose fibres during extrusion-compounding of plastic-matrix composites) They may also require focusing properly the few fibres present at each image plane to get a sharp image suitable for the measurements.
0	(title:Novel automated method for evaluating the morphological changes of cellulose fibres during extrusion-compounding of plastic-matrix composites) Therefore, they are time-consuming, economically not viable for routine quality controls and user-dependent, thus, there are frequent discrepancies between the geometrical parameter values obtained by different users.
0	(title:Novel automated method for evaluating the morphological changes of cellulose fibres during extrusion-compounding of plastic-matrix composites) On the other hand, despite the much higher presence of entangled fibres than individual ones in the samples to be analyzed, measurements are limited to fibres that can be delimitated individually, because, when fibres are entangled, it becomes very difficult to distinguish which part belongs to each fibre.
0	(title:Novel automated method for evaluating the morphological changes of cellulose fibres during extrusion-compounding of plastic-matrix composites) An in-depth comparison between the ''by hand'' method and an ''automated method'' may be found in the literature.
0	(title:Novel automated method for evaluating the morphological changes of cellulose fibres during extrusion-compounding of plastic-matrix composites) To our knowledge, despite the several works done, the determination of cellulose fibre morphological changes during the melt processing of composites as well as its relationship with processing parameters (such as, screw configuration and rotation speed, processing temperature, fibre loading or composite composition) and composite properties is still a tedious and challenging task.
0	(title:Novel automated method for evaluating the morphological changes of cellulose fibres during extrusion-compounding of plastic-matrix composites) This is, in part, due to the inherent difficulties in determining the geometrical parameters of cellulose fibres after compounding as a consequence of their natural origin, which gives rise to a very wide range of lengths and diameters.
0	(title:Novel automated method for evaluating the morphological changes of cellulose fibres during extrusion-compounding of plastic-matrix composites) On the other hand, progresses in developing reliable and automated methods for determining cellulose fibres geometry changes upon melt processing are still needed.
0	(title:Novel automated method for evaluating the morphological changes of cellulose fibres during extrusion-compounding of plastic-matrix composites) This would enable for a proper design of the formulations and the melt compounding and processing technologies used for producing cellulose-reinforced composites, as well.
0	(title:Novel automated method for evaluating the morphological changes of cellulose fibres during extrusion-compounding of plastic-matrix composites) Therefore, this work is devoted to developing a novel automated method, which eliminates or substantially reduces the aforementioned problems of the manual methods and enables the determination of the geometrical parameters of cellulose fibres in polymer-matrix composites.
0	(title:Novel automated method for evaluating the morphological changes of cellulose fibres during extrusion-compounding of plastic-matrix composites) In addition to the use of fluorescence optical microscopy, the novelty of this method mainly stems in the possibility of measuring the entangled fibres, the absence of restrictions regarding the measurement of long fibres and the use of a different mathematical algorithm based in the calculation of the perimeter and area of the fibres, which avoids some problems (such as the overestimation of the length and aspect ratio of fibres incurred when using an elliptic model  ).
0	(title:Novel automated method for evaluating the morphological changes of cellulose fibres during extrusion-compounding of plastic-matrix composites) It also enables the obtaining of accurate results in a relatively short time frame (15 min for a sample with 300 fibres compared to 10-12 h when the manual method is used).
0	(title:Novel automated method for evaluating the morphological changes of cellulose fibres during extrusion-compounding of plastic-matrix composites) Since extrusion has been reported as the process step causing the most fibre breakage in the production of biocomposites  , the reliability of the novel method has been assessed against its suitability for determining the changes occurring in the cellulose fibre geometrical parameters along the screw of a continuous extrusion-compounding process scaled down from an industrial one.
0	(title:Novel automated method for evaluating the morphological changes of cellulose fibres during extrusion-compounding of plastic-matrix composites) The influence of three different screw configurations, along with the cellulose content on the fibre characterization parameters of cellulose fibres was analyzed.
0	(title:Novel automated method for evaluating the morphological changes of cellulose fibres during extrusion-compounding of plastic-matrix composites) Finally, tensile properties of composites were analyzed along with fibre characterization parameters for trying to enlighten their relationships.
0	(title:Novel automated method for evaluating the morphological changes of cellulose fibres during extrusion-compounding of plastic-matrix composites) The bleached eucalyptus Kraft pulp was supplied by ENCE-Navia, a kraft pulp mill located in Navia, Asturias (Spain).
0	(title:Novel automated method for evaluating the morphological changes of cellulose fibres during extrusion-compounding of plastic-matrix composites) It was made from Eucalyptus Globulus wood by kraft pulping and subsequent bleaching using chlorine dioxide (elemental chlorine free bleaching).
0	(title:Novel automated method for evaluating the morphological changes of cellulose fibres during extrusion-compounding of plastic-matrix composites) Its chemical composition (by weight) was: cellulose 91.88%; hemicelluloses 7.71%; lignin 0.16%; extractives 0.07%; ash 0.18%.
0	(title:Novel automated method for evaluating the morphological changes of cellulose fibres during extrusion-compounding of plastic-matrix composites) The geometrical parameters of bleached Eucalyptus cellulose fibres used were: average length: 767 lm (71.2), average fibre aspect ratio: 48.9 (10.3), percentage of fines: 4.6, polydispersity index of length distribution: 1.009.
0	(title:Novel automated method for evaluating the morphological changes of cellulose fibres during extrusion-compounding of plastic-matrix composites) Values in parentheses indicate standard deviations. Fibre length and diameter distributions of the fibres used as raw material are presented in Figs. 1 and 2.
0	(title:Novel automated method for evaluating the morphological changes of cellulose fibres during extrusion-compounding of plastic-matrix composites) The polypropylene used as matrix consisted of a Moplen HP 648U homopolymer (BASELL Polyolefins, Barcelona, Spain) with a density of 900 kg/m 3 (ISO 1183) and a melt flow index of 75 g/10 min, measured at 230 °C and 2.16 kg, according to ISO 1133 standard.
0	(title:Novel automated method for evaluating the morphological changes of cellulose fibres during extrusion-compounding of plastic-matrix composites) Prior to compounding, bleached cellulose fibres were dried at 105 °C in an air-circulating oven for 3 h down to a moisture content lower than 1 wt%.
2	(title:Novel automated method for evaluating the morphological changes of cellulose fibres during extrusion-compounding of plastic-matrix composites) Composites with 30, 40 and 50 wt% of bleached cellulose fibres were obtained.
0	(title:Novel automated method for evaluating the morphological changes of cellulose fibres during extrusion-compounding of plastic-matrix composites) Composites were prepared by compounding of the dried raw materials in a Berstorff ZE25 corrotating intermeshing twin screw extruder.
0	(title:Novel automated method for evaluating the morphological changes of cellulose fibres during extrusion-compounding of plastic-matrix composites) The extruder was operated at 150 rpm and the total extrusion mass flow rate was 2.6 kg/h. Temperature profile along the screw was optimized by previous experiments so as to create a good balance between composite composition, compounding and fibre degradation.
0	(title:Novel automated method for evaluating the morphological changes of cellulose fibres during extrusion-compounding of plastic-matrix composites) It ranged between 168 and 189 °C. Each composite formulation was compounded using three different screw configurations (called C1, C2 and C3), as shown in Fig. 3 and Table 1.
0	(title:Novel automated method for evaluating the morphological changes of cellulose fibres during extrusion-compounding of plastic-matrix composites) As can be seen in Fig. 3 , cellulose fibres were fed through the first extruder side-feeding port for configurations C1 and C2.
0	(title:Novel automated method for evaluating the morphological changes of cellulose fibres during extrusion-compounding of plastic-matrix composites) In configuration C1 kneading screw elements prevailed, so that dispersive mixing could preferentially be promoted.
0	(title:Novel automated method for evaluating the morphological changes of cellulose fibres during extrusion-compounding of plastic-matrix composites) In configuration C2 toothed screw elements prevailed, so that distributive mixing could preferentially be promoted.
0	(title:Novel automated method for evaluating the morphological changes of cellulose fibres during extrusion-compounding of plastic-matrix composites) When using configuration C3 cellulose fibres were fed through the second extruder side-feeding port and the screw elements located after this feeding port were the same as those pres-ent in configuration C1 at that place.
0	(title:Novel automated method for evaluating the morphological changes of cellulose fibres during extrusion-compounding of plastic-matrix composites) Composite pellets obtained by compounding were also dried in an air-circulating oven for 3 h and then, injection moulded.
0	(title:Novel automated method for evaluating the morphological changes of cellulose fibres during extrusion-compounding of plastic-matrix composites) Finally, dog bone shaped test specimens were prepared according to the ISO 3167 standard in a 450 kN reciprocating injection moulding machine (Mateu & Solé, Barcelona, Spain).
0	(title:Novel automated method for evaluating the morphological changes of cellulose fibres during extrusion-compounding of plastic-matrix composites) For obtaining results of wide applicability to different real situations, the general moulding principles set by the ISO 294-1 standard were followed.
0	(title:Novel automated method for evaluating the morphological changes of cellulose fibres during extrusion-compounding of plastic-matrix composites) The injection moulding conditions used were: cylinder temperature profile (four heating zones), 180-185-190-195 °C; cycle time, around 60 s; mould temperature, 40 °C.
0	(title:Novel automated method for evaluating the morphological changes of cellulose fibres during extrusion-compounding of plastic-matrix composites) Due to the different flow properties of composites (derived from their different composition), injection rate, as well as injection and holding pressures and times were set for each composite formulation in order to get a melt viscosity which allowed the filling of the mold in the smoothest way and hence minimized the mechanical attrition that could arise from the injection molding process.
0	(title:Novel automated method for evaluating the morphological changes of cellulose fibres during extrusion-compounding of plastic-matrix composites) Cavity pressure curves registered on-line were used to adjust molding conditions to the smoothest possible ones for each composite formulation (such as corresponding to the lower pressures which still allow for a complete filling of the mold).
0	(title:Novel automated method for evaluating the morphological changes of cellulose fibres during extrusion-compounding of plastic-matrix composites) In this way optimum injection moulding specimens suitable for reliable testing of composite properties were also achieved.
0	(title:Novel automated method for evaluating the morphological changes of cellulose fibres during extrusion-compounding of plastic-matrix composites) The composite samples were taken from 3 different positions along the extruder screws, viz.
0	(title:Novel automated method for evaluating the morphological changes of cellulose fibres during extrusion-compounding of plastic-matrix composites) (position 1) the conveying element located just after the mixing zone found after the first side-feeding port, (position 2) the conveying element located just after the mixing zone found after the second side-feeding port and (position 3) the conveying element located just before the screw tip.
0	(title:Novel automated method for evaluating the morphological changes of cellulose fibres during extrusion-compounding of plastic-matrix composites) The sampling points of the three screw configurations C1, C2 and C3 can be seen in Fig. 3.
0	(title:Novel automated method for evaluating the morphological changes of cellulose fibres during extrusion-compounding of plastic-matrix composites) Cellulose fibres were Soxhlet extracted from the sample with xylene.
0	(title:Novel automated method for evaluating the morphological changes of cellulose fibres during extrusion-compounding of plastic-matrix composites) After being cleaned with petroleum ether and dried, they were dispersed in water by vigorous agitation.
0	(title:Novel automated method for evaluating the morphological changes of cellulose fibres during extrusion-compounding of plastic-matrix composites) An aliquot of fibre dispersion was placed on a glass slide and dried in a convection oven at 100 °C for at least 1 h.
0	(title:Novel automated method for evaluating the morphological changes of cellulose fibres during extrusion-compounding of plastic-matrix composites) Afterwards, they were subjected to image analysis by using a LEICA DMR-XA fluorescence optical microscope (LEICA, Wetzlar, Germany) in combination with a LEICA Q-550 QUANTIMET-2 software (LEICA, Wetzlar, Germany).
0	(title:Novel automated method for evaluating the morphological changes of cellulose fibres during extrusion-compounding of plastic-matrix composites) A software macro was specially developed with the aim of conducting the automatic measurement of the length and diameter of cellulose fibres.
0	(title:Novel automated method for evaluating the morphological changes of cellulose fibres during extrusion-compounding of plastic-matrix composites) Once a particular zone of the glass slide was selected, the macro first measured the fibre lengths on an image taken with a 2.5Â objective and then, it measured the fibre diameters on an image taken with a 20Â objective.
0	(title:Novel automated method for evaluating the morphological changes of cellulose fibres during extrusion-compounding of plastic-matrix composites) Then, the process was repeated in another zone of the glass slide until the whole surface was scanned.
0	(title:Novel automated method for evaluating the morphological changes of cellulose fibres during extrusion-compounding of plastic-matrix composites) In order to ensure the homogeneity of measurements, a standardized procedure was developed, so that every sample was analysed in the same way.
0	(title:Novel automated method for evaluating the morphological changes of cellulose fibres during extrusion-compounding of plastic-matrix composites) According to this procedure, the first image was taken at one of the corners of the slide and, once the length and diameter of fibres were measured, the objective was moved sideways along the x axis, taking images each two steps of the micrometer.
0	(title:Novel automated method for evaluating the morphological changes of cellulose fibres during extrusion-compounding of plastic-matrix composites) When the objective reached the opposite corner, it was moved one micrometer-step along the y axis, and started again moving along the x axis.
0	(title:Novel automated method for evaluating the morphological changes of cellulose fibres during extrusion-compounding of plastic-matrix composites) At the end, the route shown in Fig. 4 was completed.
0	(title:Novel automated method for evaluating the morphological changes of cellulose fibres during extrusion-compounding of plastic-matrix composites) In Fig. 5a an image taken with a 2.5Â objective is shown.
0	(title:Novel automated method for evaluating the morphological changes of cellulose fibres during extrusion-compounding of plastic-matrix composites) The average length of the cellulose fibres in each image was calculated as the ratio between the total length of all of the fibres and the number of fibres in the image.
0	(title:Novel automated method for evaluating the morphological changes of cellulose fibres during extrusion-compounding of plastic-matrix composites) For the determination of the fibre length and the actual number of fibres, the macro distinguished fibres from fines (fibres shorter than 200 lm) and individual fibres from entangled ones, as shown in Fig. 5b.
0	(title:Novel automated method for evaluating the morphological changes of cellulose fibres during extrusion-compounding of plastic-matrix composites) The software counted automatically the number of individual fibres and calculates the length of each one through the calculation of their perimeter and their area, according to Eq.
0	(title:Novel automated method for evaluating the morphological changes of cellulose fibres during extrusion-compounding of plastic-matrix composites) As for the entangled fibres, the program does not calculate the length of each fibre but that of the whole group.
0	(title:Novel automated method for evaluating the morphological changes of cellulose fibres during extrusion-compounding of plastic-matrix composites) Then, the average fibre length of the group is calculated.
0	(title:Novel automated method for evaluating the morphological changes of cellulose fibres during extrusion-compounding of plastic-matrix composites) In some cases, a single fibre can bend and get entangled with itself (f.1 in Fig. 5b ), while in other cases, a fibre can show some few ramifications due to its attrition during melt compounding (f.2 in Fig. 5b ).
0	(title:Novel automated method for evaluating the morphological changes of cellulose fibres during extrusion-compounding of plastic-matrix composites) In order to prevent the program from mistaking these single fibres as groups, the software macro enables the user to easily choose which ''apparently'' entangled fibres are actually groups of fibres and which of them are single ones.
2	(title:Novel automated method for evaluating the morphological changes of cellulose fibres during extrusion-compounding of plastic-matrix composites) At the end, at least 300 fibres have been measured for each sample; experimental standard deviations were quite similar even when measuring more than 700 fibres.
0	(title:Novel automated method for evaluating the morphological changes of cellulose fibres during extrusion-compounding of plastic-matrix composites) Once the length and the diameter of 300 fibres were measured, the average fibre length, the average aspect ratio, the percentage of fines, the percentage of fibres longer than the critical length and the polydispersity index (PDI) were calculated.
0	(title:Novel automated method for evaluating the morphological changes of cellulose fibres during extrusion-compounding of plastic-matrix composites) The latter is a well known parameter commonly used to describe molecular weight distributions of polymers that was tailored as in Eq.
1	(title:Novel automated method for evaluating the morphological changes of cellulose fibres during extrusion-compounding of plastic-matrix composites) (2) (where L w is the weight average length and L n is the number average length) for the characterization of fibre length distribution. results were obtained and no reliable relationships could be found between composite properties and fibre morphology.
0	(title:Novel automated method for evaluating the morphological changes of cellulose fibres during extrusion-compounding of plastic-matrix composites) As for the rest of parameters, only fibres longer than 200 lm were considered.
0	(title:Novel automated method for evaluating the morphological changes of cellulose fibres during extrusion-compounding of plastic-matrix composites) For the determination of critical fibre length the method described by Templeton was used.
1	(title:Novel automated method for evaluating the morphological changes of cellulose fibres during extrusion-compounding of plastic-matrix composites) Critical fibre length is an important factor for the strength of composites because it indicates the minimum fibre length required for a fibre to build up a certain reinforcement in a composite material.
2	(title:Novel automated method for evaluating the morphological changes of cellulose fibres during extrusion-compounding of plastic-matrix composites) According to Templeton's method, the critical fibre length can be calculated as the double of the average length of the longest fibres that protrude from the fracture surface of a series of 20 specimens after tensile tests.
0	(title:Novel automated method for evaluating the morphological changes of cellulose fibres during extrusion-compounding of plastic-matrix composites) For that purpose, ISO 3167 injection moulding specimens were subjected to tensile testing using a universal testing machine (INSTRON 1011, High Wycombe, UK), following the ISO 527 standard.
0	(title:Novel automated method for evaluating the morphological changes of cellulose fibres during extrusion-compounding of plastic-matrix composites) Images of the fracture surface of these specimens were taken using a LEICA TCS-SP2-AOBS confocal laser microscope (LEICA, Wetzlar, Germany) and analysed using the LEICA QWIN software.
0	(title:Novel automated method for evaluating the morphological changes of cellulose fibres during extrusion-compounding of plastic-matrix composites) Another software macro, specially developed for this application, allowed the automated measurement of the critical fibre length.
2	(title:Novel automated method for evaluating the morphological changes of cellulose fibres during extrusion-compounding of plastic-matrix composites) Values reported in Table 3 for tensile properties are the average of 6 specimens.
0	(title:Novel automated method for evaluating the morphological changes of cellulose fibres during extrusion-compounding of plastic-matrix composites) Modulus of elasticity was determined at a crosshead rate of 1 mm/min, whereas the rest of tensile properties were determined at a crosshead rate of 5 mm/min. Standard deviations were calculated and are put in parenthesis.
0	(title:Novel automated method for evaluating the morphological changes of cellulose fibres during extrusion-compounding of plastic-matrix composites) The validity of the novel method for performing the analysis of the morphological changes of cellulose fibres during the compounding of cellulose-reinforced composites was tested against the extrusion-compounding process described above.
0	(title:Novel automated method for evaluating the morphological changes of cellulose fibres during extrusion-compounding of plastic-matrix composites) The different fibre characterization parameters of the bleached Eucalyptus cellulose fibres after being subjected to compounding were therefore determined.
2	(title:Novel automated method for evaluating the morphological changes of cellulose fibres during extrusion-compounding of plastic-matrix composites) Table 2 shows the values of the fibre characterization parameters determined for the bleached Eucalyptus cellulose fibres of the different composites at each one of the three sampling points used.
2	(title:Novel automated method for evaluating the morphological changes of cellulose fibres during extrusion-compounding of plastic-matrix composites) The experimental results show a substantial variability, which is mainly due to the wide fibre length distribution of cellulose fibres themselves, as a consequence of their natural origin.
2	(title:Novel automated method for evaluating the morphological changes of cellulose fibres during extrusion-compounding of plastic-matrix composites) Fig. 6 illustrates the general behaviour observed, shows the fibre length distribution of cellulose fibres extracted from 40 wt% fibres-containing composites compounded with the C1 screw configuration.
0	(title:Novel automated method for evaluating the morphological changes of cellulose fibres during extrusion-compounding of plastic-matrix composites) The wide range of existing fibre lengths can be observed.
2	(title:Novel automated method for evaluating the morphological changes of cellulose fibres during extrusion-compounding of plastic-matrix composites) As the material moves forward along the extruder (from the first to the last sampling point), the presence of fibres with high length (more than 800 lm) generally decreases and the fines content clearly increases, specially at the last sampling point, probably due to the breakage of the longer fibres.
2	(title:Novel automated method for evaluating the morphological changes of cellulose fibres during extrusion-compounding of plastic-matrix composites) While in some cases no average fibre length reduction is observed between a sampling point farther from the die plate and another closer to it (see Table 2 ), the average fibre length show an overall decreasing trend as the material moves forward along the extruder, thus evidencing the increasing fibre damage that takes place as compounding progresses.
1	(title:Novel automated method for evaluating the morphological changes of cellulose fibres during extrusion-compounding of plastic-matrix composites) A similar trend has been also found in a recent work focused on the compounding by extrusion of polycaprolactone/ hemp composites.
1	(title:Novel automated method for evaluating the morphological changes of cellulose fibres during extrusion-compounding of plastic-matrix composites) However, the fibre damage does not result in relevant changes in the distribution of fibre lengths, as revealed in the rather similar polydispersity index (PDI) values obtained.
2	(title:Novel automated method for evaluating the morphological changes of cellulose fibres during extrusion-compounding of plastic-matrix composites) As can be seen in Table 2 , the values of the percentage of fibres longer than the critical length (L c ) show a quite clear decreasing trend as the material moves forward along the extruder for every screw configuration, thus highlighting the mechanical degradation (fibre breakage) experienced by cellulose fibres as compounding progresses.
2	(title:Novel automated method for evaluating the morphological changes of cellulose fibres during extrusion-compounding of plastic-matrix composites) As for the fibre aspect ratio (L/D) an overall decreasing trend as the material moves forward along the extruder for every screw configuration is also observed in Table 2.
0	(title:Novel automated method for evaluating the morphological changes of cellulose fibres during extrusion-compounding of plastic-matrix composites) However, in some cases, some unexpected aspect ratio values are found.
0	(title:Novel automated method for evaluating the morphological changes of cellulose fibres during extrusion-compounding of plastic-matrix composites) This may be due to the very wide diameter distribution of the cellulose fibres used in this work (ranging between 13 and 19.3 lm), which would be giving rise to the deviations observed, thus making difficult the determination of the effects of composite composition and processing conditions on the mechanical degradation of cellulose fibres through this parameter.
1	(title:Novel automated method for evaluating the morphological changes of cellulose fibres during extrusion-compounding of plastic-matrix composites) Terenzi et al. found an aspect ratio distribution similar to fibre length distribution for LINCELL A cellulose fibres/PP composites, but these fibres had a constant diameter.
1	(title:Novel automated method for evaluating the morphological changes of cellulose fibres during extrusion-compounding of plastic-matrix composites) Berzin et al. also found that, along the screws of the extruder, aspect ratio follows the same evolution as average length for polycaprolactone/hemp composites.
0	(title:Novel automated method for evaluating the morphological changes of cellulose fibres during extrusion-compounding of plastic-matrix composites) However, in a previous study, a different result was obtained.
1	(title:Novel automated method for evaluating the morphological changes of cellulose fibres during extrusion-compounding of plastic-matrix composites) It suggested that fibre diameters could have been reduced at an unrelated rate relative to fibre lengths.
2	(title:Novel automated method for evaluating the morphological changes of cellulose fibres during extrusion-compounding of plastic-matrix composites) Fig. 7 shows the average fibre length experimental results obtained for the fibres extracted from the 30, 40 and 50 wt% cellulose fibre/PP composites.
2	(title:Novel automated method for evaluating the morphological changes of cellulose fibres during extrusion-compounding of plastic-matrix composites) In addition to the gradual fibre degradation process occurring along the extruder for every screw configuration, it can also be observed that a substantial reduction of the average fibre length took place in the extruder compression zone (between sampling points 2 and 3) for high cellulose fibre contents (40 an 50 wt%).
2	(title:Novel automated method for evaluating the morphological changes of cellulose fibres during extrusion-compounding of plastic-matrix composites) Thus, a reduction from 719.5, 758.9 and 779.8 lm to 652.2, 694.6 and 745.2 lm took place in the compression zone for 40 wt% cellulose fibre/PP composites compounded with screw configurations C1, C2 and C3, respectively.
2	(title:Novel automated method for evaluating the morphological changes of cellulose fibres during extrusion-compounding of plastic-matrix composites) For 50 wt% cellulose fibre/PP composites, a reduction from 745.2, 780.2 and 761.2 lm to 693.3, 732.0 and 607.9 lm was registered for screw configurations C1, C2 and C3, respectively.
1	(title:Novel automated method for evaluating the morphological changes of cellulose fibres during extrusion-compounding of plastic-matrix composites) At high fibre contents, the composite melt viscosity is increased, thus inducing higher stresses and mechanical energy which result in higher fibre breakage.
2	(title:Novel automated method for evaluating the morphological changes of cellulose fibres during extrusion-compounding of plastic-matrix composites) The increase in melt viscosity leads to higher pressure in the extruder compression zone, as proven by the pressure values registered for composites with 40 and 50 wt% of fibres, which ranged between 27 and 50 bar depending on screw configuration, while for composites containing a 30 wt% of fibres those pressure values ranged between 17 to 22 bar.
0	(title:Novel automated method for evaluating the morphological changes of cellulose fibres during extrusion-compounding of plastic-matrix composites) However, the standard deviation of the average fibre length values along with the wide cellulose fibre length distribution makes difficult a further analysis of the effects of the different screw configurations on the basis of the average fibre length values alone.
2	(title:Novel automated method for evaluating the morphological changes of cellulose fibres during extrusion-compounding of plastic-matrix composites) Some discrepancies can be found between the average fibre length values measured at several sampling points for extruded composites and the average fibre length value of the cellulose fibres used as raw material.
1	(title:Novel automated method for evaluating the morphological changes of cellulose fibres during extrusion-compounding of plastic-matrix composites) While it has been reported that the average length of the fibre after processing has been shown to be independent of the initial fibre length  , the observed discrepancies could be attributed to the experimental variability arising from the natural origin of cellulose fibres.
0	(title:Novel automated method for evaluating the morphological changes of cellulose fibres during extrusion-compounding of plastic-matrix composites) Therefore, it is advisable to pay also attention to other fibre characterization parameters in order to draw further conclusions to this regard.
2	(title:Novel automated method for evaluating the morphological changes of cellulose fibres during extrusion-compounding of plastic-matrix composites) Fig. 8 shows the fibre critical length values and the variation of the percentage of fibres longer than the critical length (% L > L c ) of composites reinforced with 30, 40 and 50 wt% of cellulose fibres, respectively.
1	(title:Novel automated method for evaluating the morphological changes of cellulose fibres during extrusion-compounding of plastic-matrix composites) The variation of the critical fibre length values can be considered as consistent with the changes in the parameters, taking into account that the magnitude of the fibre critical length depends on the interfacial shearing forces bore by the fibre during processing (such as those exerted by the polymeric matrix, the screw and the rest of the fibres).
2	(title:Novel automated method for evaluating the morphological changes of cellulose fibres during extrusion-compounding of plastic-matrix composites) A consistent decreasing trend of the % L > L c can be observed at sampling point 1 when screw configuration changes from C1 to C2.
0	(title:Novel automated method for evaluating the morphological changes of cellulose fibres during extrusion-compounding of plastic-matrix composites) Sampling point 1 allows for analyzing the fibre morphological changes caused by the distinct mixing zone used for screw configurations C1 and C2 (i.e. that is located just after the cellulose fibres' side feeding port, as shown in Fig. 1 ).
1	(title:Novel automated method for evaluating the morphological changes of cellulose fibres during extrusion-compounding of plastic-matrix composites) According to this behaviour, the three kneading blocks present in this extruder section for configuration C1 would be more effective in preserving the integrity of the longer fibres than the two toothed blocks present in this extruder section for configuration C2.
1	(title:Novel automated method for evaluating the morphological changes of cellulose fibres during extrusion-compounding of plastic-matrix composites) The observed behaviour could be due to the tearing of cellulose fibre walls by the teeth of the C2 screw configuration toothed blocks, thus tearing off wall fragments and reducing the cellulose fibre diameter at specific points along the fibre length.
1	(title:Novel automated method for evaluating the morphological changes of cellulose fibres during extrusion-compounding of plastic-matrix composites) This diameter reduction would be giving rise to the weakening of fibres.
1	(title:Novel automated method for evaluating the morphological changes of cellulose fibres during extrusion-compounding of plastic-matrix composites) This along with the usual shearing forces bore by the fibres during compounding would be shortening the longest fibres in fibres with lengths preferentially under the critical length.
1	(title:Novel automated method for evaluating the morphological changes of cellulose fibres during extrusion-compounding of plastic-matrix composites) While it could be expected at first that kneading blocks present in configuration C1 would severely be cutting the longest cellulose fibres in shorter ones due to the intensive high shearing forces provided by them, it seems that the effects of the cellulose fibre wall tearing off induced by the toothed blocks present in configuration C2 at several fibre points prevailed in this case.
2	(title:Novel automated method for evaluating the morphological changes of cellulose fibres during extrusion-compounding of plastic-matrix composites) Data from sampling point 2 (see Fig. 8 ) show that the % L > L c of the fibres extracted from composites compounded with the C1 and C2 configurations are lower than those of the fibres from composites compounded with the C3 configuration, as might be expected.
1	(title:Novel automated method for evaluating the morphological changes of cellulose fibres during extrusion-compounding of plastic-matrix composites) The lower amount of shearing stresses bore by the fibres compounded with the C3 configuration as a consequence of their introduction into the extruder barrel through a side feeding port located farther than the one used for the C1 and C2 configurations explains this behaviour.
2	(title:Novel automated method for evaluating the morphological changes of cellulose fibres during extrusion-compounding of plastic-matrix composites) Fig. 8 also shows that fibres extracted from composites compounded with the C2 configuration generally have lower % L > L c at sampling point 2 than those extracted from com- posites compounded with the C1 configuration.
1	(title:Novel automated method for evaluating the morphological changes of cellulose fibres during extrusion-compounding of plastic-matrix composites) This behaviour could be mainly attributed to the aforementioned effects of the cellulose fibre wall tearing off induced by the toothed blocks present in configuration C2.
2	(title:Novel automated method for evaluating the morphological changes of cellulose fibres during extrusion-compounding of plastic-matrix composites) On the other hand, by comparing the values of the % L > L c at sampling points 2 and 3, it can be observed that the fibres extracted from composites compounded with screw configurations C1 and C2 generally experience a lower decrease of this fibre characterization parameter than those compounded with the C3 screw configuration.
1	(title:Novel automated method for evaluating the morphological changes of cellulose fibres during extrusion-compounding of plastic-matrix composites) It seems that cellulose fibres that reach the extruder compression zone with a larger damage (those corresponding to composites compounded with C1 and C2 screw configurations) suffer less attrition in this zone than fibres that reach this zone with a lower damage (those corresponding to composites compounded with C3 screw configuration).
1	(title:Novel automated method for evaluating the morphological changes of cellulose fibres during extrusion-compounding of plastic-matrix composites) The high shear stresses existing in the compression zone due to the high filling degree at this zone appears to be responsible for the observed severe shortening of the longest cellulose fibres in the compression zone, and hence tends to ruin the screw configuration changes made for preserving the cellulose fibres integrity.
1	(title:Novel automated method for evaluating the morphological changes of cellulose fibres during extrusion-compounding of plastic-matrix composites) For bamboo fibres it has also been found that the longer the fibres were the more they were broken after the process used for biocomposite production.
0	(title:Novel automated method for evaluating the morphological changes of cellulose fibres during extrusion-compounding of plastic-matrix composites) Therefore, it would be advisable to address the design of the compression zone of the extruders used for compounding cellulosereinforced composites in order to keep shear stresses as low as possible.
0	(title:Novel automated method for evaluating the morphological changes of cellulose fibres during extrusion-compounding of plastic-matrix composites) Use of any kind of mixing blocks (whether toothed or kneading ones) in the compression zone should also be avoided.
2	(title:Novel automated method for evaluating the morphological changes of cellulose fibres during extrusion-compounding of plastic-matrix composites) Fig. 9 shows the variation of the percentage of fines along the extruder as a function of fibre content for each of the three screw configurations used.
1	(title:Novel automated method for evaluating the morphological changes of cellulose fibres during extrusion-compounding of plastic-matrix composites) Generally, the more cellulose fibre content the higher the fibre damage and thus the higher the percentage of fines.
2	(title:Novel automated method for evaluating the morphological changes of cellulose fibres during extrusion-compounding of plastic-matrix composites) Only 50 wt% fibre-containing composites coming from the first and last sampling points compounded with the C2 screw configuration and 40 wt% fibre-containing composites coming from the last sampling point compounded with the C3 screw configuration showed noticeable deviations from the overall trend observed.
1	(title:Novel automated method for evaluating the morphological changes of cellulose fibres during extrusion-compounding of plastic-matrix composites) Some authors found for flax/PP composites fibre damage reductions when the fibre concentration decreases.
2	(title:Novel automated method for evaluating the morphological changes of cellulose fibres during extrusion-compounding of plastic-matrix composites) The aforementioned experimental results variability along with the slight decrease of the percentage of fibres longer than the critical length occurring at the compression zone of the C2 configuration for 50 wt% fibre-containing composites might explain the deviations observed.
2	(title:Novel automated method for evaluating the morphological changes of cellulose fibres during extrusion-compounding of plastic-matrix composites) Analysis of the data variation of the percentage of cellulose fibres longer than the critical length along the extruder as a function of fibre content confirmed the overall behaviour observed and the hypothesis suggested for explaining it.
0	(title:Novel automated method for evaluating the morphological changes of cellulose fibres during extrusion-compounding of plastic-matrix composites) Bearing in mind that extrusion compounding has been found to be the process step causing the most fibre breakage in the composites production process  , whereas the injection moulding process does not seem to damage the fibres a lot further  , it was assumed that pelletizing and injection moulding steps would be causing a similar fibre damage regardless of the screw configuration used during extrusion.
2	(title:Novel automated method for evaluating the morphological changes of cellulose fibres during extrusion-compounding of plastic-matrix composites) Hence, data of fibre characterization parameters shown in Table 2 were thoroughly analysed along with the tensile properties data of injection moulded composites (Table 3 ), with the aim of ascertaining if some relationships could be enlightened between both of them.
2	(title:Novel automated method for evaluating the morphological changes of cellulose fibres during extrusion-compounding of plastic-matrix composites) When the relative difference of the average length of fibres extracted from the composites was well over 10%, there was found that the average length and tensile strength differences registered for 40 and 50 wt% reinforced composites compounded with the C1 and C3 configurations matched well.
2	(title:Novel automated method for evaluating the morphological changes of cellulose fibres during extrusion-compounding of plastic-matrix composites) Thus, 40 wt% fibre-containing composites compounded with the C1 configuration, which showed a final average length (652.2 lm) lower than that of composites compounded with the C3 configuration (745.2 lm), exhibited a lower tensile strength (29.3 MPa) than the one of composites compounded with the C3 configuration (30.6 MPa).
2	(title:Novel automated method for evaluating the morphological changes of cellulose fibres during extrusion-compounding of plastic-matrix composites) On the other hand, 50 wt% fibre-containing composites compounded with the C1 configuration, which showed a final average length (693.3 lm) greater than that of composites compounded with the C3 configuration (607.9 lm), exhibited a greater tensile strength (29.1 MPa) than the one of composites compounded with the C3 configuration (25.1 MPa).
1	(title:Novel automated method for evaluating the morphological changes of cellulose fibres during extrusion-compounding of plastic-matrix composites) Other relationships between some of the fibre characterization parameters (percentage of fibres longer than the critical length, percentage of fines and fibre average length) and tensile properties can be found by analyzing the experimental data, thus showing that the novel method could help to further explanations about the cellulose-reinforced composite properties occurring.
0	(title:Novel automated method for evaluating the morphological changes of cellulose fibres during extrusion-compounding of plastic-matrix composites) However, their discussion is considered to be beyond of the scope of this paper.
1	(title:Novel automated method for evaluating the morphological changes of cellulose fibres during extrusion-compounding of plastic-matrix composites) 1. The novel automated method developed for determining the fibre geometrical parameters proved its ability for explaining the effects of screw configurations on the morphological changes bore by the cellulose fibres during composites compounding, while showing great advantages over the previous manual methods.
0	(title:Novel automated method for evaluating the morphological changes of cellulose fibres during extrusion-compounding of plastic-matrix composites) Nevertheless, in some cases, it was still difficult to cope with the great experimental variability derived from the natural origin of cellulose fibres.
0	(title:Novel automated method for evaluating the morphological changes of cellulose fibres during extrusion-compounding of plastic-matrix composites) 2. The high shear stresses existing in the compression zone used, tended to ruin the screw configuration changes made for preserving cellulose fibres integrity.
0	(title:Novel automated method for evaluating the morphological changes of cellulose fibres during extrusion-compounding of plastic-matrix composites) Therefore, use of any kind of mixing blocks (whether toothed or kneading blocks) in the compression zone of extruders used for compounding of cellulose-reinforced composites should be avoided and efforts for designing compression zones where the shear stresses keep as low as possible should be done.
0	(title:Novel automated method for evaluating the morphological changes of cellulose fibres during extrusion-compounding of plastic-matrix composites) 3. From all the fibre characterization parameters available for analyzing cellulose fibre morphological changes during composites compounding, the percentage of fibres longer than the critical length, the percentage of fines and the average fibre length are the ones that generally better enable one distinguish the effects of differences in composite composition and processing conditions.
1	(title:Novel automated method for evaluating the morphological changes of cellulose fibres during extrusion-compounding of plastic-matrix composites) The determination of the percentage of fibres longer than the critical length enables the highlighting of the mechanical degradation of cellulose fibres during compounding.
0	(title:Novel automated method for evaluating the morphological changes of cellulose fibres during extrusion-compounding of plastic-matrix composites) When the cellulose fibre diameters differ greatly between individual fibres, the fibre aspect ratio is not a reliable parameter for ascertaining the effects of differences in composition and processing conditions on the mechanical degradation of cellulose fibres.
1	(title:Novel automated method for evaluating the morphological changes of cellulose fibres during extrusion-compounding of plastic-matrix composites) 4. As cellulose fibre content increases, the percentage of fibres longer than the critical length at the screw tip decrease, while the percentage of fines increases.
1	(title:Novel automated method for evaluating the morphological changes of cellulose fibres during extrusion-compounding of plastic-matrix composites) Data of the variation of the percentage of fines along the extruder exhibit a more clear correlation with the differences in fibre content of composites.
1	(title:Novel automated method for evaluating the morphological changes of cellulose fibres during extrusion-compounding of plastic-matrix composites) 5. Relationships found between tensile properties of composites and fibre characterization parameters showed that the novel method can also be helpful for explaining the effects of composition and processing on composite properties.
0	(title:Novel automated method for evaluating the morphological changes of cellulose fibres during extrusion-compounding of plastic-matrix composites) C. González-Sánchez, M. González-Quesada / Composites: Part A 69 (2015) 1-9
1	(title:Cellulose-Degrading Strains: their Screening and Application to Corn Straw in Low-Temperature Environments) Cellulose-degrading strains play an important role in cellulose degradation at low temperatures.
1	(title:Cellulose-Degrading Strains: their Screening and Application to Corn Straw in Low-Temperature Environments) In this study, three cellulose-degrading strains with high carboxymethyl cellulase (CMCase) activity were isolated from the soil in a low temperature environment of 10ºC. ZS-7 was Cladosporium sp, ZS-8 was Alternaria porri, and ZS-10 was Trichoderma harzianum, based on 16s rDNA gene sequence analysis.
0	(title:Cellulose-Degrading Strains: their Screening and Application to Corn Straw in Low-Temperature Environments) They were mixed, marked as ZS-M, and used for corn straw degradation at 15ºC in order to determine their application properties.
2	(title:Cellulose-Degrading Strains: their Screening and Application to Corn Straw in Low-Temperature Environments) ZS-7, ZS-8, ZS-10, and ZS-M efficiently degraded corn straw by 45.98%, 47.96%, 34.215%, and 33.56%, respectively, after 30 days of stationary culture.
2	(title:Cellulose-Degrading Strains: their Screening and Application to Corn Straw in Low-Temperature Environments) The dynamics of CMC, β-Glucosidase, and FPA during corn straw degradation were determined.
2	(title:Cellulose-Degrading Strains: their Screening and Application to Corn Straw in Low-Temperature Environments) The CMCase activity of ZS-7 and ZS-8 was 31.732 U/ml and 31.111 U/ml, respectively, but the enzyme activities and degradation of ZS-M were lower than the single strain because of metabolic effects that influenced the degradation process.
2	(title:Cellulose-Degrading Strains: their Screening and Application to Corn Straw in Low-Temperature Environments) The pH values of ZS-7, ZS-10, and ZS-M were particularly stable, changing from 7.08 to 7.77 during the full degradation cycle.
1	(title:Cellulose-Degrading Strains: their Screening and Application to Corn Straw in Low-Temperature Environments) ZS-7, ZS-8, and ZS-10 could be applied more broadly to degrade corn straw in cold regions.
0	(title:Cellulose-Degrading Strains: their Screening and Application to Corn Straw in Low-Temperature Environments) Agricultural residues are the most readily available source of lignocellulosic biomass in the world and, therefore, the materials of highest interest for the production of bio-fuels, chemicals, and polymeric materials.
0	(title:Cellulose-Degrading Strains: their Screening and Application to Corn Straw in Low-Temperature Environments) In China, an annual total of 700 million tons of agricultural residues are produced from rice, wheat, corn, and soybean, accounting for 20-30% of the world's total production.
0	(title:Cellulose-Degrading Strains: their Screening and Application to Corn Straw in Low-Temperature Environments) Because the crystalline structure of their remains is composed of hemicellulose, cellulose, and lignin, it is very difficult to break down and degrade naturally.
0	(title:Cellulose-Degrading Strains: their Screening and Application to Corn Straw in Low-Temperature Environments) Most remaining straw or husk is destroyed, buried, or burned, resulting in resource waste and environmental pollution.
0	(title:Cellulose-Degrading Strains: their Screening and Application to Corn Straw in Low-Temperature Environments) Therefore, the question of how to use this resource effectively becomes more and more important  and biological pretreatments have the advantage of being less expensive and more environmentally friendly compared to mechanical, chemical, thermal, and thermo-chemical treatments.
1	(title:Cellulose-Degrading Strains: their Screening and Application to Corn Straw in Low-Temperature Environments) In recent years, researchers have begun to pay attention to various cellulose-degrading bacteria given their fast growth, expression of multienzyme complexes, and resistance to extreme environments.
0	(title:Cellulose-Degrading Strains: their Screening and Application to Corn Straw in Low-Temperature Environments) Microbial systems found in the gut of organisms that thrive on cellulosic biomass provide the best source.
0	(title:Cellulose-Degrading Strains: their Screening and Application to Corn Straw in Low-Temperature Environments) There have been many studies of cellulose-degrading bacteria and they mostly concentrate on mesophilic or thermophilic bacteria.
1	(title:Cellulose-Degrading Strains: their Screening and Application to Corn Straw in Low-Temperature Environments) Under low temperatures, the activity of microorganisms is weak; thus, in the colder regions of China, the initial stage temperature of composting cannot increase rapidly and agricultural residues are not quickly or effectively degraded.
0	(title:Cellulose-Degrading Strains: their Screening and Application to Corn Straw in Low-Temperature Environments) However, few studies have focused on cellulosedegrading bacteria under low-temperature conditions.
0	(title:Cellulose-Degrading Strains: their Screening and Application to Corn Straw in Low-Temperature Environments) The aims of this study were to: 1) isolate cellulosedegrading strains from the soil in a cold region of China, 2) directly apply the screened strains to corn straw under low temperatures and measure their degradation index, and 3) analyze their enzymatic properties to understand their potential value for applications.
0	(title:Cellulose-Degrading Strains: their Screening and Application to Corn Straw in Low-Temperature Environments) Soil samples were collected 5-10 cm below the surface at the Experimental Farm of Northeast Agricultural University (Harbin, China).
0	(title:Cellulose-Degrading Strains: their Screening and Application to Corn Straw in Low-Temperature Environments) The mixed samples were placed in a pre-sterilized bag that was stored in a refrigerator at 4ºC.
0	(title:Cellulose-Degrading Strains: their Screening and Application to Corn Straw in Low-Temperature Environments) Filter paper was cut into 6-cm long and 1-cm wide pieces, then submerged in 1% (w/v) acetic acid at room temperature for 24 hours, rinsed with distilled water to neutralize pH, and oven-dried at 80°C.
0	(title:Cellulose-Degrading Strains: their Screening and Application to Corn Straw in Low-Temperature Environments) The filter enrichment culture medium was 1.0 g/l KH 2 PO 4 , 2.5 g/l NaNO 3 , 0.3 g/l MgSO 4 • 7H 2 O, 0.1 g/l CaCl 2 , 0.1 g/l NaCl, 0.01 g/l FeCl 3 , and 10 g/l treated filter paper.
0	(title:Cellulose-Degrading Strains: their Screening and Application to Corn Straw in Low-Temperature Environments) The medium was autoclaved at 121ºC for 30 minutes. A 1 g soil sample was inoculated into a 100 ml flask along with 50 ml of medium.
0	(title:Cellulose-Degrading Strains: their Screening and Application to Corn Straw in Low-Temperature Environments) Limited cultivation was carried out by way of horizontal shaking movement (120 rpm) in the dark at 10ºC with three replications.
0	(title:Cellulose-Degrading Strains: their Screening and Application to Corn Straw in Low-Temperature Environments) After a 7-day cultivation, 5 ml of well-blended culture fluid was transferred to a new 100 ml flask with 50 ml of medium and incubated under the same conditions.
0	(title:Cellulose-Degrading Strains: their Screening and Application to Corn Straw in Low-Temperature Environments) During the process, successive transfers were continued every 7 days, and replications without effective degradation capacity were eliminated.
0	(title:Cellulose-Degrading Strains: their Screening and Application to Corn Straw in Low-Temperature Environments) Fifteen weeks of samples were preserved for further screening.
0	(title:Cellulose-Degrading Strains: their Screening and Application to Corn Straw in Low-Temperature Environments) The samples were made into five dilutions of sterile water: 10 -3 , 10 -4 , 10 -5 , 10 -6 , and 10 -7.
0	(title:Cellulose-Degrading Strains: their Screening and Application to Corn Straw in Low-Temperature Environments) 100 μl of each dilution was spread onto the isolation medium CMC plate, which consisted of: 15 g/l CMC-Na, 1 g/l NH 4 NO 3 , 0.5 g/l MgSO 4 •7H 2 O, 1 g/l KH 2 PO 4 , 1 g/l yeast extract, and 20 g/l agar.
0	(title:Cellulose-Degrading Strains: their Screening and Application to Corn Straw in Low-Temperature Environments) The CMC plates were placed in an incubator at 10ºC for one week.
0	(title:Cellulose-Degrading Strains: their Screening and Application to Corn Straw in Low-Temperature Environments) The morphologically identified single colonies were selected with an inoculating needle and inoculated onto CMC plates.
0	(title:Cellulose-Degrading Strains: their Screening and Application to Corn Straw in Low-Temperature Environments) The purified isolates were then preserved at 4ºC until needed.
0	(title:Cellulose-Degrading Strains: their Screening and Application to Corn Straw in Low-Temperature Environments) Stock isolates were stored at -80ºC.
0	(title:Cellulose-Degrading Strains: their Screening and Application to Corn Straw in Low-Temperature Environments) Strains were screened for cellulose activity using a Congo-red stain agarose plate technique  with CMC plates of isolation medium.
2	(title:Cellulose-Degrading Strains: their Screening and Application to Corn Straw in Low-Temperature Environments) The hydrolyzing zones were visible around the strains, indicating that the strains exhibited potential for degrading CMC.
0	(title:Cellulose-Degrading Strains: their Screening and Application to Corn Straw in Low-Temperature Environments) Strains were further screened by determining carboxymethyl cellulase (CMCase) activity.
0	(title:Cellulose-Degrading Strains: their Screening and Application to Corn Straw in Low-Temperature Environments) Strains were then removed and placed into the filter enrichment culture medium and cultivation was carried out with a horizontal shaking movement (120 rpm) in the dark at 10ºC for 3 days.
0	(title:Cellulose-Degrading Strains: their Screening and Application to Corn Straw in Low-Temperature Environments) The fermentation broth was centrifuged at 5,000 rpm for 15 minutes.
0	(title:Cellulose-Degrading Strains: their Screening and Application to Corn Straw in Low-Temperature Environments) The resulting supernatant was used for enzyme analysis, and the enzyme activities were determined by measuring the release of reducing glucose from the substrates 1% (w/v) sodium carboxymethyl cellulose.
0	(title:Cellulose-Degrading Strains: their Screening and Application to Corn Straw in Low-Temperature Environments) Crude enzyme samples were obtained from the filtrates of the filter enrichment medium cultures.
0	(title:Cellulose-Degrading Strains: their Screening and Application to Corn Straw in Low-Temperature Environments) The enzyme activities were analyzed using the 3,5-dinitrosalicylic acid (DNS) method previously described.
0	(title:Cellulose-Degrading Strains: their Screening and Application to Corn Straw in Low-Temperature Environments) All assays were performed in triplicate with negative controls. One unit of enzyme activity was defined as the amount of cellulase-produced glucose assuming 1%-degraded 1ml enzyme sample substrates at 50ºC and 4.8 pH.
0	(title:Cellulose-Degrading Strains: their Screening and Application to Corn Straw in Low-Temperature Environments) The identification of strains was accomplished by observing the results of biochemical reactions and 16s or 18s rDNA sequencing.
0	(title:Cellulose-Degrading Strains: their Screening and Application to Corn Straw in Low-Temperature Environments) The DNA extraction, 16s or 18s PCR amplification, and 3,730 sequencing were determined by Beijing Huada Gene Company (Beijing, PR China).
0	(title:Cellulose-Degrading Strains: their Screening and Application to Corn Straw in Low-Temperature Environments) The resulting sequences were compared with those in the National Center for Biotechnology Information (NCBI) GenBank using the BLAST program.
0	(title:Cellulose-Degrading Strains: their Screening and Application to Corn Straw in Low-Temperature Environments) A phylogenetic tree was constructed with the neighbor-joining method in the MEGA program ver. 4.0..
0	(title:Cellulose-Degrading Strains: their Screening and Application to Corn Straw in Low-Temperature Environments) The dominant strains cross on the isolation medium plate but do not overlap by a sterile inoculation ring.
0	(title:Cellulose-Degrading Strains: their Screening and Application to Corn Straw in Low-Temperature Environments) Each sample was replicated three times with a single strain control.
0	(title:Cellulose-Degrading Strains: their Screening and Application to Corn Straw in Low-Temperature Environments) And incubated in a thermostatic incubator at 10ºC until significant changes in colonies could be observed.
1	(title:Cellulose-Degrading Strains: their Screening and Application to Corn Straw in Low-Temperature Environments) The strains, under normal growth, proved not to be antagonistic; otherwise, antagonistic.
0	(title:Cellulose-Degrading Strains: their Screening and Application to Corn Straw in Low-Temperature Environments) Corn straw was obtained from the Experimental Farm of Northeast Agricultural University (Harbin, China).
0	(title:Cellulose-Degrading Strains: their Screening and Application to Corn Straw in Low-Temperature Environments) The straw, which carried no diseases or contaminating insects, was air dried.
0	(title:Cellulose-Degrading Strains: their Screening and Application to Corn Straw in Low-Temperature Environments) A whole plant, including leaves and stalks, was cut into 1x3 cm pieces, then submerged in 1% (w/v) sodium hydroxide at room temperature for 24 hours, washed with distilled water to neutral pH, and oven-dried at 60°C.
0	(title:Cellulose-Degrading Strains: their Screening and Application to Corn Straw in Low-Temperature Environments) The corn straw culture medium was 1.0 g/l KH 2 PO 4 , 2.5 g/l NaNO 3 , 0.3 g/l MgSO 4 • 7H 2 O, 0.1 g/l CaCl 2 , 0.1 g/l NaCl, 0.01 g/l FeCl 3 , and 10 g/l treated corn straw.
0	(title:Cellulose-Degrading Strains: their Screening and Application to Corn Straw in Low-Temperature Environments) The dominant strains were cultured separately and all non-antagonized strains were mixed and cultured.
0	(title:Cellulose-Degrading Strains: their Screening and Application to Corn Straw in Low-Temperature Environments) A seed volume of 10% was inoculated into a 75 ml corn straw culture medium, and the medium was cultured under static conditions at 15ºC. Fermentation lasted for 30 days and samples were taken to obtain corn straw degradation on days zero (immediately after inoculation), three, six, nine, 12, 15, 18, 21, 24, 27, and 30.
0	(title:Cellulose-Degrading Strains: their Screening and Application to Corn Straw in Low-Temperature Environments) Each sample was replicated three times with an uninoculated control.
0	(title:Cellulose-Degrading Strains: their Screening and Application to Corn Straw in Low-Temperature Environments) Corn straw degradation was expressed as a percentage of the losses.
0	(title:Cellulose-Degrading Strains: their Screening and Application to Corn Straw in Low-Temperature Environments) Carboxymethyl cellulase (CMCase), β-Glucosidase (β-Gase), and total cellulase activity (filter paper activity, FPA) were determined by measuring the release of reducing glucose from the substrates 1% (w/v) sodium carboxymethylcellulose, 1% (w/v) salicylic acid, and one piece of treated filter paper   , respectively.
0	(title:Cellulose-Degrading Strains: their Screening and Application to Corn Straw in Low-Temperature Environments) Crude enzyme samples were obtained from the filtrates of the cultures.
0	(title:Cellulose-Degrading Strains: their Screening and Application to Corn Straw in Low-Temperature Environments) The enzyme activities were also analyzed using the 3,5-dinitrosalicylic acid (DNS) method previously described.
0	(title:Cellulose-Degrading Strains: their Screening and Application to Corn Straw in Low-Temperature Environments) All assays were performed in triplicate with negative controls.
0	(title:Cellulose-Degrading Strains: their Screening and Application to Corn Straw in Low-Temperature Environments) The OD of the sample was determined with a UV spectrophotometer of UV-1800 at 540 nm, and pH was determined using a compact pH meter (model PHS-25).
0	(title:Cellulose-Degrading Strains: their Screening and Application to Corn Straw in Low-Temperature Environments) To determine the capacity of cellulose degradation for pure and mixed strains, filter paper was substituted for corn straw as the carbon source, and microbes were cultured under the same conditions described above.
0	(title:Cellulose-Degrading Strains: their Screening and Application to Corn Straw in Low-Temperature Environments) Cultured samples (including broth and remaining solids) were transferred to 100 ml centrifuge tubes and centrifuged at 5,000 rpm for 15 minutes.
0	(title:Cellulose-Degrading Strains: their Screening and Application to Corn Straw in Low-Temperature Environments) Precipitates were washed with acetic acid, nitric acid reagent  and water, to remove noncellulosic materials, and centrifuged at 5000 r/min for 15 minutes.
2	(title:Cellulose-Degrading Strains: their Screening and Application to Corn Straw in Low-Temperature Environments) Precipitates were dried at 60ºC and weighed, and the filter paper degradation was expressed as a percentage of the losses.
1	(title:Cellulose-Degrading Strains: their Screening and Application to Corn Straw in Low-Temperature Environments) The cellulose-degrading strains that accelerated corn straw degradation under a low-temperature environment were successfully selected.
1	(title:Cellulose-Degrading Strains: their Screening and Application to Corn Straw in Low-Temperature Environments) Survival and catabolic activity of introduced microorganisms were two key factors for successful introduction into the soil.
0	(title:Cellulose-Degrading Strains: their Screening and Application to Corn Straw in Low-Temperature Environments) In the present study, soil from the field was used as a source of cellulose-degrading strains in the laboratory under low temperature.
0	(title:Cellulose-Degrading Strains: their Screening and Application to Corn Straw in Low-Temperature Environments) A total of 13 strains were isolated from the soil sample.
1	(title:Cellulose-Degrading Strains: their Screening and Application to Corn Straw in Low-Temperature Environments) Through a series of screenings, there were only three strains (ZS-7, ZS-8, and ZS-10) that produced significant amounts of CMCase activity under low-temperature conditions.
2	(title:Cellulose-Degrading Strains: their Screening and Application to Corn Straw in Low-Temperature Environments) The results of Congo-red staining show that D/d of ZS-7, ZS-8, and ZS-10 reached 6.5, 6, and 7, respectively (Table 1 ).
2	(title:Cellulose-Degrading Strains: their Screening and Application to Corn Straw in Low-Temperature Environments) The CMC of ZS-7, ZS-8, and ZS-10 also reached 81.225 U/ml, 65.9 U/ml, and 101.864 U/ml, which were higher than those of the other strains (Fig. 1 ).
0	(title:Cellulose-Degrading Strains: their Screening and Application to Corn Straw in Low-Temperature Environments) These two results seem to be related. These isolates were then kept in a 50% glycerol solution at -80ºC as the stock culture for further studies.
0	(title:Cellulose-Degrading Strains: their Screening and Application to Corn Straw in Low-Temperature Environments) The BLAST results of sequences showed that strain ZS-7 was Cladosporium sp, ZS-8 was Alternaria porri, and ZS-10 was Trichoderma harzianum.
0	(title:Cellulose-Degrading Strains: their Screening and Application to Corn Straw in Low-Temperature Environments) Fig. 2 indicates the relative positions of clones of ZS-7, ZS-8, and ZS-10, as inferred by the NCBI.
1	(title:Cellulose-Degrading Strains: their Screening and Application to Corn Straw in Low-Temperature Environments) By observing and recording the growth of the strains, this study found that ZS-7, ZS-8, and ZS-10 were not antagonized relative to each other; therefore, they can be mixed and cultured for further studies and marked as ZS-M.
0	(title:Cellulose-Degrading Strains: their Screening and Application to Corn Straw in Low-Temperature Environments) The whole experiment was carried out at 15ºC, to ensure low-temperature conditions, and lasted 30 days static cultivation in order to more closely resemble the actual natural degradation environment.
2	(title:Cellulose-Degrading Strains: their Screening and Application to Corn Straw in Low-Temperature Environments) The corn straw degradation of ZS-7, ZS-8, ZS-10, and ZS-M was rapid in the early stages, increasing by 18.64%, 16.84%, 11.08%, and 14.9%, respectively, within six days.
2	(title:Cellulose-Degrading Strains: their Screening and Application to Corn Straw in Low-Temperature Environments) After that, the degradation ratio gradually increased by 45.98%, 47.96%, 34.215%, and 33.56%, respectively, after fermentation for 30 days at 15ºC (Fig. 3 ).
2	(title:Cellulose-Degrading Strains: their Screening and Application to Corn Straw in Low-Temperature Environments) The filter paper decreased by 41.085%, 47.55%, 29.505%, and 30.88% under the same conditions.
0	(title:Cellulose-Degrading Strains: their Screening and Application to Corn Straw in Low-Temperature Environments) There are many similar studies but none of them maintained such a low-temperature environment.
1	(title:Cellulose-Degrading Strains: their Screening and Application to Corn Straw in Low-Temperature Environments) The composite microbial system of MC1 efficiently degraded corn stalks at 50ºC, and Rhodococcus sp. MI 2 degraded cellulose at 25ºC.
0	(title:Cellulose-Degrading Strains: their Screening and Application to Corn Straw in Low-Temperature Environments) The corn straw was cut into 1x3 cm-long pieces that could be returned directly to the field.
1	(title:Cellulose-Degrading Strains: their Screening and Application to Corn Straw in Low-Temperature Environments) The longer the corn straw, the more difficult the degradation of strains, so, through this experiment, we can further understand the strains' degradation abilities and the data of the entire fermentation process for practical applications.
1	(title:Cellulose-Degrading Strains: their Screening and Application to Corn Straw in Low-Temperature Environments) Li and Feng, et al., also examined screening cellulose-degrading strains under low-temperature conditions, but they optimized the fermentation conditions of carbon and nitrogen sources instead of using corn straw.
0	(title:Cellulose-Degrading Strains: their Screening and Application to Corn Straw in Low-Temperature Environments) The experiment lasted up to 30 days in order to obtain more stable and effective data and ensure better observation of the degradation process.
1	(title:Cellulose-Degrading Strains: their Screening and Application to Corn Straw in Low-Temperature Environments) Sheykhnazari, Tabarsa, Ashori, Shakeri, and Golalipour also reported that cellulose production increased with time, but no increase was observed after 14 days of incubation.
0	(title:Cellulose-Degrading Strains: their Screening and Application to Corn Straw in Low-Temperature Environments) Therefore, we can continue to observe the entire process of degradation and changes in various indicators so that more relevant analyses can be obtained.
2	(title:Cellulose-Degrading Strains: their Screening and Application to Corn Straw in Low-Temperature Environments) Corn straw was degraded effectively after fermenting for 30 days and the degradation ratio of ZS-8 reached 47.96%.
2	(title:Cellulose-Degrading Strains: their Screening and Application to Corn Straw in Low-Temperature Environments) Due to the different materials used, the degradation results varied.
2	(title:Cellulose-Degrading Strains: their Screening and Application to Corn Straw in Low-Temperature Environments) The filter paper degradation ratio reached 47.55% by ZS-8. From Figs 3(a, c, and d ), we can see that the remaining strains also have a higher degradation rate, but the degradation ratio of ZS-M was lower than the single strains ZS-7, ZS-8, and ZS-10.
1	(title:Cellulose-Degrading Strains: their Screening and Application to Corn Straw in Low-Temperature Environments) This phenomenon shows that, even if the strains were from the same source and lacked antagonistic response, it does not mean that the effect of a single mixed strain will improve degradation; rather, the opposite is true because it possesses a certain stability.
2	(title:Cellulose-Degrading Strains: their Screening and Application to Corn Straw in Low-Temperature Environments) According to Fig. 5b ), the fermentation pH of ZS-8 gradually reduced to 5.79, which was likely due to the production of a large number of acidic metabolites and their influence on the degradation process.
0	(title:Cellulose-Degrading Strains: their Screening and Application to Corn Straw in Low-Temperature Environments) There are many studies about the screening of microbial consortia, including OEM1, for simultaneous degradation of lignocellulose and chlorophenols  , but there have not been any results pertaining to the effect comparisons of single and mixed strains.
0	(title:Cellulose-Degrading Strains: their Screening and Application to Corn Straw in Low-Temperature Environments) The present study effectively made up for these (and similar) problems, providing a basis for further research.
2	(title:Cellulose-Degrading Strains: their Screening and Application to Corn Straw in Low-Temperature Environments) The dynamics of CMC, β-Glucosidase, and FPA during 30 days of corn straw degradation are shown in Fig. 4.
1	(title:Cellulose-Degrading Strains: their Screening and Application to Corn Straw in Low-Temperature Environments) The trends of all enzyme activities are basically the same.
2	(title:Cellulose-Degrading Strains: their Screening and Application to Corn Straw in Low-Temperature Environments) The enzyme activities increased dramatically during the first six days of fermentation for all strains.
2	(title:Cellulose-Degrading Strains: their Screening and Application to Corn Straw in Low-Temperature Environments) The enzyme activities of ZS-7 showed an initial increase and then tended to be stable.
2	(title:Cellulose-Degrading Strains: their Screening and Application to Corn Straw in Low-Temperature Environments) The CMC, β-Glucosidase, and FPA gradually increased by 31.732 U/mL, 38.704 U/mL and 35.943 U/mL, respectively.
2	(title:Cellulose-Degrading Strains: their Screening and Application to Corn Straw in Low-Temperature Environments) Eventually, they reached peak values on day 24. After that, enzyme activities showed a sharp decrease by 1.523 U/ml, 1.564 U/ml, and 1.633 U/ml after 30 days of fermentation (Fig. 4a ).
2	(title:Cellulose-Degrading Strains: their Screening and Application to Corn Straw in Low-Temperature Environments) The enzyme activity dynamics of ZS-8 were relatively stable, as they increased dramatically with CMC, β-Glucosidase, and FPA of 24.070 U/ml, 25.036 U/ml, and 19.859 U/ml, respectively, after 9 days of incubation.
2	(title:Cellulose-Degrading Strains: their Screening and Application to Corn Straw in Low-Temperature Environments) The values increased slowly during the following days until it peaking on day 18 at 31.111 U/ml, 28.833 U/ml, and 29.661 U/ml (Fig. 4b ).
2	(title:Cellulose-Degrading Strains: their Screening and Application to Corn Straw in Low-Temperature Environments) The enzyme activities of ZS-10 and ZS-M were much lower than ZS-7 and ZS-8.
2	(title:Cellulose-Degrading Strains: their Screening and Application to Corn Straw in Low-Temperature Environments) The CMC, β-Glucosidase, and FPA for ZS-10 peaked at 14.475 U/ml, 16.477 U/ml, and 18.410 U/ml on day 15 (Fig. 4c ).
2	(title:Cellulose-Degrading Strains: their Screening and Application to Corn Straw in Low-Temperature Environments) Finally, the CMC, β-Glucosidase, and FPA for the ZS-M peaked at 14.406 U/ml, 16.270 U/ml, and 17.512 U/ml on day 21, then gradually decreased following fermentation (Fig. 4d ).
2	(title:Cellulose-Degrading Strains: their Screening and Application to Corn Straw in Low-Temperature Environments) All of them showed a tendency to increase first, then either decrease or remain stable.
1	(title:Cellulose-Degrading Strains: their Screening and Application to Corn Straw in Low-Temperature Environments) From Figs 4(ad ) we can see that the enzymatic activities of ZS-7 and ZS-8 were significantly higher than those of ZS-10 and ZS-M. They produced noticeable carboxymethyl cellulase, β-glucosidase, and total cellulase activity during the entire culture process.
1	(title:Cellulose-Degrading Strains: their Screening and Application to Corn Straw in Low-Temperature Environments) The enzymes are functional in their degradation and, combined with their degradation rate, we can infer that the higher the enzyme activity, the stronger the degradation ability.
2	(title:Cellulose-Degrading Strains: their Screening and Application to Corn Straw in Low-Temperature Environments) The pH of the fermentation broth during corn straw degradation is also shown in Fig. 5.
2	(title:Cellulose-Degrading Strains: their Screening and Application to Corn Straw in Low-Temperature Environments) The pH values of ZS-7, ZS-10, and ZS-M were particularly stable.
2	(title:Cellulose-Degrading Strains: their Screening and Application to Corn Straw in Low-Temperature Environments) During the whole fermentation process, the pH of ZS-7 ranged from 7.08 to 7.70, the pH of ZS-10 ranged from 7.12 to 7.67, and the pH value ranged from 7.51 to 7.77 of ZS-M.
2	(title:Cellulose-Degrading Strains: their Screening and Application to Corn Straw in Low-Temperature Environments) On the other hand, the pH of ZS-8 gradually decreased to 5.79 on day 30.
2	(title:Cellulose-Degrading Strains: their Screening and Application to Corn Straw in Low-Temperature Environments) The pH of ZS-7, ZS-10, and ZS-M changed from 7.08 to 7.77 during the degradation process, itself influenced by the pH of the soil, indicating that there were certain degrees of self-discipline and stability.
1	(title:Cellulose-Degrading Strains: their Screening and Application to Corn Straw in Low-Temperature Environments) A neutral pH niche was available, which was favorable to the survival and catabolic activity of introduced microorganisms.
0	(title:Cellulose-Degrading Strains: their Screening and Application to Corn Straw in Low-Temperature Environments) The OD was determined on days 0, 3, 6, 9, 12, 15, 18, 21, 24, 27, and 30.
2	(title:Cellulose-Degrading Strains: their Screening and Application to Corn Straw in Low-Temperature Environments) Results of the OD in Fig. 5 show that mycelial biomass increased substantially in ZS-7, ZS-8, ZS-10, and
2	(title:Cellulose-Degrading Strains: their Screening and Application to Corn Straw in Low-Temperature Environments) ZS-M. The peak values of ZS-7 and ZS-8 occurred in later stages, ZS-7 peaked on day 24 at 0.333, and ZS-8 peaked at 0.536 on day 27.
2	(title:Cellulose-Degrading Strains: their Screening and Application to Corn Straw in Low-Temperature Environments) The dynamics of ZS-7 and ZS-8 showed a tendency to increase first and then decrease gradually.
2	(title:Cellulose-Degrading Strains: their Screening and Application to Corn Straw in Low-Temperature Environments) But the tendency of ZS-10 and the mixed strains were to increase first and then become stable.
2	(title:Cellulose-Degrading Strains: their Screening and Application to Corn Straw in Low-Temperature Environments) ZS-10 peaked on day 15 at 0.548 and ZS-M peaked at 0.597 on day 24.
2	(title:Cellulose-Degrading Strains: their Screening and Application to Corn Straw in Low-Temperature Environments) The OD values clearly show the dynamic changes in the number of strains, and the rise of OD values means the strains grew and increased.
1	(title:Cellulose-Degrading Strains: their Screening and Application to Corn Straw in Low-Temperature Environments) From the results of OD and the three enzyme activities, we can infer that the strains propagated vigorously and need a lot of energy, not only to produce the higher enzyme activity, but also degrade corn straw effectively.
2	(title:Cellulose-Degrading Strains: their Screening and Application to Corn Straw in Low-Temperature Environments) ZS-7, ZS-8, and ZS-10 are low-temperature (15°C) cellulose-degrading strains. Their corn straw degradation ratios are able to gradually increase to 45.98%, 47.96%, and 34.215%, respectively, after fermentation for 30 days at this temperature.
1	(title:Cellulose-Degrading Strains: their Screening and Application to Corn Straw in Low-Temperature Environments) They are relatively stable and exhibit effective degradation. We recommend further study about its application in corn straw degradation at low temperatures.
1	(title:Characteristics of rice straw decomposition and bacterial community succession for 2 consecutive years in a paddy field in southeastern China) The characteristics of long-term rice straw decomposition and succession in the bacterial community in the double-rice system are still unclear.
0	(title:Characteristics of rice straw decomposition and bacterial community succession for 2 consecutive years in a paddy field in southeastern China) Here a 2-year continuous straw bag decomposition experiment was conducted to explore changes in nutrient release, enzyme activity, and bacterial community composition during rice straw decomposition in the double-rice system in Southeast China.
2	(title:Characteristics of rice straw decomposition and bacterial community succession for 2 consecutive years in a paddy field in southeastern China) After burial in soil, the cumulative dry matter loss rates of rice straw were 38.9%, 72.6%, and 82.7% after 2, 12, and 24 months, respectively.
2	(title:Characteristics of rice straw decomposition and bacterial community succession for 2 consecutive years in a paddy field in southeastern China) The change in the release rate of straw nitrogen and phosphorus was similar to the dry matter loss, but 93.5% of straw potassium was released after 1st month.
2	(title:Characteristics of rice straw decomposition and bacterial community succession for 2 consecutive years in a paddy field in southeastern China) Bacterial abundance and community diversity in straw increased rapidly, reaching peaks after 7 and 12 months, respectively.
1	(title:Characteristics of rice straw decomposition and bacterial community succession for 2 consecutive years in a paddy field in southeastern China) Straw extracellular enzyme activities were the highest in the first 2 months and then gradually decreased over time, and they significantly and positively correlated with straw decomposition rate.
1	(title:Characteristics of rice straw decomposition and bacterial community succession for 2 consecutive years in a paddy field in southeastern China) Straw decomposition was dominated by copiotrophic Bacilli and Flavobacteriia in the early stages and evolved to be dominated by oligotrophic Acidobacteria, Anaerolineae, Deltaproteobacteria, Saccharibacteria, and Sphingobacteriia in the later stages.
1	(title:Characteristics of rice straw decomposition and bacterial community succession for 2 consecutive years in a paddy field in southeastern China) Changes in the C/N and K content of straw are the main reasons for bacterial community succession during rice straw decomposition.
0	(title:Characteristics of rice straw decomposition and bacterial community succession for 2 consecutive years in a paddy field in southeastern China) This study can provide a scientific basis for developing efficient decomposing bacteria agents for rice straw.
0	(title:Characteristics of rice straw decomposition and bacterial community succession for 2 consecutive years in a paddy field in southeastern China) Crop straw, as an organic by-product of agricultural production, contains rich nutrients needed for plant growth.
0	(title:Characteristics of rice straw decomposition and bacterial community succession for 2 consecutive years in a paddy field in southeastern China) It has been estimated that 31.6%, 22.5% and 28.8% of the amount of nitrogen required for rice, wheat and corn production can be supplied by returning all the corresponding crop straw to the field in China 1.
0	(title:Characteristics of rice straw decomposition and bacterial community succession for 2 consecutive years in a paddy field in southeastern China) The amount of potassium that can be supplied by returning rice, wheat and corn straw to the field in the current season is 4.99, 1.93 and 4.79 million tons, respectively 2.
0	(title:Characteristics of rice straw decomposition and bacterial community succession for 2 consecutive years in a paddy field in southeastern China) After crop straws are returned to the soil, their mineral nutrients are gradually released during the decomposition process, and the process is mainly regulated by soil microbes.
0	(title:Characteristics of rice straw decomposition and bacterial community succession for 2 consecutive years in a paddy field in southeastern China) Straw quality and other environmental conditions, such as soil water and temperature, also affect the decomposition process by influencing the abundance and community composition of soil microbes.
0	(title:Characteristics of rice straw decomposition and bacterial community succession for 2 consecutive years in a paddy field in southeastern China) Therefore, exploring the nutrient release pattern during straw decomposition can guide the fertilization measures after returning rice straw to field.
1	(title:Characteristics of rice straw decomposition and bacterial community succession for 2 consecutive years in a paddy field in southeastern China) Microorganisms and enzymes play an important role in straw decomposition.
1	(title:Characteristics of rice straw decomposition and bacterial community succession for 2 consecutive years in a paddy field in southeastern China) Previous studies showed that the rapid decomposition of soluble organic components such as soluble sugars, amino acids and proteins, as well as hemicellulose and cellulose, occurs within the straw due to soil microbial activity in the early stages of straw decomposition 6.
1	(title:Characteristics of rice straw decomposition and bacterial community succession for 2 consecutive years in a paddy field in southeastern China) At this stage, copiotrophic flora such as Actinobacteria, Firmicutes, and Proteobacteria dominated in straw decomposition 7, 8 , and β-N-acetylaminoglucosidase and leucine aminopeptidase also showed high activity and gradually decreased with the consumption of easily degradable substrates 9.
1	(title:Characteristics of rice straw decomposition and bacterial community succession for 2 consecutive years in a paddy field in southeastern China) Difficult-to-decompose substances in straw (e.g., lignin, waxes, and tannins) gradually accumulated and were slowly decomposed by specific microorganisms in the late stages of straw decomposition 10, 11.
1	(title:Characteristics of rice straw decomposition and bacterial community succession for 2 consecutive years in a paddy field in southeastern China) At this stage, the abundance of oligotrophic Acidobacteria, Chloroflexi, and Saccharibacteria gradually increased 12, 13 , and the activities of β-cellobiohydrolase OPEN
0	(title:Characteristics of rice straw decomposition and bacterial community succession for 2 consecutive years in a paddy field in southeastern China) The decomposition of crop straw is a long-term process. Most of the existing studies are short-term decomposition experiments, with the majority of studies on decomposition of crop straw in the growing season 16, 17.
0	(title:Characteristics of rice straw decomposition and bacterial community succession for 2 consecutive years in a paddy field in southeastern China) During the non-growing season, the conversion of organic and inorganic components of straw into soil is still ongoing, and the composition of microbial communities is also changing.
1	(title:Characteristics of rice straw decomposition and bacterial community succession for 2 consecutive years in a paddy field in southeastern China)  and phenol oxidas showed high activity 14, 15.
0	(title:Characteristics of rice straw decomposition and bacterial community succession for 2 consecutive years in a paddy field in southeastern China) Rice is a major grain crop in south China and produces more than 200 million tons of straw every year 1.
0	(title:Characteristics of rice straw decomposition and bacterial community succession for 2 consecutive years in a paddy field in southeastern China) The input of straw nutrient resources has great potential for reducing fertilizer application.
1	(title:Characteristics of rice straw decomposition and bacterial community succession for 2 consecutive years in a paddy field in southeastern China) Sufficient soil water and higher temperature are beneficial to the straw decomposition and are not the limiting factors in the paddy soil 20 , and the rice straw decomposition may be mainly affected by biological factors.
0	(title:Characteristics of rice straw decomposition and bacterial community succession for 2 consecutive years in a paddy field in southeastern China) Therefore, it is of great significance to study the change in microbial abundance and community composition during the straw decomposition process to reveal the microbial mechanism of straw decomposition.
1	(title:Characteristics of rice straw decomposition and bacterial community succession for 2 consecutive years in a paddy field in southeastern China) Previous studies found that differences in crop straw components also lead to differences in characteristics of straw decomposition and microbial community succession 21.
0	(title:Characteristics of rice straw decomposition and bacterial community succession for 2 consecutive years in a paddy field in southeastern China) Moreover, most of the previous experiments on straw decomposition in the field were conducted during the growing season of the crop 17 , and the characteristics of rice straw decomposition and the structure of the microbial community in long-term straw decomposition in the double-rice system are still unclear.
0	(title:Characteristics of rice straw decomposition and bacterial community succession for 2 consecutive years in a paddy field in southeastern China) Given this, A 2-year continuous experiment on rice straw decomposition was established in a double-cropping rice system in southeastern China.
0	(title:Characteristics of rice straw decomposition and bacterial community succession for 2 consecutive years in a paddy field in southeastern China) Our objectives were to (i) determine the dynamic of nutrient release and enzyme activity changes in straw and (ii) clarify the characteristics of succession in bacterial community composition and the factors influencing the succession during the straw decomposition.
2	(title:Characteristics of rice straw decomposition and bacterial community succession for 2 consecutive years in a paddy field in southeastern China) Changes in straw dry matter and nutrient release. The cumulative loss rate of straw dry matter mass was 33.7%, 38.9%, 48.1%, 53.9%, 69.0%, 72.6%, 77.6%, and 82.7% after 1, 2, 5, 7, 10, 12, 20, and 24 months since straw burial in soil (Fig. 1 ).
1	(title:Characteristics of rice straw decomposition and bacterial community succession for 2 consecutive years in a paddy field in southeastern China) The changes in the release rates of N and P from straw across the decomposition process were similar to the changes in dry matter loss rates, and they met the fitting formula of y = 0.16x 2 -5.97x +
2	(title:Characteristics of rice straw decomposition and bacterial community succession for 2 consecutive years in a paddy field in southeastern China) 81.6 (x = time, y = release rate of nutrients or dry matter from the straw, R 2 = 0.78).
2	(title:Characteristics of rice straw decomposition and bacterial community succession for 2 consecutive years in a paddy field in southeastern China) 93.5% of the total straw K was released after 1 month.
2	(title:Characteristics of rice straw decomposition and bacterial community succession for 2 consecutive years in a paddy field in southeastern China) The straw C/N increased in the initial 2 months and gradually decreased with prolonged experimental time.
2	(title:Characteristics of rice straw decomposition and bacterial community succession for 2 consecutive years in a paddy field in southeastern China) Changes in straw enzyme activity and bacterial abundance. The activities of BG, CB, XYL, NAG, and LAP were the highest in the initial stage of straw decomposition and then decreased significantly with test time.
2	(title:Characteristics of rice straw decomposition and bacterial community succession for 2 consecutive years in a paddy field in southeastern China) The changes in the activities of CB, NAG, and LAP with the straw test time can be explained by the fitting formula 'y = 4.66x 2 -163.92x + 1474.1' (x = time, y = enzyme activity, R 2 = 0.87)
2	(title:Characteristics of rice straw decomposition and bacterial community succession for 2 consecutive years in a paddy field in southeastern China) The copy number of bacterial 16S rRNA gene of straw gradually increased in the first 7 months after the straw was buried in soil, and then decreased with experimental enlarging time (Fig. 2b ).
2	(title:Characteristics of rice straw decomposition and bacterial community succession for 2 consecutive years in a paddy field in southeastern China) The bacterial α-diversity during straw decomposition. The OTUs, ACE, Chao1 and Shannon index of straw bacteria increased significantly compared with those in the original straw (before burial in soil) and showed a trend of first increasing and then stabilizing with the passage of test time, and the maximum was all in the 12th month, but the Simpson index shows the opposite trend to the Shannon index (Table 1 ).
2	(title:Characteristics of rice straw decomposition and bacterial community succession for 2 consecutive years in a paddy field in southeastern China) Principal component analysis showed that the bacterial phylum community composition in the 0 and 2nd months was significantly separated from other periods along the PC1 axis (Fig. 3a ).
2	(title:Characteristics of rice straw decomposition and bacterial community succession for 2 consecutive years in a paddy field in southeastern China) Starting from the 0 month, the composition of the bacterial community is roughly distributed along the PC1 axis from the positive axis to the negative axis, and the community composition at 7-24 months did not separate significantly.
1	(title:Characteristics of rice straw decomposition and bacterial community succession for 2 consecutive years in a paddy field in southeastern China) The bacterial community in the initial straw was dominated by Actinobacteria and Proteobacteria, and Bacteroidetes and Firmicutes dominated the community in the 2nd month.
1	(title:Characteristics of rice straw decomposition and bacterial community succession for 2 consecutive years in a paddy field in southeastern China) The leading roles of Acidobacteria, Chloroflexi, Ignavibacteriae, Gracilibacteria, Parcubacteria, Saccharibacteria, Spirochaetae, and Verrucomicrobia increased significantly during the 7-24 months.
1	(title:Characteristics of rice straw decomposition and bacterial community succession for 2 consecutive years in a paddy field in southeastern China) For bacteria at the genus level, the bacterial community in the initial straw is dominated by Actinobacteria and Gammaproteobacteria; Bacilli and Flavobacteriia dominate the community composition in the 2nd month; Acidobacteria, Anaerolineae, Deltaproteobacteria, Saccharibacteria, and Sphingobacteriia dominated the community composition during the 7-24 months of straw burial (Fig. 3b ).
1	(title:Characteristics of rice straw decomposition and bacterial community succession for 2 consecutive years in a paddy field in southeastern China) Redundancy analysis showed that bacterial community composition at the phylum level was mainly influenced by straw K and C/N, while bacterial community composition was mainly influenced by straw C/N, K and P at the class level (Fig. 4a, b ).
1	(title:Characteristics of rice straw decomposition and bacterial community succession for 2 consecutive years in a paddy field in southeastern China) The relative abundance of phylum Proteobacteria during straw decomposition was the highest, accounting for 39.9-52.0% of the total bacterial abundance of the sample, followed by Bacteroidetes (2.3-30.3%), Actinobacteria (2.6-8.7), Chloroflexi (0.1-13.3%), Acidobacteria (0.2-16.5%), Saccharibacteria (0.1-4.4%), Firmicutes (1.0-12.7%), Verrucomicrobia (0.7-2.0%), Gracilibacteria (0.01-1.5%), Parcubacteria (0.01-2.9%), Spirochaetae (0.01-3.7%) and Ignavibacteriae (0.01-2.4%) (Fig. 5a ).
1	(title:Characteristics of rice straw decomposition and bacterial community succession for 2 consecutive years in a paddy field in southeastern China) After the straw was buried in the soil, the relative abundance of Proteobacteria and Actinobacteria decreased gradually, and Acidobacteria, Chloroflexi and Saccharibacteriamen gradually increased with increasing experimental time, while Bacteroides and Firmicutes presented an increasedecrease change across the experiment process, and the highest abundance occurred in the 2nd month (Fig. S1a ).
1	(title:Characteristics of rice straw decomposition and bacterial community succession for 2 consecutive years in a paddy field in southeastern China) The bacterial class Alphaproteobacteria has the highest abundance, accounting for 15.4% to 27.7% of all components of the sample, followed by Deltaproteobacteria (1.3-16.1%), Acidobacteria (0.2-16.5%), Betaproteobacteria (3.1-13.6%), Gammaproteobacteria (4.4-9.3%), Actinobacteria (2.6-10.9%), Flavobacteriia (0.01-20.9%), Anaerolineae (0.01-6.9%), Bacilli (0.1-12.2%), Sphingobacteriia (1.2-7.8%) and Saccharibacteria (0.08-4.4%) (Fig. 5b ).
1	(title:Characteristics of rice straw decomposition and bacterial community succession for 2 consecutive years in a paddy field in southeastern China) The abundance of Acidobacteria and Saccharibacteria gradually increased with the passage of test time, while the relative abundance of Flavobacteria and Gammaproteobacteria gradually decreased.
1	(title:Characteristics of rice straw decomposition and bacterial community succession for 2 consecutive years in a paddy field in southeastern China) The relative abundance of Bacilli, Alphaproteobacteria, Betaproteobacteria, and Sphingobacteriia showed an increasing-decreasing trend, which was the highest in the 2nd month.
1	(title:Characteristics of rice straw decomposition and bacterial community succession for 2 consecutive years in a paddy field in southeastern China) The relative abundance of Anaerolineae and Deltaproteobacteria first increased and then decreased, reaching the peak at the 12th and 20th months, respectively (Fig. S1b ).
1	(title:Characteristics of rice straw decomposition and bacterial community succession for 2 consecutive years in a paddy field in southeastern China) Climate condition is considered to be the decisive factor for the decomposition of organic materials 22, 23.
1	(title:Characteristics of rice straw decomposition and bacterial community succession for 2 consecutive years in a paddy field in southeastern China) In this study, the temperature (approximately 20 ℃) in the early stage of straw decomposition provided favorable conditions for the rapid decomposition of straw.
1	(title:Characteristics of rice straw decomposition and bacterial community succession for 2 consecutive years in a paddy field in southeastern China) The decomposition rate of rice straw in the early stage (the first 3 months) was higher than that in the late stage.
1	(title:Characteristics of rice straw decomposition and bacterial community succession for 2 consecutive years in a paddy field in southeastern China) Because the labile fractions were abundant and easily decomposed in the early stage, the decomposition rate of straw gradually slowed down with the accumulation of recalcitrant components in the later stage 24, 25.
1	(title:Characteristics of rice straw decomposition and bacterial community succession for 2 consecutive years in a paddy field in southeastern China) Moreover, straw decomposition rate showed significant differences at similar conditions (similar temperature and moisture) between the two experimental years, and the decomposition was slower at the later stage relative to that at the early stage, although the high bacterial abundance at the later stage in this study, suggesting that in paddy fields of Southeast China, the straw chemical composition is a more important factor influencing its decomposition compared to external environmental conditions.
2	(title:Characteristics of rice straw decomposition and bacterial community succession for 2 consecutive years in a paddy field in southeastern China) The release rate of straw N and P was similar to the dry matter loss rate with the increasing test month (Fig. 1 ).
1	(title:Characteristics of rice straw decomposition and bacterial community succession for 2 consecutive years in a paddy field in southeastern China) Previous studies have shown that about 40% of the P in the straw is involved in the formation of the cell wall, and N mainly exists in the straw in the organic state with a high degree of cementation, which leads to a strong synchronization between the release of straw N and P and the loss of straw dry matter 16, 18.
1	(title:Characteristics of rice straw decomposition and bacterial community succession for 2 consecutive years in a paddy field in southeastern China) In this study, the release rate of straw K was higher than that of N and P in this study because K in straw can be directly released mainly in the form of K salt 26.
1	(title:Characteristics of rice straw decomposition and bacterial community succession for 2 consecutive years in a paddy field in southeastern China) The N release rate of straw in the first two months was greater than the loss rate of dry matter (C), which may be the main reason for the increase in C/N at the early stages of straw decomposition.
1	(title:Characteristics of rice straw decomposition and bacterial community succession for 2 consecutive years in a paddy field in southeastern China) The extracellular enzymes secreted by microorganisms are catalytic agents for straw decomposition, and it is beneficial to clarify the microbial driving mechanism in straw decomposition by analyzing their changes in the process of straw decomposition 27, 28.
2	(title:Characteristics of rice straw decomposition and bacterial community succession for 2 consecutive years in a paddy field in southeastern China) The activities of the five extracellular enzymes involved in the conversion of C and N were significantly higher in the early stage of decomposition (Fig. 2 ).
1	(title:Characteristics of rice straw decomposition and bacterial community succession for 2 consecutive years in a paddy field in southeastern China) This may be that sufficient straw C and N in the early stage promoted the growth and reproduction of microorganisms involved in the C and N cycles, and a large number of related microorganisms further induced an increase in the secretion of C and N cycle enzymes 29.
1	(title:Characteristics of rice straw decomposition and bacterial community succession for 2 consecutive years in a paddy field in southeastern China) In addition, it was shown that there was a significant correlation between enzyme activity magnitude during straw decomposition and straw C/N ratio (P < 0.05), which further indicates that the enzyme activity secreted by microorganisms is strongly influenced by the straw C and N content (Fig. S1 ).
1	(title:Characteristics of rice straw decomposition and bacterial community succession for 2 consecutive years in a paddy field in southeastern China) In this study, β-glucosidase still maintained a higher enzyme activity in the late stage of decomposition, indicating that it plays a very important role in the late stage of straw decomposition, which is consistent with the results of previous studies on the changes of the enzyme activity of recalcitrant organic matter decomposition 14.
1	(title:Characteristics of rice straw decomposition and bacterial community succession for 2 consecutive years in a paddy field in southeastern China) Microorganisms are the main decomposers of straw, and their abundance and community composition can affect the rate of straw decomposition 25.
1	(title:Characteristics of rice straw decomposition and bacterial community succession for 2 consecutive years in a paddy field in southeastern China) In this study, bacterial abundance and α-diversity continued to increase when the rate of straw decomposition decreased, which may be caused by a decrease in bacterial abundance that lags behind the decrease in residue biomass 26, 30 , and we suggest that as straw decomposers, soil microorganisms near the straw bag continue to colonize the straw after obtaining a large amount of carbon source, which is the main reason why bacterial α-diversity continues to increase even after the reduction of straw decomposition rate.
1	(title:Characteristics of rice straw decomposition and bacterial community succession for 2 consecutive years in a paddy field in southeastern China) This study showed that the copiotrophic phylum Bacteroidetes, Firmicutes, and Proteobacteria dominated bacterial community composition at the initial stage of decomposition (Fig. 3 ), which is because the labile C fractions and other easily degradable components in the early stage of straw decomposition provide an easily accessible and rich source of energy for the growth and reproduction of these bacteria, thus promoting the increase of their populations 8, 12.
1	(title:Characteristics of rice straw decomposition and bacterial community succession for 2 consecutive years in a paddy field in southeastern China) The Acidobacteria, Chloroflexi, and Saccharibacteria gradually increased with the progress of the experiment, these three phyla were oligotrophic populations and dominated during the decomposition of residues with high recalcitrant fractions (e.g. lignin, cellulose) and poor nutrients in the later stage of residue decomposition 13.
1	(title:Characteristics of rice straw decomposition and bacterial community succession for 2 consecutive years in a paddy field in southeastern China) Bacilli (soil saprophyte) was mainly found in the early stage of straw decomposition and consistent with the previous results 31.
1	(title:Characteristics of rice straw decomposition and bacterial community succession for 2 consecutive years in a paddy field in southeastern China) The study found that the abundance of Actinobacteria increased in the late stage.
1	(title:Characteristics of rice straw decomposition and bacterial community succession for 2 consecutive years in a paddy field in southeastern China) Bernard et al. also reported the increase of Actinobacteria in the final stage of wheat straw degradation and believed that these oligotrophic bacteria might participate in the stimulating effect of straw decomposition 32.
1	(title:Characteristics of rice straw decomposition and bacterial community succession for 2 consecutive years in a paddy field in southeastern China) The correlation analysis between the straw decomposition rate at different sampling periods and the relative abundance of different taxa showed that the rate of straw decomposition was significantly and positively correlated with the relative abundance of Proteobacteria, Bacteroidetes, Alphaproteobacteria, Bacilli, Betaproteobacteria, Gammaproteobacteria, Sphingobacteriia, and Flavobacteriia (Fig. S1 ), indicating that increasing the abundance of these taxa may facilitate the increase of straw decomposition rates.
1	(title:Characteristics of rice straw decomposition and bacterial community succession for 2 consecutive years in a paddy field in southeastern China) In addition, we also found that the changes in the relative abundance of different classes of bacteria within the same phylum level were inconsistent throughout the experiment (Fig. S2 ), implying that bacterial communities within the same phylum have functional differences at different stages of straw decomposition 13.
1	(title:Characteristics of rice straw decomposition and bacterial community succession for 2 consecutive years in a paddy field in southeastern China) The microorganisms colonizing crop residues mainly come from the soil near the residues 24, 33.
0	(title:Characteristics of rice straw decomposition and bacterial community succession for 2 consecutive years in a paddy field in southeastern China) However, the effect of soil biochemical properties near the straw bags on them was not explored in this experiment, which should be taken into account in future studies.
1	(title:Characteristics of rice straw decomposition and bacterial community succession for 2 consecutive years in a paddy field in southeastern China) In addition, fungi can effectively break down recalcitrant compounds within the straw by secreting residue degrading enzymes 15, 34.
0	(title:Characteristics of rice straw decomposition and bacterial community succession for 2 consecutive years in a paddy field in southeastern China) In future studies, we will explore the synergistic effects of fungal and bacterial communities during the decomposition of rice straw, which in turn will provide a reference for the isolation of microbial strains for rice straw degradation.
1	(title:Characteristics of rice straw decomposition and bacterial community succession for 2 consecutive years in a paddy field in southeastern China) The rate of rice straw decomposition and nutrient release was greater at the first 2 months after burial in soils, and gradually decreased with increasing experimental time in Southeast China.
1	(title:Characteristics of rice straw decomposition and bacterial community succession for 2 consecutive years in a paddy field in southeastern China) Rice straw decomposition rate showed a significant positive correlation with extracellular enzyme activity.
1	(title:Characteristics of rice straw decomposition and bacterial community succession for 2 consecutive years in a paddy field in southeastern China) Classes Bacilli and Flavobacteriia played a key role in the early stage of straw decomposition, while Acidobacteria, Anaerolineae, Deltaproteobacteria, Saccharibacteria, and Sphingobacteria dominated bacterial communities in the later stage.
1	(title:Characteristics of rice straw decomposition and bacterial community succession for 2 consecutive years in a paddy field in southeastern China) The change in straw chemical composition was the main factor affecting straw bacterial flora in Southeast China.
0	(title:Characteristics of rice straw decomposition and bacterial community succession for 2 consecutive years in a paddy field in southeastern China) Experimental site. The straw decomposition experience was carried out at Nanchang Experimental Station of Jiangxi Academy of Agricultural Sciences (116°20'E, 28°15'N) from October 2014 to October 2016.
0	(title:Characteristics of rice straw decomposition and bacterial community succession for 2 consecutive years in a paddy field in southeastern China) The area has a subtropical monsoon climate with double-cropping rice as the main planting system.
0	(title:Characteristics of rice straw decomposition and bacterial community succession for 2 consecutive years in a paddy field in southeastern China) The annual average temperature and precipitation are 17.7 °C and 1374 mm, respectively.
0	(title:Characteristics of rice straw decomposition and bacterial community succession for 2 consecutive years in a paddy field in southeastern China) The physicochemical properties of the original soil (0-20 cm) before the start of the experiment: pH 6.6 (water: soil = 2.5:1), organic carbon 9.2 g kg -1 , total nitrogen (N) 1.31 g kg -1 , mineral N (nitrate N + ammonium N) 57.0 mg kg -1 , available phosphorus (P) 13.6 mg kg
2	(title:Characteristics of rice straw decomposition and bacterial community succession for 2 consecutive years in a paddy field in southeastern China) -1 , available potassium (K) 108.0 mg kg -1 , the data of rainfall and temperature during the testing period were shown in Fig. 6.
0	(title:Characteristics of rice straw decomposition and bacterial community succession for 2 consecutive years in a paddy field in southeastern China) Rice straws (stems and leaves) were collected from the experimental field during the late rice harvest in October 2014.
0	(title:Characteristics of rice straw decomposition and bacterial community succession for 2 consecutive years in a paddy field in southeastern China) The straws were dried at 65 °C and cut into pieces (1-2 cm × 0.3-1 cm), and 12 g straw (8 t hm -2 ) was put into a nylon net bag (15 cm × 10 cm).
0	(title:Characteristics of rice straw decomposition and bacterial community succession for 2 consecutive years in a paddy field in southeastern China) Subsequently, 60 straw bags were embedded in the paddy soil (15 cm depth, 20 cm spacing distance).
0	(title:Characteristics of rice straw decomposition and bacterial community succession for 2 consecutive years in a paddy field in southeastern China) In order to avoid the influence of fertilizer on the determination of residual nutrients, no fertilizer was applied to the field during the experiment.
0	(title:Characteristics of rice straw decomposition and bacterial community succession for 2 consecutive years in a paddy field in southeastern China) Straw bag sampling. Six straw bags were collected at 0, 1, 2, 5, 7, 10, 12, 20, and 24 months after being buried, the soil particles and soil animals attached to the straw bags were removed, and the samples were transported to the laboratory immediately in the ice box.
0	(title:Characteristics of rice straw decomposition and bacterial community succession for 2 consecutive years in a paddy field in southeastern China) After three straw bags were dried to a constant weight at 65 ℃, the dry matter and nutrient content were measured.
0	(title:Characteristics of rice straw decomposition and bacterial community succession for 2 consecutive years in a paddy field in southeastern China) The other three straw bags at 0, 2, 7, 12, 20 and 24 months were stored at -70 °C for enzyme activity and bacterial community composition determination.
0	(title:Characteristics of rice straw decomposition and bacterial community succession for 2 consecutive years in a paddy field in southeastern China) Straw dry matter, nutrient and enzyme activity analysis. The straw sample was dried at 70 °C to a constant weight and then the dry matter was determined.
0	(title:Characteristics of rice straw decomposition and bacterial community succession for 2 consecutive years in a paddy field in southeastern China) The C and N of straw were determined by C/N element analyzer (Model CN, Vario Macro Elementar, Germany), P was determined by the H 2 SO 4 -H 2 O 2 digestionvanadium molybdenum yellow colorimetric method, K was measured by atomic absorption spectrophotometer (SpectAA-50/55, Varian, Australia) 35.
0	(title:Characteristics of rice straw decomposition and bacterial community succession for 2 consecutive years in a paddy field in southeastern China) The cumulative loss rate of straw dry matter mass (A) and the release rate of straw nutrients (B) were calculated using the equation as following: W 1 and m 1 are the original dry matter weight of straw (g) and the original straw nutrient content (g kg -1 );
0	(title:Characteristics of rice straw decomposition and bacterial community succession for 2 consecutive years in a paddy field in southeastern China) W 2 and m 2 are the dry matter weight (g) and nutrient content of straw after decomposing at different sampling times (g kg -1 ).
0	(title:Characteristics of rice straw decomposition and bacterial community succession for 2 consecutive years in a paddy field in southeastern China) (1) A fresh sample of straw equivalent to 0.3 g dry weight was weighed and placed in a centrifuge tube.
0	(title:Characteristics of rice straw decomposition and bacterial community succession for 2 consecutive years in a paddy field in southeastern China) The sample was thoroughly mixed with 50 ml sodium acetate buffer (50 mM) using a vortexer, and then the suspension was poured into a beaker, and a magnetic rotor was put in to maintain a uniform suspension.
0	(title:Characteristics of rice straw decomposition and bacterial community succession for 2 consecutive years in a paddy field in southeastern China) Buffer, sample suspension, 10 mM control and 200 mM substrate were sequentially added to a 96-well microtiter plate, incubated at 25 °C in the dark for 4 h, and then used with a microplate reader (Scientific Fluoroskan Ascent FL, ThermoFischer Scientific, Waltham, MA) for fluorescence quantification.
0	(title:Characteristics of rice straw decomposition and bacterial community succession for 2 consecutive years in a paddy field in southeastern China) The measurement conditions were excited at 365 nm, and the signal was recovered at 450 nm, followed by determination of β-glucosidase, β-cellobiohydrolase, β-xylosidase, β-N-acetylglucosaminidase, and Leucine aminopeptidase activities 36, 37.
0	(title:Characteristics of rice straw decomposition and bacterial community succession for 2 consecutive years in a paddy field in southeastern China) The enzyme activity unit is nmol g -1 h
0	(title:Characteristics of rice straw decomposition and bacterial community succession for 2 consecutive years in a paddy field in southeastern China) Microbial total DNA extraction, PCR amplification, and Illumina NovaSeq sequencing.
0	(title:Characteristics of rice straw decomposition and bacterial community succession for 2 consecutive years in a paddy field in southeastern China) A 0.2 g straw sample was used for the microbial DNA extraction using the FastDNA ® SPIN kit (MP Biomedicals, Illkirch, France).
0	(title:Characteristics of rice straw decomposition and bacterial community succession for 2 consecutive years in a paddy field in southeastern China) The extracted DNA was purified using Ultra-Clean DNA cation kit (MoBio, Carlsbad, CA, USA) and was checked using 1.0% agarose gel electrophoresis.
0	(title:Characteristics of rice straw decomposition and bacterial community succession for 2 consecutive years in a paddy field in southeastern China) SYBR Green I was used to quantify the abundance of bacterial 16S rRNA gene copies in the iCycler system (USA) and the results were analyzed by Bio-Rad iQ5 v2.0.
0	(title:Characteristics of rice straw decomposition and bacterial community succession for 2 consecutive years in a paddy field in southeastern China) The PCR reaction system (20 μl) contains 2 × 10 Super Mix (Bio-Rad, USA), 10 μM primers (515F and 806R) and 1 μl of 1/10 diluted DNA.
0	(title:Characteristics of rice straw decomposition and bacterial community succession for 2 consecutive years in a paddy field in southeastern China) PCR was performed using the following thermal cycling program: 95 °C for 1 min, followed by 40 cycles at 94 °C for 15 s, 55 °C for 34 s, and 72 °C for 15 s. The plasmid containing bacterial DNA was diluted into different gradients to prepare a reaction standard curve to calculate the bacterial abundance.
0	(title:Characteristics of rice straw decomposition and bacterial community succession for 2 consecutive years in a paddy field in southeastern China) The V3-V4 region of the bacterial 16SrRNA gene was amplified by PCR using primers 338F (5'-ACT CCT ACG GGA GGC AGC AG-3') and 806R (5'-GGA CTA CHVGGG TWT CTAAT-3')
0	(title:Characteristics of rice straw decomposition and bacterial community succession for 2 consecutive years in a paddy field in southeastern China) (95 °C for 2 min; 95 °C for 30 s, 56 °C for 30 s, 72 °C for 60 s, 30 cycles; 72 °C for 5 min final extension), the amplified product was recovered with 2% agarose gel, purified with AxyPrep DNA purification kit (Axygen Biosciences, Union City, CA, USA), and quantified with QuantiFluor ™-ST (Promega, USA).
0	(title:Characteristics of rice straw decomposition and bacterial community succession for 2 consecutive years in a paddy field in southeastern China) The purified PCR products were subjected to high-throughput sequencing using the Illumina MiSeq platform.
0	(title:Characteristics of rice straw decomposition and bacterial community succession for 2 consecutive years in a paddy field in southeastern China) Then the original sequence is subjected to quality control and processing using QIIME (V1.17).
0	(title:Characteristics of rice straw decomposition and bacterial community succession for 2 consecutive years in a paddy field in southeastern China) In order to avoid deviations caused by differences in sequencing depth, 33,480 sub-samples of each sample were randomly selected for read leveling and used for bacterial diversity and community composition analysis.
0	(title:Characteristics of rice straw decomposition and bacterial community succession for 2 consecutive years in a paddy field in southeastern China) UPARSE (V7.1) was used to classify OTUs according to 97% similarity, and UCHIME was used to identify and remove chimeric sequences.
0	(title:Characteristics of rice straw decomposition and bacterial community succession for 2 consecutive years in a paddy field in southeastern China) The Silva database was used to analyze the classification of each 16S rRNA gene sequence.
0	(title:Characteristics of rice straw decomposition and bacterial community succession for 2 consecutive years in a paddy field in southeastern China) Shannon, Simpson, Chao1 and ACE indices were calculated by Mothur software.
0	(title:Characteristics of rice straw decomposition and bacterial community succession for 2 consecutive years in a paddy field in southeastern China) The sequencing results were stored in the NCBI database (Accession number: PRJNA623251).
0	(title:Characteristics of rice straw decomposition and bacterial community succession for 2 consecutive years in a paddy field in southeastern China) The bacterial gene abundance, diversity index, and relative abundance at different sampling times were compared by one-way ANOVA based on Fisher's least significant difference (P < 0.05) using SPSS 19.0 (SPSS, Inc., Chicago, IL, USA).
0	(title:Characteristics of rice straw decomposition and bacterial community succession for 2 consecutive years in a paddy field in southeastern China) Canoco (V5.0, Ithaca, NY) was used for principal component analysis and redundancy analysis, and the R package ""Vegan"" was used for the ADONIS analysis (999 permutations) of bacterial communities during straw decomposition.
0	(title:Characteristics of rice straw decomposition and bacterial community succession for 2 consecutive years in a paddy field in southeastern China) All rice straw samples collected in this study have been licensed.
0	(title:Characteristics of rice straw decomposition and bacterial community succession for 2 consecutive years in a paddy field in southeastern China) All the rice straw experiments were in compliance with relevant institutional, national, and international guidelines and legislation.
0	(title:Co-Effects of Nitrogen Fertilizer and Straw-Decomposing Microbial Inoculant on Decomposition and Transformation of Field Composted Wheat Straw) Although straw is an abundant and useful agricultural byproduct, it, however, exhibits hardly any decomposition and transformation.
0	(title:Co-Effects of Nitrogen Fertilizer and Straw-Decomposing Microbial Inoculant on Decomposition and Transformation of Field Composted Wheat Straw) Despite the successful application of chemical and biological substrates for accelerating straw decomposition, the co-effects and mechanisms involved are still unknown.
0	(title:Co-Effects of Nitrogen Fertilizer and Straw-Decomposing Microbial Inoculant on Decomposition and Transformation of Field Composted Wheat Straw) Herein, we performed a 120 day field trial to examine the co-effects of a nitrogen fertilizer (N) and a straw-decomposing microbial inoculant (SDMI) on the straw mass, nutrient release, and the straw chemical structure of composted wheat straw in the Chaohu Lake area, East China.
0	(title:Co-Effects of Nitrogen Fertilizer and Straw-Decomposing Microbial Inoculant on Decomposition and Transformation of Field Composted Wheat Straw) For this purpose, four treatments were selected with straw: S (straw only), NS (N + straw), MS (SDMI + straw), and NMS (N + SDMI + straw).
2	(title:Co-Effects of Nitrogen Fertilizer and Straw-Decomposing Microbial Inoculant on Decomposition and Transformation of Field Composted Wheat Straw) Our results indicated that NMS caused a higher straw decomposition rate than S, NS, and MS (p < 0.05) after 120 days of composting.
2	(title:Co-Effects of Nitrogen Fertilizer and Straw-Decomposing Microbial Inoculant on Decomposition and Transformation of Field Composted Wheat Straw) The N, P, and K discharge rates in treating with NMS were higher than other the treatments at 120 days.
2	(title:Co-Effects of Nitrogen Fertilizer and Straw-Decomposing Microbial Inoculant on Decomposition and Transformation of Field Composted Wheat Straw) The A/OA ratios of the straw residues were gradually increased during the composting, but the treatment of NMS and MS was lower than the CK at the latter stage.
1	(title:Co-Effects of Nitrogen Fertilizer and Straw-Decomposing Microbial Inoculant on Decomposition and Transformation of Field Composted Wheat Straw) The RDA showed that the decomposition rate, nutrient release, and the chemical structure change in the straw were cumulative, while respiration was strongly correlated with lignin peroxidase, manganese peroxidase, and neutral xylanase.
1	(title:Co-Effects of Nitrogen Fertilizer and Straw-Decomposing Microbial Inoculant on Decomposition and Transformation of Field Composted Wheat Straw) In conclusion, nitrogen fertilizer or straw-decomposing microbial inoculant application can improve the decomposition rate and nutrient release with oxidase activity intensified.
1	(title:Co-Effects of Nitrogen Fertilizer and Straw-Decomposing Microbial Inoculant on Decomposition and Transformation of Field Composted Wheat Straw) However, the co-application of nitrogen fertilizer and a straw-decomposing microbial inoculant promoted straw decomposition and enzyme activity better than a single application and showed a lower decomposition degree, which means more potential for further decomposing after 120 days.
0	(title:Co-Effects of Nitrogen Fertilizer and Straw-Decomposing Microbial Inoculant on Decomposition and Transformation of Field Composted Wheat Straw) Crop production unavoidably results in large amounts of straw residues.
0	(title:Co-Effects of Nitrogen Fertilizer and Straw-Decomposing Microbial Inoculant on Decomposition and Transformation of Field Composted Wheat Straw) However, a minor amount of the straw produced is employed in soil improvement and bioenergy  , while a major amount of the straw is discarded to prepare the land for the next crop season.
0	(title:Co-Effects of Nitrogen Fertilizer and Straw-Decomposing Microbial Inoculant on Decomposition and Transformation of Field Composted Wheat Straw) Returning the crop straw to the field is suggested to increase the soil's organic carbon storage.
1	(title:Co-Effects of Nitrogen Fertilizer and Straw-Decomposing Microbial Inoculant on Decomposition and Transformation of Field Composted Wheat Straw) Also, burying straw in soil has possibly encouraging effects on soil management  as it could improve both the soil fertility and it's biological activities, finally increasing the sustainability of cropping systems.
0	(title:Co-Effects of Nitrogen Fertilizer and Straw-Decomposing Microbial Inoculant on Decomposition and Transformation of Field Composted Wheat Straw) Therefore, recent studies were conducted to promote the efficiency of straw degeneration.
0	(title:Co-Effects of Nitrogen Fertilizer and Straw-Decomposing Microbial Inoculant on Decomposition and Transformation of Field Composted Wheat Straw) Life 2023, 13, 1993 Lignocellulose is a major constituent of crop straw, which includes cellulose (35-50%), hemicellulose (20-30%), acid-soluble lignin, and acid-insoluble lignin (20-30%).
0	(title:Co-Effects of Nitrogen Fertilizer and Straw-Decomposing Microbial Inoculant on Decomposition and Transformation of Field Composted Wheat Straw) Although lignocellulose could be a valuable source of soil organic matter  , it is enclosed within a recalcitrant and hardly decomposable lignin.
0	(title:Co-Effects of Nitrogen Fertilizer and Straw-Decomposing Microbial Inoculant on Decomposition and Transformation of Field Composted Wheat Straw) Farmers were recently encouraged to utilize straw for either energy, substrate, material, feed, or for fertilization.
0	(title:Co-Effects of Nitrogen Fertilizer and Straw-Decomposing Microbial Inoculant on Decomposition and Transformation of Field Composted Wheat Straw) Therefore, most farmers have preferred to put the straw in their fields to decompose naturally because of the high transportation costs and the disadvantages of returning the straw directly.
0	(title:Co-Effects of Nitrogen Fertilizer and Straw-Decomposing Microbial Inoculant on Decomposition and Transformation of Field Composted Wheat Straw) However, implementing straw composting is still difficult due to its slow decomposition rate and the complex and changeable field environmental conditions, causing uncertainty in straw decomposition progress, with most composting products being useless.
0	(title:Co-Effects of Nitrogen Fertilizer and Straw-Decomposing Microbial Inoculant on Decomposition and Transformation of Field Composted Wheat Straw) Numerous studies have been carried out to promote the efficiency of straw composting.
0	(title:Co-Effects of Nitrogen Fertilizer and Straw-Decomposing Microbial Inoculant on Decomposition and Transformation of Field Composted Wheat Straw) However, most of these studies have been done on a pilot scale, and studies on the field conditions are still lacking; thus, detecting the efficiency of straw degeneration in field conditions is of great interest.
0	(title:Co-Effects of Nitrogen Fertilizer and Straw-Decomposing Microbial Inoculant on Decomposition and Transformation of Field Composted Wheat Straw) Straw decomposition involves physical, chemical, and biological responses that might be affected by external factors/additives.
1	(title:Co-Effects of Nitrogen Fertilizer and Straw-Decomposing Microbial Inoculant on Decomposition and Transformation of Field Composted Wheat Straw) Jiang (2018) reported that adding nitrogenous substrates (N) during reduced composting nitrogen (N) loss stimulated the decomposition degree.
1	(title:Co-Effects of Nitrogen Fertilizer and Straw-Decomposing Microbial Inoculant on Decomposition and Transformation of Field Composted Wheat Straw) Also, it was found that straw-decomposing microbial inoculants (SDMIs) could accelerate the straw decomposition rate, increasing nutrient release; thus, SDMIs were suggested as an eco-friendly way for crop growing.
0	(title:Co-Effects of Nitrogen Fertilizer and Straw-Decomposing Microbial Inoculant on Decomposition and Transformation of Field Composted Wheat Straw) Studies involving exogenous microbes (i.e., SDMI) or nitrogen fertilizers (i.e., urea), focused on single-factor research.
1	(title:Co-Effects of Nitrogen Fertilizer and Straw-Decomposing Microbial Inoculant on Decomposition and Transformation of Field Composted Wheat Straw) Moreover, studies combining inoculants with a nitrogen fertilizer and an artificial manure, and reflecting on their relationship were very few, particularly on a field level.
1	(title:Co-Effects of Nitrogen Fertilizer and Straw-Decomposing Microbial Inoculant on Decomposition and Transformation of Field Composted Wheat Straw) Both N and SDMIs have a great impact on the decomposition of straw.
1	(title:Co-Effects of Nitrogen Fertilizer and Straw-Decomposing Microbial Inoculant on Decomposition and Transformation of Field Composted Wheat Straw) Additionally, adding an appropriate amount of inorganic nitrogen benefits straw decay.
1	(title:Co-Effects of Nitrogen Fertilizer and Straw-Decomposing Microbial Inoculant on Decomposition and Transformation of Field Composted Wheat Straw) However, high inorganic nitrogen levels can constrain microbial activity, affecting straw degeneration.
1	(title:Co-Effects of Nitrogen Fertilizer and Straw-Decomposing Microbial Inoculant on Decomposition and Transformation of Field Composted Wheat Straw) Previous studies proposed that microorganisms play a fundamental part in straw degeneration during composting.
1	(title:Co-Effects of Nitrogen Fertilizer and Straw-Decomposing Microbial Inoculant on Decomposition and Transformation of Field Composted Wheat Straw) Meanwhile, applying straw-decomposing microbial inoculants can promote straw decay considerably.
0	(title:Co-Effects of Nitrogen Fertilizer and Straw-Decomposing Microbial Inoculant on Decomposition and Transformation of Field Composted Wheat Straw) Therefore, the impact and mechanism of incorporating both N and SDMIs on straw degeneration under field conditions is still largely uncertain.
0	(title:Co-Effects of Nitrogen Fertilizer and Straw-Decomposing Microbial Inoculant on Decomposition and Transformation of Field Composted Wheat Straw) Notably, the previous studies have only focused on straw mass loss using a singlefactor analysis; however, nutrient release is a major indicator for assessing straw decomposition.
0	(title:Co-Effects of Nitrogen Fertilizer and Straw-Decomposing Microbial Inoculant on Decomposition and Transformation of Field Composted Wheat Straw) Moreover, the chemical structure transformation is an additional index to evaluate the degree of straw degeneration that is easier to describe than both the mass loss and nutrient discharge.
0	(title:Co-Effects of Nitrogen Fertilizer and Straw-Decomposing Microbial Inoculant on Decomposition and Transformation of Field Composted Wheat Straw) Baddi et al. (2004) effectively applied the Fourier transform infrared spectrometer (FTIR) and Carbon-13 nuclear magnetic resonance spectrometry ( 13 C-NMR) to identify the content of fulvic acid in olive mill waste and grain straw under composting conditions to estimate the final product's maturity.
0	(title:Co-Effects of Nitrogen Fertilizer and Straw-Decomposing Microbial Inoculant on Decomposition and Transformation of Field Composted Wheat Straw) Using a two-month composting trial, Blanco and Almendros (1997) explored the chemical maturity of wheat straw via 13 C-NMR.
0	(title:Co-Effects of Nitrogen Fertilizer and Straw-Decomposing Microbial Inoculant on Decomposition and Transformation of Field Composted Wheat Straw) To date, most researchers have used advanced detection techniques to determine a fixed phase of the entire composting process.
0	(title:Co-Effects of Nitrogen Fertilizer and Straw-Decomposing Microbial Inoculant on Decomposition and Transformation of Field Composted Wheat Straw) However, the dynamics of straw transformation through composting has seldom been observed.
1	(title:Co-Effects of Nitrogen Fertilizer and Straw-Decomposing Microbial Inoculant on Decomposition and Transformation of Field Composted Wheat Straw) Microbes play a central part in straw degeneration during composting since the exogenous microbes can promote cellulose decomposition by either motivating enzyme activity or modifying the microbial community.
0	(title:Co-Effects of Nitrogen Fertilizer and Straw-Decomposing Microbial Inoculant on Decomposition and Transformation of Field Composted Wheat Straw) Many studies suggested the use of different procedures to promote straw degradation in composting.
1	(title:Co-Effects of Nitrogen Fertilizer and Straw-Decomposing Microbial Inoculant on Decomposition and Transformation of Field Composted Wheat Straw) Zhou (2015) promoted bacteria communities' richness and diversity by changing the condition of the compost temperature.
1	(title:Co-Effects of Nitrogen Fertilizer and Straw-Decomposing Microbial Inoculant on Decomposition and Transformation of Field Composted Wheat Straw) Zhang and Marschner (2017) and Xu et al. (2019) stimulated the microbial community and enzyme activity by regulating the straw water content and combining different types of straw.
1	(title:Co-Effects of Nitrogen Fertilizer and Straw-Decomposing Microbial Inoculant on Decomposition and Transformation of Field Composted Wheat Straw) Moreover, the combination of an SDMI and N fertilizer greatly impacts the decomposition of straw.
1	(title:Co-Effects of Nitrogen Fertilizer and Straw-Decomposing Microbial Inoculant on Decomposition and Transformation of Field Composted Wheat Straw) Adding an appropriate amount of inorganic N is beneficial for straw decay, while high levels of inorganic N will constrain the microbial activity affecting straw degeneration.
1	(title:Co-Effects of Nitrogen Fertilizer and Straw-Decomposing Microbial Inoculant on Decomposition and Transformation of Field Composted Wheat Straw) Previous studies have proposed that microor-ganisms play a fundamental part in straw degeneration during composting.
0	(title:Co-Effects of Nitrogen Fertilizer and Straw-Decomposing Microbial Inoculant on Decomposition and Transformation of Field Composted Wheat Straw) However, the straw compost was only carried out using a single factor, for example either the N fertilizer or the straw-decomposing microbial inoculant.
1	(title:Co-Effects of Nitrogen Fertilizer and Straw-Decomposing Microbial Inoculant on Decomposition and Transformation of Field Composted Wheat Straw) Furthermore, relationships among N, SDMIs, enzyme activity, and straw decomposition indices (mass, nutrient, and chemical structure) remain unclear.
1	(title:Co-Effects of Nitrogen Fertilizer and Straw-Decomposing Microbial Inoculant on Decomposition and Transformation of Field Composted Wheat Straw) We hypothesized that the co-application of N and an SDMI increases the enzyme activity, which, in turn, affects straw mass loss, straw chemical structure/composition, and nutrient release.
0	(title:Co-Effects of Nitrogen Fertilizer and Straw-Decomposing Microbial Inoculant on Decomposition and Transformation of Field Composted Wheat Straw) Therefore, this study aimed to elucidate on the in situ estimation of the decomposition rate, nutrient release, and chemical structure change in the straw during straw composting with the addition of N and SDMI; and on the key enzymes (cellulase or ligninase) and the main mechanisms they use for straw degradation.
0	(title:Co-Effects of Nitrogen Fertilizer and Straw-Decomposing Microbial Inoculant on Decomposition and Transformation of Field Composted Wheat Straw) The straw composting field experiment was conducted in Wanzhong Comprehensive Experimental Station of Anhui Agricultural University, Lujiang County, Anhui Province (31 • 25 N, 117 • 09 E).
0	(title:Co-Effects of Nitrogen Fertilizer and Straw-Decomposing Microbial Inoculant on Decomposition and Transformation of Field Composted Wheat Straw) In the study area, and during the experimental period, the mean temperature was 16.5 • C, the maximum temperature was 40 • C, the minimum temperature was -7 • C, and the average precipitation was 1000 mm.
0	(title:Co-Effects of Nitrogen Fertilizer and Straw-Decomposing Microbial Inoculant on Decomposition and Transformation of Field Composted Wheat Straw) The soil was classified as paddy soil, and the cropping approach was wheat-rice rotation; thus, the leading straws were wheat straw and rice straw.
0	(title:Co-Effects of Nitrogen Fertilizer and Straw-Decomposing Microbial Inoculant on Decomposition and Transformation of Field Composted Wheat Straw) The soil physiochemical properties before the experiment were as follows: clay 19.96%, silt 39.85%, sand 40.19%, and soil total organic carbon 16.39 g•kg -1.
0	(title:Co-Effects of Nitrogen Fertilizer and Straw-Decomposing Microbial Inoculant on Decomposition and Transformation of Field Composted Wheat Straw) The straw-decomposing microbial inoculant (SDMI) was obtained from the Institute of Agricultural Resources and Regional Planning, Chinese Academy of Agricultural Sciences, Anhui, China.
0	(title:Co-Effects of Nitrogen Fertilizer and Straw-Decomposing Microbial Inoculant on Decomposition and Transformation of Field Composted Wheat Straw) The SDMI contained Bacillus subtilis (2.21 × 108 cells•g -1 ), Ballicus stearothermophilus (0.0054 × 108 cells•g -1 ), Sreptomyces colin (0.17 × 108 cells•g -1 ), and Streptomyces leucocephala (2.76 × 108 cells•g -1 ).
0	(title:Co-Effects of Nitrogen Fertilizer and Straw-Decomposing Microbial Inoculant on Decomposition and Transformation of Field Composted Wheat Straw) The composting straw (<10 cm) was collected from the nearby fields after the wheat harvest, which contained organic carbon 40.42%, total nitrogen 0.82%, total phosphorus 0.10%, and total potassium 1.30%.
0	(title:Co-Effects of Nitrogen Fertilizer and Straw-Decomposing Microbial Inoculant on Decomposition and Transformation of Field Composted Wheat Straw) The chemical composition of the straw was evaluated by applying the analytical procedure suggested by the National Renewable Energy Laboratory.
0	(title:Co-Effects of Nitrogen Fertilizer and Straw-Decomposing Microbial Inoculant on Decomposition and Transformation of Field Composted Wheat Straw) In this study, the experiment was conducted in a split-block design.
0	(title:Co-Effects of Nitrogen Fertilizer and Straw-Decomposing Microbial Inoculant on Decomposition and Transformation of Field Composted Wheat Straw) Four treatments with three replications were implemented, including straw natural composting (S), straw composting with nitrogen application (NS), straw composting with an SDMI application (MS), and straw composting with nitrogen and an SDMI co-application (NMS).
0	(title:Co-Effects of Nitrogen Fertilizer and Straw-Decomposing Microbial Inoculant on Decomposition and Transformation of Field Composted Wheat Straw) Therefore, twelve experimental plots with 6 m 3 (3 m length × 2 m width × 1 m depth) were established under open field conditions.
0	(title:Co-Effects of Nitrogen Fertilizer and Straw-Decomposing Microbial Inoculant on Decomposition and Transformation of Field Composted Wheat Straw) For all treatments, nitrogen (urea) and an SDMI were applied equally at the rates of 7.70 and 1.40 kg•plot -1 , respectively, which is proposed as the standard quantity supplied.
0	(title:Co-Effects of Nitrogen Fertilizer and Straw-Decomposing Microbial Inoculant on Decomposition and Transformation of Field Composted Wheat Straw) Five nylon mesh bags (aperture 0.15 mm; 30 cm length; 50 cm width) filled with 20 g of straw were placed at 0.5 m depths in each plot.
0	(title:Co-Effects of Nitrogen Fertilizer and Straw-Decomposing Microbial Inoculant on Decomposition and Transformation of Field Composted Wheat Straw) Three nylon mesh bags for each treatment were selected randomly and destructively sampled at 7, 15, 30, 70, and 120 days after composting for the determinations of straw mass, nutrient concentration, chemical composition, and lignocellulose activity.
0	(title:Co-Effects of Nitrogen Fertilizer and Straw-Decomposing Microbial Inoculant on Decomposition and Transformation of Field Composted Wheat Straw) The collected nylon mesh bags were transferred to the laboratory, and the straw was thoroughly washed with deionized water and oven-dried (75 • C) to a constant weight.
0	(title:Co-Effects of Nitrogen Fertilizer and Straw-Decomposing Microbial Inoculant on Decomposition and Transformation of Field Composted Wheat Straw) Finally, the rate of straw decomposition was calculated using Equation (1) as follows:
0	(title:Co-Effects of Nitrogen Fertilizer and Straw-Decomposing Microbial Inoculant on Decomposition and Transformation of Field Composted Wheat Straw)  where R s is the rate of straw decomposition (%), M 0 is the initial straw mass (g), and M t is the straw mass (g) after the days of composting.
0	(title:Co-Effects of Nitrogen Fertilizer and Straw-Decomposing Microbial Inoculant on Decomposition and Transformation of Field Composted Wheat Straw) The standard methods determined the basic nutrient properties of the straw samples.
0	(title:Co-Effects of Nitrogen Fertilizer and Straw-Decomposing Microbial Inoculant on Decomposition and Transformation of Field Composted Wheat Straw) The air-dried straws were sieved (<2 mm), digested using H 2 SO 4 and H 2 O 2 at 400 • C in a graphite oven for 120 min, and then stored in 100 mL glass cylinders for analyses.
0	(title:Co-Effects of Nitrogen Fertilizer and Straw-Decomposing Microbial Inoculant on Decomposition and Transformation of Field Composted Wheat Straw) The total N was detected using the Kjeldahl protocol  ; the total P and total K were measured using the molybdenum blue protocol and flame photometry, respectively.
0	(title:Co-Effects of Nitrogen Fertilizer and Straw-Decomposing Microbial Inoculant on Decomposition and Transformation of Field Composted Wheat Straw) The 13 C multi-CP NMR spectra were obtained using a Bruker AVANCE II 400 spectrometer (Bruker Instruments, Billerica, MA, USA) operating at 100 MHz (400-MHz 1 H frequency).
0	(title:Co-Effects of Nitrogen Fertilizer and Straw-Decomposing Microbial Inoculant on Decomposition and Transformation of Field Composted Wheat Straw) All the experiments were run in a double-resonance probe head using 4 mm sample rotors.
0	(title:Co-Effects of Nitrogen Fertilizer and Straw-Decomposing Microbial Inoculant on Decomposition and Transformation of Field Composted Wheat Straw) Multiple cross-polarization ( 13 C multi-CP) NMR experiments were obtained with good sensitively using a spinning speed of 14 kHz, a recycle delay of 0.25 s, a 90 • pulse for 1 H, 4 µs 90 • pulse for 13 C, and a cross-polarization time of 1.5 ms. Sub-spectra for non-protonated and mobile carbon groups were obtained by combining the 13 C multi-CP sequence with 68-µs dipolar dephasing (multi-CP/DD).
0	(title:Co-Effects of Nitrogen Fertilizer and Straw-Decomposing Microbial Inoculant on Decomposition and Transformation of Field Composted Wheat Straw) The scans for the straw samples' multi-CP/DD experiments were 12,228.
0	(title:Co-Effects of Nitrogen Fertilizer and Straw-Decomposing Microbial Inoculant on Decomposition and Transformation of Field Composted Wheat Straw) The total signal intensity and the proportion contributed by the C functional groups were determined by the integration of the spectra in the chemical-shift area  44-0 ppm (Alkyl C), 64-44 ppm (OCH3), 93-64 ppm (O-alkyl C), 113-93 ppm (Anomeric C), 142-113 ppm (Aromatic C-C), 162-142 ppm (Aromatic C-O), 188-162 ppm (COO/N-C=O), and 220-188 ppm (C=O).
0	(title:Co-Effects of Nitrogen Fertilizer and Straw-Decomposing Microbial Inoculant on Decomposition and Transformation of Field Composted Wheat Straw) The proportion ratios of alkyl C to O-alkyl C (A/OA) were applied to assess the organic matter's straw decomposition degree and humification.
0	(title:Co-Effects of Nitrogen Fertilizer and Straw-Decomposing Microbial Inoculant on Decomposition and Transformation of Field Composted Wheat Straw) The activity of cellulase, xylanase, manganese peroxidase (MnP), lignin peroxidase (LiP), and laccase (Lac) was determined using an analysis kit (Suzhou Branch Ming Biotechnology Co., Ltd., Beijing, China).
0	(title:Co-Effects of Nitrogen Fertilizer and Straw-Decomposing Microbial Inoculant on Decomposition and Transformation of Field Composted Wheat Straw) The xylanase was used to analyze the hemicellulose degradation via the straw xylan as the substrate.
0	(title:Co-Effects of Nitrogen Fertilizer and Straw-Decomposing Microbial Inoculant on Decomposition and Transformation of Field Composted Wheat Straw) The enzyme activity was counted by each µmol of glucose or xylose per minute produced, and this was regarded as the cellulase or xylanase activity.
0	(title:Co-Effects of Nitrogen Fertilizer and Straw-Decomposing Microbial Inoculant on Decomposition and Transformation of Field Composted Wheat Straw) The MnP, LiP, and laccase were used to measure the lignin degradation.
0	(title:Co-Effects of Nitrogen Fertilizer and Straw-Decomposing Microbial Inoculant on Decomposition and Transformation of Field Composted Wheat Straw) The activity of these enzymes were detected through veratryl alcohol, Mn S
0	(title:Co-Effects of Nitrogen Fertilizer and Straw-Decomposing Microbial Inoculant on Decomposition and Transformation of Field Composted Wheat Straw) A one-way analysis of variance (ANOVA) was applied to assess the effects of the different treatments on straw decomposition, nutrient releases, and enzyme activities.
0	(title:Co-Effects of Nitrogen Fertilizer and Straw-Decomposing Microbial Inoculant on Decomposition and Transformation of Field Composted Wheat Straw) The Duncan's multiple range test was employed to identify the significance of variations among the treatments at p ≤ 0.05.
0	(title:Co-Effects of Nitrogen Fertilizer and Straw-Decomposing Microbial Inoculant on Decomposition and Transformation of Field Composted Wheat Straw) A redundancy analysis was employed to reveal the relationship between the enzyme activity and the decomposition rate of the straw.
0	(title:Co-Effects of Nitrogen Fertilizer and Straw-Decomposing Microbial Inoculant on Decomposition and Transformation of Field Composted Wheat Straw) All the statistical analyses were implemented using SPSS 22.0 (IBM Co., Armonk, NY, USA).
2	(title:Co-Effects of Nitrogen Fertilizer and Straw-Decomposing Microbial Inoculant on Decomposition and Transformation of Field Composted Wheat Straw) The changes in straw decomposition under different treatments and stages of compositing are shown in Figure 1A.
2	(title:Co-Effects of Nitrogen Fertilizer and Straw-Decomposing Microbial Inoculant on Decomposition and Transformation of Field Composted Wheat Straw) Overall, the NMS treatment considerably decomposed 79% of the straw after composting (p < 0.05).
2	(title:Co-Effects of Nitrogen Fertilizer and Straw-Decomposing Microbial Inoculant on Decomposition and Transformation of Field Composted Wheat Straw) Whereas the other treatments caused a similar straw decomposition rate of about 70%.
2	(title:Co-Effects of Nitrogen Fertilizer and Straw-Decomposing Microbial Inoculant on Decomposition and Transformation of Field Composted Wheat Straw) Furthermore, the highest and the lowest rates of straw decomposition were observed at 120 days and 7 days, respectively, with mean values of 71.64% and 6.21%, suggesting an increase in the decomposition rate over the decomposition time.
2	(title:Co-Effects of Nitrogen Fertilizer and Straw-Decomposing Microbial Inoculant on Decomposition and Transformation of Field Composted Wheat Straw) The rates of nutrient release from the straw are presented in Figure 1B-D.
2	(title:Co-Effects of Nitrogen Fertilizer and Straw-Decomposing Microbial Inoculant on Decomposition and Transformation of Field Composted Wheat Straw) During the straw decomposition process, the K release rate increased gradually, showing a trend of rapid release at the first stage and a slow-release trend during the latter stage.
2	(title:Co-Effects of Nitrogen Fertilizer and Straw-Decomposing Microbial Inoculant on Decomposition and Transformation of Field Composted Wheat Straw) However, the changes in the release rate of N and P are similar, decreasing at the first stage (15-30 days), then gradually increasing, and declining at the latter stage (70-120 days).
2	(title:Co-Effects of Nitrogen Fertilizer and Straw-Decomposing Microbial Inoculant on Decomposition and Transformation of Field Composted Wheat Straw) The N, P, and K discharge rates in treating with NMS were higher than the other treatments at 120 days.
2	(title:Co-Effects of Nitrogen Fertilizer and Straw-Decomposing Microbial Inoculant on Decomposition and Transformation of Field Composted Wheat Straw) Positing are shown in Figure 1A.
2	(title:Co-Effects of Nitrogen Fertilizer and Straw-Decomposing Microbial Inoculant on Decomposition and Transformation of Field Composted Wheat Straw) Figure 2 shows the 13 C multi-CP/MAS NMR and the corresponding dipolar-dephased spectra (DD) from all the treatments, which provides quantitative struc-
2	(title:Co-Effects of Nitrogen Fertilizer and Straw-Decomposing Microbial Inoculant on Decomposition and Transformation of Field Composted Wheat Straw) The K release rates of NMS were 114.13% and 43.12% higher than NS and MS at 7 days, respectively, and 1.77%, 8.78%, and 28.61% higher than S, NS, and MS at 30 days, respectively (p < 0.05).
2	(title:Co-Effects of Nitrogen Fertilizer and Straw-Decomposing Microbial Inoculant on Decomposition and Transformation of Field Composted Wheat Straw) Figure 2 shows the 13 C multi-CP/MAS NMR and the corresponding dipolar-dephased spectra (DD) from all the treatments, which provides quantitative structural information.
2	(title:Co-Effects of Nitrogen Fertilizer and Straw-Decomposing Microbial Inoculant on Decomposition and Transformation of Field Composted Wheat Straw) The comparative abundance of alkyl C (0-44 ppm) and aromatic C-C (113-142 ppm) all increased, but a reduction in the relative abundance of O-alkyl C (64-93 ppm) over decomposition time.
2	(title:Co-Effects of Nitrogen Fertilizer and Straw-Decomposing Microbial Inoculant on Decomposition and Transformation of Field Composted Wheat Straw) The A/OA ratios of straw residue under NMS and MS conditions gradually increased from 7 to 70 days, slightly declining at 120 days.
2	(title:Co-Effects of Nitrogen Fertilizer and Straw-Decomposing Microbial Inoculant on Decomposition and Transformation of Field Composted Wheat Straw) The A/OA ratios of straw residues under the NMS and MS conditions were higher than those under the CK and NS conditions from 7 days to 30 days, but it was lower than when under the CK condition at 70 days (Table 1 ).
2	(title:Co-Effects of Nitrogen Fertilizer and Straw-Decomposing Microbial Inoculant on Decomposition and Transformation of Field Composted Wheat Straw) The activity of straw lignocellulase in the different treatments is shown in Figure 3.
2	(title:Co-Effects of Nitrogen Fertilizer and Straw-Decomposing Microbial Inoculant on Decomposition and Transformation of Field Composted Wheat Straw) Overall, the laccase activity showed a rapid increase at the early stage, followed by a gradual decrease at the latter stage.
2	(title:Co-Effects of Nitrogen Fertilizer and Straw-Decomposing Microbial Inoculant on Decomposition and Transformation of Field Composted Wheat Straw) The lignin peroxidase activity showed a rapid decrease at the early stage, followed by a gradual increase at the latter stage.
2	(title:Co-Effects of Nitrogen Fertilizer and Straw-Decomposing Microbial Inoculant on Decomposition and Transformation of Field Composted Wheat Straw) In contrast, the cellulase, xylanase, and manganese peroxidase activity showed insignificant dynamics during composting.
2	(title:Co-Effects of Nitrogen Fertilizer and Straw-Decomposing Microbial Inoculant on Decomposition and Transformation of Field Composted Wheat Straw) The activity of cellulose, neutral xylanase, laccase, lignin peroxidase, and manganese peroxidase in the treatment with NMS were significantly higher than the other treatments at 120 days (p < 0.05).
2	(title:Co-Effects of Nitrogen Fertilizer and Straw-Decomposing Microbial Inoculant on Decomposition and Transformation of Field Composted Wheat Straw) The laccase of the NMS had the highest activity at 15 days, which was 557.98%, 301.09%, and 60.39% higher than S, NS, and MS treatments, respectively (p < 0.05).
1	(title:Co-Effects of Nitrogen Fertilizer and Straw-Decomposing Microbial Inoculant on Decomposition and Transformation of Field Composted Wheat Straw) The redundancy analysis (RDA) showed that the decomposition rate, nutrient release, and chemical structure change in the straw were cumulative, and respiration was strongly correlated with lignin peroxidase, manganese peroxidase, and neutral xylanase (Figure 4 ).
1	(title:Co-Effects of Nitrogen Fertilizer and Straw-Decomposing Microbial Inoculant on Decomposition and Transformation of Field Composted Wheat Straw) The decomposition rate tended to be negatively correlated with manganese peroxidase but positively correlated with lignin peroxidase and neutral xylanase.
1	(title:Co-Effects of Nitrogen Fertilizer and Straw-Decomposing Microbial Inoculant on Decomposition and Transformation of Field Composted Wheat Straw) The P and K release rates were positively correlated with manganese peroxidase but negatively correlated with neutral xylanase and lignin peroxidase.
1	(title:Co-Effects of Nitrogen Fertilizer and Straw-Decomposing Microbial Inoculant on Decomposition and Transformation of Field Composted Wheat Straw) In contrast, the release rate of N was positively correlated with neutral xylanase and lignin peroxidase but negatively correlated with manganese peroxidase.
1	(title:Co-Effects of Nitrogen Fertilizer and Straw-Decomposing Microbial Inoculant on Decomposition and Transformation of Field Composted Wheat Straw) The A/OA was negatively correlated with neutral xylanase and lignin peroxidase but positively correlated with manganese peroxidase.
0	(title:Co-Effects of Nitrogen Fertilizer and Straw-Decomposing Microbial Inoculant on Decomposition and Transformation of Field Composted Wheat Straw) Note: CK, straw natural composting; NS, straw compositing with nitrogen application; MS, straw com-positing with SDMI application; NMS, straw compositing with nitrogen and SDMI co-application.
0	(title:Co-Effects of Nitrogen Fertilizer and Straw-Decomposing Microbial Inoculant on Decomposition and Transformation of Field Composted Wheat Straw) CK, straw natural composting; NS, straw compositing with nitrogen application; MS, straw com-positing with SDMI application; NMS, straw compositing with nitrogen and SDMI co-application.
2	(title:Co-Effects of Nitrogen Fertilizer and Straw-Decomposing Microbial Inoculant on Decomposition and Transformation of Field Composted Wheat Straw) Each value in table is the mean SD of three replicates.
2	(title:Co-Effects of Nitrogen Fertilizer and Straw-Decomposing Microbial Inoculant on Decomposition and Transformation of Field Composted Wheat Straw) Numbers followed by different lowercase letters in the same column are significantly different at p < 0.05.
2	(title:Co-Effects of Nitrogen Fertilizer and Straw-Decomposing Microbial Inoculant on Decomposition and Transformation of Field Composted Wheat Straw) Life 2023, 13, 1993 9 of 15 gradual decrease at the latter stage.
1	(title:Co-Effects of Nitrogen Fertilizer and Straw-Decomposing Microbial Inoculant on Decomposition and Transformation of Field Composted Wheat Straw) In our field trial, the addition of the N fertilizer and microorganisms promoted straw mass loss and accelerated straw decomposition.
0	(title:Co-Effects of Nitrogen Fertilizer and Straw-Decomposing Microbial Inoculant on Decomposition and Transformation of Field Composted Wheat Straw) This is consistent with the previous studies. In a long-term straw-reforming study, Zhao and Zhang (2018) fertili- MS, straw com-positing with SDMI application; NMS, straw compositing with nitrogen and SDMI co-application.
0	(title:Co-Effects of Nitrogen Fertilizer and Straw-Decomposing Microbial Inoculant on Decomposition and Transformation of Field Composted Wheat Straw) LiP and MNP stands for lignin peroxidase and manganese peroxidase, respectively, ** and *** stands for p < 0.01 and p < 0.001, respectively.
1	(title:Co-Effects of Nitrogen Fertilizer and Straw-Decomposing Microbial Inoculant on Decomposition and Transformation of Field Composted Wheat Straw) This is consistent with the previous studies. In a long-term straw-reforming study, Zhao and Zhang (2018) fertilization improved straw decomposition by increasing the bacterial and fungal biomasses.
1	(title:Co-Effects of Nitrogen Fertilizer and Straw-Decomposing Microbial Inoculant on Decomposition and Transformation of Field Composted Wheat Straw) However, our results showed that the addition of a nitrogen fertilizer inhibited the decomposition process at 120 days.
1	(title:Co-Effects of Nitrogen Fertilizer and Straw-Decomposing Microbial Inoculant on Decomposition and Transformation of Field Composted Wheat Straw) Chen et al. (2018) found that nitrogen application increases the abundance of recalcitrant compounds in the soil organic matter.
1	(title:Co-Effects of Nitrogen Fertilizer and Straw-Decomposing Microbial Inoculant on Decomposition and Transformation of Field Composted Wheat Straw) Li et al. (2017) found that urea fertilization decreased the decomposition of the SOM and maize residues.
1	(title:Co-Effects of Nitrogen Fertilizer and Straw-Decomposing Microbial Inoculant on Decomposition and Transformation of Field Composted Wheat Straw) The reason might be the existence of a recalcitrant substance; it is hard to decompose these substrates in circumstances without an exogenous microbe.
2	(title:Co-Effects of Nitrogen Fertilizer and Straw-Decomposing Microbial Inoculant on Decomposition and Transformation of Field Composted Wheat Straw) The results also showed that the decomposition rate constant (k) of MS is 0.019, far less than NS (0.024) or NMS (0.024).
1	(title:Co-Effects of Nitrogen Fertilizer and Straw-Decomposing Microbial Inoculant on Decomposition and Transformation of Field Composted Wheat Straw) Zhang's findings indicate that the soil organic matter (SOM) mineralization might be improved in N and P enriched ecosystems, with microbes being restricted due to the C limitation  , which is consistent with our study.
1	(title:Co-Effects of Nitrogen Fertilizer and Straw-Decomposing Microbial Inoculant on Decomposition and Transformation of Field Composted Wheat Straw) It might be that lower substrate concentrations inhibit the substrate catalysis by enzymes in microorganisms.
1	(title:Co-Effects of Nitrogen Fertilizer and Straw-Decomposing Microbial Inoculant on Decomposition and Transformation of Field Composted Wheat Straw) It might also be that the cost of biochemical machinery limits the microbial decomposition of substrates at low concentrations.
1	(title:Co-Effects of Nitrogen Fertilizer and Straw-Decomposing Microbial Inoculant on Decomposition and Transformation of Field Composted Wheat Straw) This is enough to prove that crop and soil symbiotic systems in cultivar field conditions enable the decomposition microbes to obtain sufficient nutrients to finish the residual degradation process.
0	(title:Co-Effects of Nitrogen Fertilizer and Straw-Decomposing Microbial Inoculant on Decomposition and Transformation of Field Composted Wheat Straw) Nonetheless, an enclosed composting environment is averse to microbe's competition for resources.
1	(title:Co-Effects of Nitrogen Fertilizer and Straw-Decomposing Microbial Inoculant on Decomposition and Transformation of Field Composted Wheat Straw) Compared to NS and MS, NMS showed the benefits of a higher decomposition degree (mass loss) and a faster decomposition rate (k).
1	(title:Co-Effects of Nitrogen Fertilizer and Straw-Decomposing Microbial Inoculant on Decomposition and Transformation of Field Composted Wheat Straw) Allison used a microcosm approach, proposing that decomposition rates should increase once the substrate concentrations are sufficient to overcome the biochemical investment costs.
1	(title:Co-Effects of Nitrogen Fertilizer and Straw-Decomposing Microbial Inoculant on Decomposition and Transformation of Field Composted Wheat Straw) Liu supported that the plant residue amendment to fertile soil is likely more effective for soil carbon accumulation and soil fertility buildup than infertile soil.
1	(title:Co-Effects of Nitrogen Fertilizer and Straw-Decomposing Microbial Inoculant on Decomposition and Transformation of Field Composted Wheat Straw) This is consistent with our results. Nitrogen provided the nutrients to prime effect at the initial stage of the straw decomposition, and microbes ensured the sustainability of the decomposition process at the latter stages.
1	(title:Co-Effects of Nitrogen Fertilizer and Straw-Decomposing Microbial Inoculant on Decomposition and Transformation of Field Composted Wheat Straw) NMS increased the decomposition rate, which might be due to the synergistic effect between these exogenous additions.
0	(title:Co-Effects of Nitrogen Fertilizer and Straw-Decomposing Microbial Inoculant on Decomposition and Transformation of Field Composted Wheat Straw) Many previous studies reported that the nutrients of the straw are released at different intervals during decomposition.
1	(title:Co-Effects of Nitrogen Fertilizer and Straw-Decomposing Microbial Inoculant on Decomposition and Transformation of Field Composted Wheat Straw) Moreover, they also pointed out that the nutrients are released at the latter stages with enrichment at the early stages.
0	(title:Co-Effects of Nitrogen Fertilizer and Straw-Decomposing Microbial Inoculant on Decomposition and Transformation of Field Composted Wheat Straw) There were fewer studies about micronutrients in straw composting.
1	(title:Co-Effects of Nitrogen Fertilizer and Straw-Decomposing Microbial Inoculant on Decomposition and Transformation of Field Composted Wheat Straw) The result of the nutrients released in our study shows that straw nutrients are released quickly using the co-application treatment.
1	(title:Co-Effects of Nitrogen Fertilizer and Straw-Decomposing Microbial Inoculant on Decomposition and Transformation of Field Composted Wheat Straw) However, a single application promoting straw nutrient release is insignificant compared to co-application (Figure 1B ).
1	(title:Co-Effects of Nitrogen Fertilizer and Straw-Decomposing Microbial Inoculant on Decomposition and Transformation of Field Composted Wheat Straw) In our research, microbial activity and nutrient deficiency limited soil organic matter decomposition.
2	(title:Co-Effects of Nitrogen Fertilizer and Straw-Decomposing Microbial Inoculant on Decomposition and Transformation of Field Composted Wheat Straw) At the beginning of the decomposition, there is a rich source of N and P nutrients for strengthening the community of microbial decomposers; thus, the release rates of N and P nutrients reached the maximum rate in the first few days.
2	(title:Co-Effects of Nitrogen Fertilizer and Straw-Decomposing Microbial Inoculant on Decomposition and Transformation of Field Composted Wheat Straw) After 20 days, the microbial activity is reduced by nutrient deficiency.
2	(title:Co-Effects of Nitrogen Fertilizer and Straw-Decomposing Microbial Inoculant on Decomposition and Transformation of Field Composted Wheat Straw) Between 40 and 60 days, the release rates of N and P nutrients improved the process of microbial proliferation, which sharply decreased after 120 days.
1	(title:Co-Effects of Nitrogen Fertilizer and Straw-Decomposing Microbial Inoculant on Decomposition and Transformation of Field Composted Wheat Straw) Our study reveals that the co-application of nitrogen and microbes provides the necessary nutrients for microbe succession and boosts the number of degradation bacteria.
1	(title:Co-Effects of Nitrogen Fertilizer and Straw-Decomposing Microbial Inoculant on Decomposition and Transformation of Field Composted Wheat Straw) Analyzing the regulation of all the elements released, we found that some nutrients (N, P, Fe, Zn) manifest a phenomenon that is enrichment at an early stage, and the enrichment trend was amplified with the addition of nitrogen.
1	(title:Co-Effects of Nitrogen Fertilizer and Straw-Decomposing Microbial Inoculant on Decomposition and Transformation of Field Composted Wheat Straw) Yin et al. (2021) found a similar manifestation. The reason for the enrichment might relate to a priming effect, which happens in litter decomposition at the initial stage, which needs a proper C:N rate to finish the process of assimilation.
1	(title:Co-Effects of Nitrogen Fertilizer and Straw-Decomposing Microbial Inoculant on Decomposition and Transformation of Field Composted Wheat Straw) In addition, different elements from straw significantly affect the decomposing environment.
1	(title:Co-Effects of Nitrogen Fertilizer and Straw-Decomposing Microbial Inoculant on Decomposition and Transformation of Field Composted Wheat Straw) For example, nitrogen and phosphorus are essential nutrients for microbes to complete their life cycle and are consumed hugely during decomposition.
1	(title:Co-Effects of Nitrogen Fertilizer and Straw-Decomposing Microbial Inoculant on Decomposition and Transformation of Field Composted Wheat Straw) Iron is usually considered a key agent in microbe transformation by providing an ion carrier and regulating the ambiance of composting by altering its pH. The plant is poisoned by zinc by transforming the root architecture, and the enrichment of zinc makes a hypotoxic environment for a microbe or plant development.
1	(title:Co-Effects of Nitrogen Fertilizer and Straw-Decomposing Microbial Inoculant on Decomposition and Transformation of Field Composted Wheat Straw) However, potassium and copper flowed away during composting, for they are the most liable and plentiful nutrients with an ionic state during composting.
1	(title:Co-Effects of Nitrogen Fertilizer and Straw-Decomposing Microbial Inoculant on Decomposition and Transformation of Field Composted Wheat Straw) In addition, copper is supposed to be the coordination ion of laccase and cooperates with manganese in the process of decomposition enzyme synthesis.
1	(title:Co-Effects of Nitrogen Fertilizer and Straw-Decomposing Microbial Inoculant on Decomposition and Transformation of Field Composted Wheat Straw) In this study, we found that a single application of an exogenous factor (e.g., N or microorganisms) caused an insignificant increase in enzyme activity, meaning that the increased enzyme activity was short-term and cannot be sustained during the entire decomposition process (Table 1 ).
0	(title:Co-Effects of Nitrogen Fertilizer and Straw-Decomposing Microbial Inoculant on Decomposition and Transformation of Field Composted Wheat Straw) Similarly, some other studies observed a limit in the decomposition enzyme activity in the composting process.
1	(title:Co-Effects of Nitrogen Fertilizer and Straw-Decomposing Microbial Inoculant on Decomposition and Transformation of Field Composted Wheat Straw) It may result from a low demand for nutrients by soil microorganisms in the presence of available nutrients.
1	(title:Co-Effects of Nitrogen Fertilizer and Straw-Decomposing Microbial Inoculant on Decomposition and Transformation of Field Composted Wheat Straw) Generally, extracellular enzyme activity, that is, β-glucosidase, α-glucosidase, cellobiohydrolase, and β-xylosidase, depend on nutrient availability.
1	(title:Co-Effects of Nitrogen Fertilizer and Straw-Decomposing Microbial Inoculant on Decomposition and Transformation of Field Composted Wheat Straw) The co-application of the microorganisms and N improved enzyme activity (laccase, lignin peroxidase, and Mn-dependent peroxidase) during the whole period of straw decomposition, and our results indicated that the coapplication of microorganism and N caused higher oxidase activity when compared with the single application of these factors.
1	(title:Co-Effects of Nitrogen Fertilizer and Straw-Decomposing Microbial Inoculant on Decomposition and Transformation of Field Composted Wheat Straw) Likewise, the previous studies concluded that oxidase activity improved with nutrient addition.
1	(title:Co-Effects of Nitrogen Fertilizer and Straw-Decomposing Microbial Inoculant on Decomposition and Transformation of Field Composted Wheat Straw) It might be that the balance between nutrients and bacteria causes a negative feedback mechanism.
2	(title:Co-Effects of Nitrogen Fertilizer and Straw-Decomposing Microbial Inoculant on Decomposition and Transformation of Field Composted Wheat Straw) Meanwhile, the mechanism of nutrient control on enzyme activity is related to microbial metabolism's economic theory, which predicts that enzyme activity production declines in the presence of simple nutrients while increases when complex nutrients are abundant.
0	(title:Co-Effects of Nitrogen Fertilizer and Straw-Decomposing Microbial Inoculant on Decomposition and Transformation of Field Composted Wheat Straw) Besides, it is hard for microorganisms to colonize a new environment when competition happens between the exogenous and indigenous microorganisms if nutrients are available in insufficient amounts.
1	(title:Co-Effects of Nitrogen Fertilizer and Straw-Decomposing Microbial Inoculant on Decomposition and Transformation of Field Composted Wheat Straw) Generally, nutrient addition plays a pivotal role in straw decomposition and formation by regulating enzyme activity.
1	(title:Co-Effects of Nitrogen Fertilizer and Straw-Decomposing Microbial Inoculant on Decomposition and Transformation of Field Composted Wheat Straw) In this study, specific enzyme taxa were strongly correlated with various nutrient additions.
1	(title:Co-Effects of Nitrogen Fertilizer and Straw-Decomposing Microbial Inoculant on Decomposition and Transformation of Field Composted Wheat Straw) Consequently, linking straw decomposition and enzyme activity with nutrient addition is necessary.
0	(title:Co-Effects of Nitrogen Fertilizer and Straw-Decomposing Microbial Inoculant on Decomposition and Transformation of Field Composted Wheat Straw) To identify the links described above, we established a set of models using SEM that assessed the relationships between nutrient addition, various enzyme activity, and the decomposition indices (mass loss, nutrient released, and chemical structure).
1	(title:Co-Effects of Nitrogen Fertilizer and Straw-Decomposing Microbial Inoculant on Decomposition and Transformation of Field Composted Wheat Straw) The SEM suggested that the addition of microbes was negatively correlated with the straw decomposition rate, while nitrogen addition showed the opposite result.
2	(title:Co-Effects of Nitrogen Fertilizer and Straw-Decomposing Microbial Inoculant on Decomposition and Transformation of Field Composted Wheat Straw) Nitrogen improved the rate by increasing the laccase activity (Figure 3A ).
1	(title:Co-Effects of Nitrogen Fertilizer and Straw-Decomposing Microbial Inoculant on Decomposition and Transformation of Field Composted Wheat Straw) Bei et al. (2018) found that the soil and fungal communities were significantly increased with chemical fertilizer and manure.
0	(title:Co-Effects of Nitrogen Fertilizer and Straw-Decomposing Microbial Inoculant on Decomposition and Transformation of Field Composted Wheat Straw) Moreover, the present study is consistent with the previous studies.
1	(title:Co-Effects of Nitrogen Fertilizer and Straw-Decomposing Microbial Inoculant on Decomposition and Transformation of Field Composted Wheat Straw) Burke et al. (2011) also reported that fungal communities were positively correlated with soil enzymes involved in carbon C, N, and P cycling.
1	(title:Co-Effects of Nitrogen Fertilizer and Straw-Decomposing Microbial Inoculant on Decomposition and Transformation of Field Composted Wheat Straw) The SEM revealed that nitrogen or the addition of microbe boosted the nutrients released, while the addition of nitrogen showed a significantly negative correlation with the nitrogen release.
1	(title:Co-Effects of Nitrogen Fertilizer and Straw-Decomposing Microbial Inoculant on Decomposition and Transformation of Field Composted Wheat Straw) Meanwhile, nitrogen or the addition of microbes were strongly correlated with oxidase (laccase and MnP) activity (Figure 3B ).
1	(title:Co-Effects of Nitrogen Fertilizer and Straw-Decomposing Microbial Inoculant on Decomposition and Transformation of Field Composted Wheat Straw) In previous studies  , exogenous nutrient addition promoted straw nutrient release by raising the activity of hydrolases or oxidases, which is consistent with our studies.
1	(title:Co-Effects of Nitrogen Fertilizer and Straw-Decomposing Microbial Inoculant on Decomposition and Transformation of Field Composted Wheat Straw) Furthermore, we found enzyme activity did not significantly relate to nutrient release.
1	(title:Co-Effects of Nitrogen Fertilizer and Straw-Decomposing Microbial Inoculant on Decomposition and Transformation of Field Composted Wheat Straw) Microbes might absorb nutrients and enrich them through assimilation.
1	(title:Co-Effects of Nitrogen Fertilizer and Straw-Decomposing Microbial Inoculant on Decomposition and Transformation of Field Composted Wheat Straw) Straw decomposition decreased bacterial richness by increasing the abundance of specific taxa even though the nutrient component content increased.
1	(title:Co-Effects of Nitrogen Fertilizer and Straw-Decomposing Microbial Inoculant on Decomposition and Transformation of Field Composted Wheat Straw) The SEM showed that nitrogen and the addition of microbes were significantly positively correlated with MnP and laccase, and MnP and laccase were significantly correlated with A/OA (Figure 3C ).
1	(title:Co-Effects of Nitrogen Fertilizer and Straw-Decomposing Microbial Inoculant on Decomposition and Transformation of Field Composted Wheat Straw) This suggests that nitrogen and microbes, as the most available exogenous nutritious component, can enhance microbial activity, promote enzyme activity, and, thus, promote straw transformation.
0	(title:Co-Effects of Nitrogen Fertilizer and Straw-Decomposing Microbial Inoculant on Decomposition and Transformation of Field Composted Wheat Straw) The present study is consistent with the previous studies.
1	(title:Co-Effects of Nitrogen Fertilizer and Straw-Decomposing Microbial Inoculant on Decomposition and Transformation of Field Composted Wheat Straw) Moreover, Feng et al. (2019) found that the laccase enzyme is the main factor in lignin accumulation in straw incorporation.
1	(title:Co-Effects of Nitrogen Fertilizer and Straw-Decomposing Microbial Inoculant on Decomposition and Transformation of Field Composted Wheat Straw) The N availability or some specific bacteria communities were also strong factors.
0	(title:Co-Effects of Nitrogen Fertilizer and Straw-Decomposing Microbial Inoculant on Decomposition and Transformation of Field Composted Wheat Straw) The A/OA, as a vital index, elucidates upon the degree of decomposition.
1	(title:Co-Effects of Nitrogen Fertilizer and Straw-Decomposing Microbial Inoculant on Decomposition and Transformation of Field Composted Wheat Straw) We found that MS exhibited greater alkyl C and lower O-alkyl and aromatic C compared to NS, suggesting a greater degree of decomposition of organic matter in MS than in NS, and a previous study reached the same conclusion.
1	(title:Co-Effects of Nitrogen Fertilizer and Straw-Decomposing Microbial Inoculant on Decomposition and Transformation of Field Composted Wheat Straw) The straw compost integrated with nitrogen and microbes decomposed faster due to the higher enzyme activity, nutrient release, and chemical structure changes.
1	(title:Co-Effects of Nitrogen Fertilizer and Straw-Decomposing Microbial Inoculant on Decomposition and Transformation of Field Composted Wheat Straw) Nitrogen or microbes may facilitate decomposition through oxidase or hydrolase activity improvement, while nitrogen-combined microbes increased all kinds of enzyme activity, causing a higher availability of nutrients to be released and a larger decomposition potentiality of the straw compost.
1	(title:Co-Effects of Nitrogen Fertilizer and Straw-Decomposing Microbial Inoculant on Decomposition and Transformation of Field Composted Wheat Straw) The integration of a nitrogen fertilizer and a straw-decomposing microbial inoculant not only stimulated straw decomposition and enzyme activity better than a sole submission but also exhibited a lesser decay level, which includes the potential for further straw decomposition after 120 days.
0	(title:Co-application of nitrogen and straw-decomposing microbial inoculant enhanced wheat straw decomposition and rice yield in a paddy soil) Straw returning is a promising approach to improve soil fertility and to mitigate the negative effects of chemical fertilizers on soil quality.
0	(title:Co-application of nitrogen and straw-decomposing microbial inoculant enhanced wheat straw decomposition and rice yield in a paddy soil) However, straw degradation is a slow and multifactorial-controlled process. Herein, a field experiment (June 2010-September 2013) was carried out to examine the effects of concurrent application of chemical nitrogen (N) and straw-decomposing microbial inoculant (SDMI) on wheat straw decomposition and rice yield in a paddy soil, Anhui Province, East China.
0	(title:Co-application of nitrogen and straw-decomposing microbial inoculant enhanced wheat straw decomposition and rice yield in a paddy soil) To do so, four treatments were selected with basal N fertilization rates of 0 (CN 105 ), 67.5 (CN 24 ), 97.5 (CN 18 ), and 150 (CN 12 ) kg ha -1.
0	(title:Co-application of nitrogen and straw-decomposing microbial inoculant enhanced wheat straw decomposition and rice yield in a paddy soil) For all treatments, wheat straw and SDMI were applied at the equal rates of 6000 and 30 kg ha -1 , respectively.
0	(title:Co-application of nitrogen and straw-decomposing microbial inoculant enhanced wheat straw decomposition and rice yield in a paddy soil) To assess wheat straw decomposition, straw samples were taken at tillering, elongation, heading, and maturity stages of rice growth.
2	(title:Co-application of nitrogen and straw-decomposing microbial inoculant enhanced wheat straw decomposition and rice yield in a paddy soil) Results indicated that straw decomposition substantially increased two to over 15 times with rice growth.
2	(title:Co-application of nitrogen and straw-decomposing microbial inoculant enhanced wheat straw decomposition and rice yield in a paddy soil) In tillering stage, N amended straws had 7.5 to almost 21% higher decomposition than CN 105 due to the stimulation of soil microbes with higher N requirement.
2	(title:Co-application of nitrogen and straw-decomposing microbial inoculant enhanced wheat straw decomposition and rice yield in a paddy soil) After this stage, all treatments had rather similar decomposition rates.
1	(title:Co-application of nitrogen and straw-decomposing microbial inoculant enhanced wheat straw decomposition and rice yield in a paddy soil) This might attribute to SDMI application that, in turn, significantly increased soil microbial respiration (P < 0.05).
2	(title:Co-application of nitrogen and straw-decomposing microbial inoculant enhanced wheat straw decomposition and rice yield in a paddy soil) Generally, N addition increased grain yield 0.4-13.6% higher than CN 105.
1	(title:Co-application of nitrogen and straw-decomposing microbial inoculant enhanced wheat straw decomposition and rice yield in a paddy soil) This can be due the accelerated straw decomposition caused by boosting soil microbial activity/respiration.
1	(title:Co-application of nitrogen and straw-decomposing microbial inoculant enhanced wheat straw decomposition and rice yield in a paddy soil) Overall, our results suggested that CN 18 was the most favorable C/N ratio for both microbial straw decomposition and rice productivity in the study paddy soil.
1	(title:Co-application of nitrogen and straw-decomposing microbial inoculant enhanced wheat straw decomposition and rice yield in a paddy soil) Although we found that co-application of N and SDMI is an efficient/inexpensive approach to improve soil fertility and crop productivity through acceleration of straw degradation, full documentation of straw degradation in relation to the soil properties/agricultural management practices still requires long-term field trials.
0	(title:Co-application of nitrogen and straw-decomposing microbial inoculant enhanced wheat straw decomposition and rice yield in a paddy soil) China is the largest grain producer in the world with 900 million t of straw production in 2015.
0	(title:Co-application of nitrogen and straw-decomposing microbial inoculant enhanced wheat straw decomposition and rice yield in a paddy soil) Fertilization, biogas production, household fuel, animal feed, and raw material for furniture production and construction are the examples of straw utilization in China.
1	(title:Co-application of nitrogen and straw-decomposing microbial inoculant enhanced wheat straw decomposition and rice yield in a paddy soil) From the agricultural perspective, straw is a major source of soil carbon (C).
1	(title:Co-application of nitrogen and straw-decomposing microbial inoculant enhanced wheat straw decomposition and rice yield in a paddy soil) While, several other studies have shown improvements in soil fertility, enzyme activity, crop yield, and soil physical characteristics (e.g., aggregates, temperature, and moisture) after straw returning.
1	(title:Co-application of nitrogen and straw-decomposing microbial inoculant enhanced wheat straw decomposition and rice yield in a paddy soil) In addition, straw returning has been a judicious way to overcome and or to mitigate the environmental challenges in regards to over nitrogen (N) fertilization. i.e., high soil N accumulation, soil acidification, greenhouse gas (GHG) emissions, soil N leaching, and freshwater N contamination.
1	(title:Co-application of nitrogen and straw-decomposing microbial inoculant enhanced wheat straw decomposition and rice yield in a paddy soil) In terms of soil phosphorus (P) pools, straw retention reduced the concentration of soil solution P possibly due to the microbial P fixation, reducing the risk of P mobilization in Harbin Mollisols, North China.
1	(title:Co-application of nitrogen and straw-decomposing microbial inoculant enhanced wheat straw decomposition and rice yield in a paddy soil) In Jiangsu Province, Southeast China, a two-year full straw incorporation significantly increased soil available P by over 15% in a rice-wheat rotation system (0-20 cm).
0	(title:Co-application of nitrogen and straw-decomposing microbial inoculant enhanced wheat straw decomposition and rice yield in a paddy soil) However, straw decomposition is a slow process, which may impede tillage and crop growth.
0	(title:Co-application of nitrogen and straw-decomposing microbial inoculant enhanced wheat straw decomposition and rice yield in a paddy soil) To overcome this shortcoming, acceleration of straw decomposition is of major importance.
0	(title:Co-application of nitrogen and straw-decomposing microbial inoculant enhanced wheat straw decomposition and rice yield in a paddy soil) To do so, workers have been recently testing the straw decomposing agents successfully.
1	(title:Co-application of nitrogen and straw-decomposing microbial inoculant enhanced wheat straw decomposition and rice yield in a paddy soil) Besides, straw decomposition/mineralization is linked to its mode and rate of application, as well as soil properties and fertility.
1	(title:Co-application of nitrogen and straw-decomposing microbial inoculant enhanced wheat straw decomposition and rice yield in a paddy soil) For instance, concurrent returning maize and wheat straws were promising to improve crop yield, soil structure, and soil organic C (0-20 cm) under summer maize-winter wheat rotation in Shaanxi Province, Northwest China.
1	(title:Co-application of nitrogen and straw-decomposing microbial inoculant enhanced wheat straw decomposition and rice yield in a paddy soil) In the same geographical area, maize straw incorporation at a moderate level (9000 kg ha À1 ) was recommended to improve water use efficiency in dark loessial soil.
2	(title:Co-application of nitrogen and straw-decomposing microbial inoculant enhanced wheat straw decomposition and rice yield in a paddy soil) A recent review suggested that annual application rates of 1500-4500 and 2250-6750 kg ha -1 of rice and wheat straws, respectively, along with little or no tillage at a soil water content of between 15 and 22.5% increase soil organic C in rice-wheat rotation system.
0	(title:Co-application of nitrogen and straw-decomposing microbial inoculant enhanced wheat straw decomposition and rice yield in a paddy soil) These annual rates of straw applications are also recommended to promote soil quality and crop yields.
1	(title:Co-application of nitrogen and straw-decomposing microbial inoculant enhanced wheat straw decomposition and rice yield in a paddy soil) Furthermore, it is well-known that the rate and speed of straw decomposition are regulated by its physical properties and chemical composition, as well as climatic condition.
0	(title:Co-application of nitrogen and straw-decomposing microbial inoculant enhanced wheat straw decomposition and rice yield in a paddy soil) For instance, microbial decomposition of wheat straw with particles less than 1 cm was faster than larger ones.
1	(title:Co-application of nitrogen and straw-decomposing microbial inoculant enhanced wheat straw decomposition and rice yield in a paddy soil) Also, several studies highlighted the importance of C/N ratio of organic amendments to manipulate their decomposition, soil respiration, soil microbial biomass, and soil availability/retention of nutrients.
0	(title:Co-application of nitrogen and straw-decomposing microbial inoculant enhanced wheat straw decomposition and rice yield in a paddy soil) Given the positive contribution of straw returning to soil fertility/quality, its decomposition in relation to the integrated effects of straw chemical composition/physical structure, environmental factors, and decomposer agents require solid documentation.
0	(title:Co-application of nitrogen and straw-decomposing microbial inoculant enhanced wheat straw decomposition and rice yield in a paddy soil) As such, the combined impact of C/N ratio and straw decomposing agent on the rate and the speed of straw decomposition remains poorly documented.
0	(title:Co-application of nitrogen and straw-decomposing microbial inoculant enhanced wheat straw decomposition and rice yield in a paddy soil) Therefore, this study aimed to primarily identify the optimal C/N ratio for the decomposition of microbial decomposing amended straw and rice yield in a paddy soil, East China.
0	(title:Co-application of nitrogen and straw-decomposing microbial inoculant enhanced wheat straw decomposition and rice yield in a paddy soil) Furthermore, we paid special attention to evaluate the integrated effects of various C/N ratios and microbial decomposer on soil microbial properties (i.e., microbial biomass and respiration).
0	(title:Co-application of nitrogen and straw-decomposing microbial inoculant enhanced wheat straw decomposition and rice yield in a paddy soil) The results of this study are hoped to provide a cost-effective basis to promote/improve soil fertility/quality together with the environmental soil and water protection against excessive accumulation/mobilization of nutrients via chemical fertilization.
0	(title:Co-application of nitrogen and straw-decomposing microbial inoculant enhanced wheat straw decomposition and rice yield in a paddy soil) The field trial was carried out from June 2010 to September 2013 in Huoqiu County, Anhui Province, East China (116 32 0 E, 32 36 0 N).
0	(title:Co-application of nitrogen and straw-decomposing microbial inoculant enhanced wheat straw decomposition and rice yield in a paddy soil) The study area is located on the south bank of Huaihe River Basin, a north subtropical monsoon climate with a mean annual temperature and precipitation of 15.4 C and 950 mm, respectively.
0	(title:Co-application of nitrogen and straw-decomposing microbial inoculant enhanced wheat straw decomposition and rice yield in a paddy soil) The primary soil in this region is Ferric Luvisol  with silty loam texture; pH, 6; organic matter, 21.3 g kg -1 ; total N, 1.12 g kg -1 ; available (Olsen) P, 21.1 mg kg -1 ; available potassium (K), 180 mg kg -1 ; sand (2-0.05 mm), 28%; silt (0.05-0.002 mm), 37%; and clay (<0.002 mm), 35% in 0-15 cm.
0	(title:Co-application of nitrogen and straw-decomposing microbial inoculant enhanced wheat straw decomposition and rice yield in a paddy soil) Herein, wheat-rice rotation is the main cropping system.
0	(title:Co-application of nitrogen and straw-decomposing microbial inoculant enhanced wheat straw decomposition and rice yield in a paddy soil) We purchased the straw-decomposing microbial inoculant (SDMI) from Shanghai Lianye Agricultural Science and Technology Co. Ltd.
2	(title:Co-application of nitrogen and straw-decomposing microbial inoculant enhanced wheat straw decomposition and rice yield in a paddy soil) The SDMI contained Bacillus subtilils (2.21 Â 10 8 cells/g), Ballicus stearothermophilus (0.0054 Â 10 8 cells/g), Sreptomyces colin (0.17 Â 10 8 cells/g), and Streptomyces leucocephala (2.76 Â 10 8 cells/ g).
0	(title:Co-application of nitrogen and straw-decomposing microbial inoculant enhanced wheat straw decomposition and rice yield in a paddy soil) Before straw returning, the wheat residues (stalks and leaves) were grinded into small pieces (5-8 cm) and incorporated into the soil surface (0-15 cm) by tillage.
0	(title:Co-application of nitrogen and straw-decomposing microbial inoculant enhanced wheat straw decomposition and rice yield in a paddy soil) This study employed a randomized complete block design with three replicates.
0	(title:Co-application of nitrogen and straw-decomposing microbial inoculant enhanced wheat straw decomposition and rice yield in a paddy soil) The randomization of experimental plots carried out via RANDBETWEEN function in excel.
0	(title:Co-application of nitrogen and straw-decomposing microbial inoculant enhanced wheat straw decomposition and rice yield in a paddy soil) Each plot had 4 m (width) Â 6 m (length) (24 m 2 ) dimensions with 1 m buffer strips between the plots.
0	(title:Co-application of nitrogen and straw-decomposing microbial inoculant enhanced wheat straw decomposition and rice yield in a paddy soil) Four treatments were implemented at the research station including (1) SDMI amended wheat straw with no basal N fertilization (CN 105 ), (2) SDMI amended wheat straw with basal N fertilization of 67.5 kg ha-1 (CN 24 ), (3) SDMI amended wheat straw with basal N fertilization of 97.5 kg ha -1 (CN 18 ), and (4) SDMI amended wheat straw with basal N fertilization of 150 kg ha -1 (CN 12 ).
0	(title:Co-application of nitrogen and straw-decomposing microbial inoculant enhanced wheat straw decomposition and rice yield in a paddy soil) To do so, SDMI was mixed with ultra-pure water and then sprayed directly to the straw.
0	(title:Co-application of nitrogen and straw-decomposing microbial inoculant enhanced wheat straw decomposition and rice yield in a paddy soil) Organic C, total N, total P, and total K contents of wheat straw were 342, 3.3, 0.46, and 16.5 g kg
0	(title:Co-application of nitrogen and straw-decomposing microbial inoculant enhanced wheat straw decomposition and rice yield in a paddy soil) -1 , respectively. Details of chemical NPK fertilization are summarized in Table 1.
0	(title:Co-application of nitrogen and straw-decomposing microbial inoculant enhanced wheat straw decomposition and rice yield in a paddy soil) Prior to cropping, 200 ml nylon mesh bags (20 cm length, 15 cm width, and 0.074 mm diameter) were filled with 20 g of SDMI amended wheat straw to facilitate the monitoring of straw decomposition.
0	(title:Co-application of nitrogen and straw-decomposing microbial inoculant enhanced wheat straw decomposition and rice yield in a paddy soil) For each plot, 12 bags were randomly buried in soil depth 5-20 cm.
0	(title:Co-application of nitrogen and straw-decomposing microbial inoculant enhanced wheat straw decomposition and rice yield in a paddy soil) Straw samples were taken from June 4, 2013, to September 20, 2013 at the most important growth stages of rice (tillering, elongation, heading, and maturity stages) for better documentation of rice growth in relation to the straw decomposition.
0	(title:Co-application of nitrogen and straw-decomposing microbial inoculant enhanced wheat straw decomposition and rice yield in a paddy soil) The collected samples were stored in pre-embedded 200 ml nylon mesh bags and transferred to the lab.
0	(title:Co-application of nitrogen and straw-decomposing microbial inoculant enhanced wheat straw decomposition and rice yield in a paddy soil) Then, straw samples were thoroughly washed with deionized water and ovendried (75 C) to constant weight.
0	(title:Co-application of nitrogen and straw-decomposing microbial inoculant enhanced wheat straw decomposition and rice yield in a paddy soil) Where N t is the rate of straw decomposition (%); N 0 is the decomposition potential of straw (%); K is the constant rate of straw decomposition; t is time (d).
0	(title:Co-application of nitrogen and straw-decomposing microbial inoculant enhanced wheat straw decomposition and rice yield in a paddy soil) At each plot, simultaneous with straw sample collection, topsoil (0-15 cm) samples were also taken from seven different points, mixed thoroughly, placed in nylon bags, and refrigerated at 4 C until analysis.
0	(title:Co-application of nitrogen and straw-decomposing microbial inoculant enhanced wheat straw decomposition and rice yield in a paddy soil) Microbial respiration was determined by the modified closed chamber method.
0	(title:Co-application of nitrogen and straw-decomposing microbial inoculant enhanced wheat straw decomposition and rice yield in a paddy soil) Briefly, 10 g dry soil was placed in 250 ml plastic jars with butyl-rubber stoppers, pre-incubated at room temperature for 24 h, and then incubated at 25 C for another 24 h. The CO 2 concentration of the gas sample from each plastic jar was analyzed using a gas chromatograph (HP 7890B, Agilent Technologies) equipped with a Porapak Q 80/100 SS chromatographic column and a flame ionization detector (FID).
0	(title:Co-application of nitrogen and straw-decomposing microbial inoculant enhanced wheat straw decomposition and rice yield in a paddy soil) Microbial biomass C and N were measured by the modified fumigation-extraction method.
0	(title:Co-application of nitrogen and straw-decomposing microbial inoculant enhanced wheat straw decomposition and rice yield in a paddy soil) To do so, three replicates of 12.5 g fresh soil samples were placed in 250 ml centrifuge tubes and one of them was fumigated at room temperature for 24 h by adding 0.5 ml ethanol-free chloroform.
0	(title:Co-application of nitrogen and straw-decomposing microbial inoculant enhanced wheat straw decomposition and rice yield in a paddy soil) Both fumigated and non-fumigated soils were extracted with 50 ml 0.5 M K 2 SO 4 solutions for 30 min.
0	(title:Co-application of nitrogen and straw-decomposing microbial inoculant enhanced wheat straw decomposition and rice yield in a paddy soil) The contents of C and N in the extracts were determined by an automated total C analyzer (vario TOC, Elementar, Germany), and a modified micro-Kjeldahl method, respectively.
0	(title:Co-application of nitrogen and straw-decomposing microbial inoculant enhanced wheat straw decomposition and rice yield in a paddy soil) The factors used to convert the extracted organic C and N to microbial biomass C and N were 0.38 and 0.45, respectively.
0	(title:Co-application of nitrogen and straw-decomposing microbial inoculant enhanced wheat straw decomposition and rice yield in a paddy soil) The microbial biomass C/N ratio was calculated to provide clues of alternations of the microbial composition.
0	(title:Co-application of nitrogen and straw-decomposing microbial inoculant enhanced wheat straw decomposition and rice yield in a paddy soil) All measurements were done in three replicates.
0	(title:Co-application of nitrogen and straw-decomposing microbial inoculant enhanced wheat straw decomposition and rice yield in a paddy soil) For each treatment, the panicles at three different locations with an area of 1 m 2 were counted to measure the number of panicles per square meter.
0	(title:Co-application of nitrogen and straw-decomposing microbial inoculant enhanced wheat straw decomposition and rice yield in a paddy soil) The panicles were then harvested, threshed manually, and the grains were air-dried to ~14% moisture content to determine the yield, grains per panicle, and filled grain percentage.
0	(title:Co-application of nitrogen and straw-decomposing microbial inoculant enhanced wheat straw decomposition and rice yield in a paddy soil) Three samples of 1000 filled grains from each plot were randomly selected, then weighed to determine the 1000-grain weight.
0	(title:Co-application of nitrogen and straw-decomposing microbial inoculant enhanced wheat straw decomposition and rice yield in a paddy soil) The effects of different treatments on straw decomposition, soil microbial properties, and crop yield were tested using one-way ANOVA followed by Duncan's test.
0	(title:Co-application of nitrogen and straw-decomposing microbial inoculant enhanced wheat straw decomposition and rice yield in a paddy soil) The effects of different treatments and sampling time on straw decomposition and soil microbial properties were explored via a repeated-measures ANOVA.
0	(title:Co-application of nitrogen and straw-decomposing microbial inoculant enhanced wheat straw decomposition and rice yield in a paddy soil) Partial Least Square (PLS) was employed to analyze the correlation between straw decomposition rate and soil microbial properties.
0	(title:Co-application of nitrogen and straw-decomposing microbial inoculant enhanced wheat straw decomposition and rice yield in a paddy soil) The correlation between crop yield and straw decomposition rate was evaluated via Pearson's correlation coefficient.
0	(title:Co-application of nitrogen and straw-decomposing microbial inoculant enhanced wheat straw decomposition and rice yield in a paddy soil) All statistical analyses and graphs were performed in SPSS 21 (IBMCorporation, NY, USA) and Origin 9 (OriginLab Inc, Northampton,MA).
2	(title:Co-application of nitrogen and straw-decomposing microbial inoculant enhanced wheat straw decomposition and rice yield in a paddy soil) Fig. 1 shows the changes in straw decomposition under different treatments and stages of rice growth.
1	(title:Co-application of nitrogen and straw-decomposing microbial inoculant enhanced wheat straw decomposition and rice yield in a paddy soil) Overall, CN 18 significantly decomposed 42% of straw during the rice growth (P < 0.05).
1	(title:Co-application of nitrogen and straw-decomposing microbial inoculant enhanced wheat straw decomposition and rice yield in a paddy soil) Whereas, other treatments caused a rather similar rate of straw decomposition of about 35%.
2	(title:Co-application of nitrogen and straw-decomposing microbial inoculant enhanced wheat straw decomposition and rice yield in a paddy soil) Furthermore, the highest and the lowest rates of straw decomposition were observed in the maturity and tillering stages, respectively, with mean values of 52.2 and 13.6%, respectively, suggesting an increase in decomposition rate with rice growth.
1	(title:Co-application of nitrogen and straw-decomposing microbial inoculant enhanced wheat straw decomposition and rice yield in a paddy soil) In the tillering stage, in particular, straw decomposition was significantly influenced by the C/N ratio (P < 0.05).
2	(title:Co-application of nitrogen and straw-decomposing microbial inoculant enhanced wheat straw decomposition and rice yield in a paddy soil) In accordance, N treated straw samples (e.g., CN 12 , CN 18 , and CN 24 ) were degraded up to seven folds than CN 105 particularly for CN 18 with a decomposition rate of 24.2%.
1	(title:Co-application of nitrogen and straw-decomposing microbial inoculant enhanced wheat straw decomposition and rice yield in a paddy soil) The variations in the rates of straw decomposition with time were successfully fitted with the first-order kinetic equation (Table 2 ).
2	(title:Co-application of nitrogen and straw-decomposing microbial inoculant enhanced wheat straw decomposition and rice yield in a paddy soil) As shown, N treated straws had rather similar potential rates (N 0 ) of decomposition of about 60%, significantly higher than CN 105 (NA) (P < 0.01).
1	(title:Co-application of nitrogen and straw-decomposing microbial inoculant enhanced wheat straw decomposition and rice yield in a paddy soil) Based on the constant (K) rates of straw decomposition and correlation coefficients (R 2 ) of the first-order kinetic equation, N amended straws were ordered as CN 18(K ¼ 0.023, R 2 ¼ 096)> CN 24 (K ¼ 0.01, R 2 ¼ 0.81)>
2	(title:Co-application of nitrogen and straw-decomposing microbial inoculant enhanced wheat straw decomposition and rice yield in a paddy soil) Overall, fluctuations appeared in microbial properties under the different treatments with rice growth (Fig. 2 ).
1	(title:Co-application of nitrogen and straw-decomposing microbial inoculant enhanced wheat straw decomposition and rice yield in a paddy soil) The C/N ratio had no significant effect on microbial respiration in elongation and heading stages; whereas the microbial respiration of N treated straws was significantly 1.5 times higher than that of CN 105 in the tillering stage (Fig. 2A ).
2	(title:Co-application of nitrogen and straw-decomposing microbial inoculant enhanced wheat straw decomposition and rice yield in a paddy soil) Unlike, the highest microbial respiration (mean AE SD values, 61.7 AE 1.13) in the maturity stage occurred for CN 105 (P < 0.05).
2	(title:Co-application of nitrogen and straw-decomposing microbial inoculant enhanced wheat straw decomposition and rice yield in a paddy soil) Except for heading stage, significant differences were observed in the contents of microbial biomass C among different treatments with rice growth (P < 0.05) (Fig. 2B ).
2	(title:Co-application of nitrogen and straw-decomposing microbial inoculant enhanced wheat straw decomposition and rice yield in a paddy soil) Results indicated a general decrease in microbial biomass C with rice growth from 310 AE 50 (tillering stage) to 285 AE 10.5 (maturity stage) mg kg-1. 
2	(title:Co-application of nitrogen and straw-decomposing microbial inoculant enhanced wheat straw decomposition and rice yield in a paddy soil) Thus, the highest (437 AE 71.5) and the lowest (214 AE 8.41) contents of microbial biomass C were found for CN 12 and CN 18 treatments, respectively, in tillering and maturity stages, respectively.
2	(title:Co-application of nitrogen and straw-decomposing microbial inoculant enhanced wheat straw decomposition and rice yield in a paddy soil) Similarly, a decrease occurred in microbial biomass N versus rice growth from 62.4 AE 19.1 (tillering stage) to 29.5 AE 2.7 (maturity stage) with significant differences associated with the C/N ratio in elongation and heading stages (P < 0.05) (Fig. 2C ).
2	(title:Co-application of nitrogen and straw-decomposing microbial inoculant enhanced wheat straw decomposition and rice yield in a paddy soil) However, the highest (98.5 AE 42) and the lowest (23 AE 0.2) contents of microbial biomass N were seen in the tillering stages of CN 18 and CN 105 , respectively.
2	(title:Co-application of nitrogen and straw-decomposing microbial inoculant enhanced wheat straw decomposition and rice yield in a paddy soil) Unlike microbial biomass N, microbial biomass C/N generally increased by over 30% from tillering to maturity stages (Fig. 2D ).
1	(title:Co-application of nitrogen and straw-decomposing microbial inoculant enhanced wheat straw decomposition and rice yield in a paddy soil) Except for elongation stage, other stages of rice growth showed significant differences in their contents of C/N ratio with basal N fertilization (P < 0.05).
2	(title:Co-application of nitrogen and straw-decomposing microbial inoculant enhanced wheat straw decomposition and rice yield in a paddy soil) Furthermore, the highest (15.4 AE 1.32) and the lowest (3.84 AE 1.36) contents of microbial biomass C/N ratio were found for CN 12 (elongation stage) and CN 18 (tillering stage), respectively.
2	(title:Co-application of nitrogen and straw-decomposing microbial inoculant enhanced wheat straw decomposition and rice yield in a paddy soil) Table 3 indicates that straw decomposition, microbial respiration, and biomass C were significantly influenced by the time of straw sample collection at P levels of 0.01, 0.01, and 0.05, respectively.
2	(title:Co-application of nitrogen and straw-decomposing microbial inoculant enhanced wheat straw decomposition and rice yield in a paddy soil) While, microbial biomass N and C/N ratio were significantly changed with the basal N addition at the P levels of 0.01 and Fig. 1.
0	(title:Co-application of nitrogen and straw-decomposing microbial inoculant enhanced wheat straw decomposition and rice yield in a paddy soil) Rate of wheat straw decomposition in relation to the different C/N ratios and stages of rice growth.
2	(title:Co-application of nitrogen and straw-decomposing microbial inoculant enhanced wheat straw decomposition and rice yield in a paddy soil) Each bar is the standard deviation of three replicates. Numbers followed by different lowercase letters in the same row are significantly different at P < 0.05. 0.05, respectively.
1	(title:Co-application of nitrogen and straw-decomposing microbial inoculant enhanced wheat straw decomposition and rice yield in a paddy soil) Nonetheless, the interaction of sampling time and basal N application only had significant effects on microbial respiration (P < 0.05) and microbial biomass C/N ratio (P < 0.01).
0	(title:Co-application of nitrogen and straw-decomposing microbial inoculant enhanced wheat straw decomposition and rice yield in a paddy soil) In this study, rice components (e.g., panicle number per m 2 , grains per panicle, filled grain percentage, 1000-grain weight, and grain yield) were used as indicators to assess rice yield in relation to the different treatments and the rates of N application (Table 4 ).
1	(title:Co-application of nitrogen and straw-decomposing microbial inoculant enhanced wheat straw decomposition and rice yield in a paddy soil) Overall, rice components increased with increasing N application. Correspondingly, basal N fertilization led to a significantly higher panicle number per m 2 than CN 105 (P < 0.05).
2	(title:Co-application of nitrogen and straw-decomposing microbial inoculant enhanced wheat straw decomposition and rice yield in a paddy soil) Thus, the highest and the lowest panicle number per m 2 were seen for CN 12 (13.7) and CN 105 (10.4) , respectively.
2	(title:Co-application of nitrogen and straw-decomposing microbial inoculant enhanced wheat straw decomposition and rice yield in a paddy soil) In addition, the basal N fertilization significantly increased the number of grains per panicle by 15-22% compared with CN 105 (P < 0.05).
2	(title:Co-application of nitrogen and straw-decomposing microbial inoculant enhanced wheat straw decomposition and rice yield in a paddy soil) Conversely, the field grain percentage decreased with increasing basal N as CN1 05 had a significantly higher field grain percentage than CN 12 with the mean Each value in is the mean AE SD of three replicates.
2	(title:Co-application of nitrogen and straw-decomposing microbial inoculant enhanced wheat straw decomposition and rice yield in a paddy soil) Numbers followed by different lowercase letters in the same column are significantly different at P < 0.05. values of 85.2 and 74%, respectively (P < 0.05).
1	(title:Co-application of nitrogen and straw-decomposing microbial inoculant enhanced wheat straw decomposition and rice yield in a paddy soil) Nevertheless, 1000grain weight and grain yield were rather independent of C/N ratio.
2	(title:Co-application of nitrogen and straw-decomposing microbial inoculant enhanced wheat straw decomposition and rice yield in a paddy soil) For instance, the mean1000-grain weight of 26.9 g of N amended rice plants was very close to 27.3 of CN 105.
2	(title:Co-application of nitrogen and straw-decomposing microbial inoculant enhanced wheat straw decomposition and rice yield in a paddy soil) Likewise, mean grain yields of N amended and CN 105 rice plants of 7930 and 7280 kg ha -1 , respectively, were not significantly different.
2	(title:Co-application of nitrogen and straw-decomposing microbial inoculant enhanced wheat straw decomposition and rice yield in a paddy soil) Altogether, CN 18 maximized rice yield with rather higher values of rice components particularly for grain yield (8270 kg ha -1 ) compared with the other treatments.
0	(title:Co-application of nitrogen and straw-decomposing microbial inoculant enhanced wheat straw decomposition and rice yield in a paddy soil) The rate of straw decomposition in conjunction with soil microbial properties was assessed by partial least square (PLS) regression analysis (Table 5 ).
1	(title:Co-application of nitrogen and straw-decomposing microbial inoculant enhanced wheat straw decomposition and rice yield in a paddy soil) Results indicated that the rate of straw decomposition and microbial respiration had positive correlations in elongation and maturity stages, but negative correlations in tillering and heading stages (Table 5 ).
1	(title:Co-application of nitrogen and straw-decomposing microbial inoculant enhanced wheat straw decomposition and rice yield in a paddy soil) In addition, the rate of straw decomposition was positively correlated with microbial biomass N and C/N ratio during rice growth, except for tillering stage.
1	(title:Co-application of nitrogen and straw-decomposing microbial inoculant enhanced wheat straw decomposition and rice yield in a paddy soil) Unlike, microbial biomass C negatively affected the rate of straw decomposition.
2	(title:Co-application of nitrogen and straw-decomposing microbial inoculant enhanced wheat straw decomposition and rice yield in a paddy soil) Pearson's correlation coefficients to assess the components of rice yield in relation to straw decomposition in the maturity stage are presented in Fig. 3.
1	(title:Co-application of nitrogen and straw-decomposing microbial inoculant enhanced wheat straw decomposition and rice yield in a paddy soil) In accordance, grain yield had significant positive correlation with the rate of straw decomposition (P < 0.05).
1	(title:Co-application of nitrogen and straw-decomposing microbial inoculant enhanced wheat straw decomposition and rice yield in a paddy soil) Whereas, a non-significant positive correlation occurred between filled grain percentage and straw decomposition.
1	(title:Co-application of nitrogen and straw-decomposing microbial inoculant enhanced wheat straw decomposition and rice yield in a paddy soil) However, straw decomposition was negatively correlated with 1000-grain weight, grains per panicle, and panicle number per m 2.
1	(title:Co-application of nitrogen and straw-decomposing microbial inoculant enhanced wheat straw decomposition and rice yield in a paddy soil) Except for the tillering stage, C/N ratio had no significant influence on the rate of straw decomposition with rice growth (Fig. 1 ).
1	(title:Co-application of nitrogen and straw-decomposing microbial inoculant enhanced wheat straw decomposition and rice yield in a paddy soil) This can be explained by the changes in soil microbial properties in response to the basal N fertilization.
1	(title:Co-application of nitrogen and straw-decomposing microbial inoculant enhanced wheat straw decomposition and rice yield in a paddy soil) Thus, we inferred that N was the limiting factor for microbial straw decomposition in CN 105 treatment due to its significantly lower microbial respiration and biomass N than N amended straws in the tillering stage (Fig. 2A and C ).
1	(title:Co-application of nitrogen and straw-decomposing microbial inoculant enhanced wheat straw decomposition and rice yield in a paddy soil) Unlike, basal N fertilization supplied N for soil microorganisms, boosting their activity for straw decomposition.
2	(title:Co-application of nitrogen and straw-decomposing microbial inoculant enhanced wheat straw decomposition and rice yield in a paddy soil) Herein, basal N application increased microbial respiration and biomass N by 30-48% and 92-327%, respectively, particularly in CN 18.
1	(title:Co-application of nitrogen and straw-decomposing microbial inoculant enhanced wheat straw decomposition and rice yield in a paddy soil) Moreover, N deficiency in CN 105 treatment might have led to a competition between rice plants and microorganisms to uptake soil native N, reducing straw decomposition.
1	(title:Co-application of nitrogen and straw-decomposing microbial inoculant enhanced wheat straw decomposition and rice yield in a paddy soil) It is worth mentioning that the anaerobic condition during rice cultivation may result in stable microbial communities in paddy soils.
1	(title:Co-application of nitrogen and straw-decomposing microbial inoculant enhanced wheat straw decomposition and rice yield in a paddy soil) Accordingly, N application would have possibly stimulated with higher N requirements to undertake straw decomposition.
1	(title:Co-application of nitrogen and straw-decomposing microbial inoculant enhanced wheat straw decomposition and rice yield in a paddy soil) However, from the first-order kinetic equation, N amended straws showed significantly higher potential for straw decomposition than CN 105 over time (Table 2 ).
1	(title:Co-application of nitrogen and straw-decomposing microbial inoculant enhanced wheat straw decomposition and rice yield in a paddy soil) This is in agreement with several previous reports. Regardless of treatment, the rate of straw decomposition had an increasing trend with rice growth as about 50-60% of wheat straws was decomposed in the maturity stage.
1	(title:Co-application of nitrogen and straw-decomposing microbial inoculant enhanced wheat straw decomposition and rice yield in a paddy soil) We assumed that SDMI has been partly responsible for this issue.
0	(title:Co-application of nitrogen and straw-decomposing microbial inoculant enhanced wheat straw decomposition and rice yield in a paddy soil) This can be witnessed by the positive changes in soil microbial properties, as also revealed by PLS analysis.
1	(title:Co-application of nitrogen and straw-decomposing microbial inoculant enhanced wheat straw decomposition and rice yield in a paddy soil) Besides, positive correlations among microbial biomass N and C/N ratio with straw decomposition might also attribute to SMDI application, except for tillering stage.
1	(title:Co-application of nitrogen and straw-decomposing microbial inoculant enhanced wheat straw decomposition and rice yield in a paddy soil) Altogether, our results suggested that CN 18 was the optimal C/N ratio for wheat straw decomposition.
1	(title:Co-application of nitrogen and straw-decomposing microbial inoculant enhanced wheat straw decomposition and rice yield in a paddy soil) This is in agreement with Mooshammer et al.  who found accelerated straw decomposition at C/N ratio below 20-25, but slightly lower than the optimum range of 25-30 suggested by Jin et al..
1	(title:Co-application of nitrogen and straw-decomposing microbial inoculant enhanced wheat straw decomposition and rice yield in a paddy soil) In this study, straw returning together with N application generally increased rice yield components.
2	(title:Co-application of nitrogen and straw-decomposing microbial inoculant enhanced wheat straw decomposition and rice yield in a paddy soil) In particular, in the maturity stage, grain yield in N amended treatments was 30-990 kg ha -1 higher than CN 105.
0	(title:Co-application of nitrogen and straw-decomposing microbial inoculant enhanced wheat straw decomposition and rice yield in a paddy soil) This is consistent with several other studies. This might be due to several reasons.
1	(title:Co-application of nitrogen and straw-decomposing microbial inoculant enhanced wheat straw decomposition and rice yield in a paddy soil) First, it has been well understood that straw returning alone improves soil fertility via substantial increases in organic matter (OM) and total N, as well as promoting soil microbial diversity.
1	(title:Co-application of nitrogen and straw-decomposing microbial inoculant enhanced wheat straw decomposition and rice yield in a paddy soil) However, an increase in rice yield might be due to the co-application of basal N and SDMI, thus accelerating straw degradation and nutrient release in this work.
1	(title:Co-application of nitrogen and straw-decomposing microbial inoculant enhanced wheat straw decomposition and rice yield in a paddy soil) The significant positive correlation (P < 0.05) between straw decomposition and grain yield in the maturity stage documents this claim (Fig. 3 ).
1	(title:Co-application of nitrogen and straw-decomposing microbial inoculant enhanced wheat straw decomposition and rice yield in a paddy soil) Correspondingly, CN 18 with the highest rate of straw decomposition had the highest grain yield.
1	(title:Co-application of nitrogen and straw-decomposing microbial inoculant enhanced wheat straw decomposition and rice yield in a paddy soil) Unlike, high C/N ratio of 105 might have led to the microbial fixation of some available soil N that, in turn, inhibits rice growth due to the N deficiency.
1	(title:Co-application of nitrogen and straw-decomposing microbial inoculant enhanced wheat straw decomposition and rice yield in a paddy soil) Second, significantly higher panicle number per m 2 and grains per panicle in N amended straws than CN 105 emphasizes the contribution of basal N application to increase rice yield.
1	(title:Co-application of nitrogen and straw-decomposing microbial inoculant enhanced wheat straw decomposition and rice yield in a paddy soil) Others have earlier noted the importance of panicles to increase rice yield.
2	(title:Co-application of nitrogen and straw-decomposing microbial inoculant enhanced wheat straw decomposition and rice yield in a paddy soil) Nonetheless, panicle number per m 2 (10.4) and grains per panicle (215) in CN 105 treatment were still high which might attribute to the SDMI application.
1	(title:Co-application of nitrogen and straw-decomposing microbial inoculant enhanced wheat straw decomposition and rice yield in a paddy soil) Third, the OM content of wheat straw can improve soil physiochemical and biological properties, providing a suitable situation for crop productivity.
1	(title:Co-application of nitrogen and straw-decomposing microbial inoculant enhanced wheat straw decomposition and rice yield in a paddy soil) Furthermore, anaerobic condition in this study might have provided a more favorable situation for microbial decomposition of wheat straw.
0	(title:Co-application of nitrogen and straw-decomposing microbial inoculant enhanced wheat straw decomposition and rice yield in a paddy soil) However, non-significant changes in filled grain percentage and 1000-grain weight might attribute to only three years of straw returning.
1	(title:Co-application of nitrogen and straw-decomposing microbial inoculant enhanced wheat straw decomposition and rice yield in a paddy soil) Therefore, the applied straw needs longer time for degradation and releasing its nutrients.
2	(title:Co-application of nitrogen and straw-decomposing microbial inoculant enhanced wheat straw decomposition and rice yield in a paddy soil) The slight reduction in 1000-grain weight in N amended straws is in line with some previous works.
0	(title:Co-application of nitrogen and straw-decomposing microbial inoculant enhanced wheat straw decomposition and rice yield in a paddy soil) Albeit, these studies were carried out on dryland conditions.
1	(title:Co-application of nitrogen and straw-decomposing microbial inoculant enhanced wheat straw decomposition and rice yield in a paddy soil) Although the present work successfully addressed the effects of coapplication of N and SDMI on both wheat straw decomposition and rice yield, the following lines remain noteworthy to investigate in the future:
1	(title:Co-application of nitrogen and straw-decomposing microbial inoculant enhanced wheat straw decomposition and rice yield in a paddy soil) (1) It is now well-known that straw returning has a substantial influence on soil properties due to its richness of OM and nutrients.
0	(title:Co-application of nitrogen and straw-decomposing microbial inoculant enhanced wheat straw decomposition and rice yield in a paddy soil) Therefore, it is important to document both temporal and spatial changes in soil nutrients and physiochemical properties in relation to straw amended with microbial decomposers.
0	(title:Co-application of nitrogen and straw-decomposing microbial inoculant enhanced wheat straw decomposition and rice yield in a paddy soil) Furthermore, straw decomposition should be explored in conjunction with the soil affecting properties. i.e., moisture, temperature, particle size distribution, pH, as well as agricultural management. i.e., irrigation, fertilization, and tillage practices.
1	(title:Co-application of nitrogen and straw-decomposing microbial inoculant enhanced wheat straw decomposition and rice yield in a paddy soil) (2) Since microorganisms are among the key factors mineralizing organic matter/plant residues, their diversity/functionality should be studied in regards to the soil properties integrated with N and or SDMI amended straws.
0	(title:Co-application of nitrogen and straw-decomposing microbial inoculant enhanced wheat straw decomposition and rice yield in a paddy soil) Besides, soil enzymatic activity should be addressed. This way, the microbial contribution to straw decomposition can be better documented.
1	(title:Co-application of nitrogen and straw-decomposing microbial inoculant enhanced wheat straw decomposition and rice yield in a paddy soil) (3) Particle size and chemical composition are the two main influencing factors of plant residues.
0	(title:Co-application of nitrogen and straw-decomposing microbial inoculant enhanced wheat straw decomposition and rice yield in a paddy soil) Therefore, our future work should pay major attention to the effects of these properties together with the mode of straw placement on soil qualities, microbial diversity/ activity, and crop productivity.
0	(title:Co-application of nitrogen and straw-decomposing microbial inoculant enhanced wheat straw decomposition and rice yield in a paddy soil) In addition, we should characterize the difficulty degraded straw components over time.
1	(title:Co-application of nitrogen and straw-decomposing microbial inoculant enhanced wheat straw decomposition and rice yield in a paddy soil) Accordingly, appropriate decomposers or microbes can be applied to efficiently accelerate the degradation of these components.
0	(title:Co-application of nitrogen and straw-decomposing microbial inoculant enhanced wheat straw decomposition and rice yield in a paddy soil) This calls for long-term field or experimental trials as straw degradation commonly takes place slowly.
0	(title:Co-application of nitrogen and straw-decomposing microbial inoculant enhanced wheat straw decomposition and rice yield in a paddy soil) (4) From the environmental perspective, future research should investigate the effects of straw returning on spatial and temporal precipitation/mobilization of soil nutrients, particularly for N and P in paddy soils.
0	(title:Co-application of nitrogen and straw-decomposing microbial inoculant enhanced wheat straw decomposition and rice yield in a paddy soil) This is noticeable via taking into account the large variations between acid fine-textured southwestern soils to alkaline coarse-textured northern soils in China.
0	(title:Co-application of nitrogen and straw-decomposing microbial inoculant enhanced wheat straw decomposition and rice yield in a paddy soil) The present study, using a three-year field assay, addressed the effects of basal N fertilizer together with straw-decomposing microbial inoculant (SDMI) on wheat straw decomposition and rice yield in a paddy soil, Anhui Province, East China.
0	(title:Co-application of nitrogen and straw-decomposing microbial inoculant enhanced wheat straw decomposition and rice yield in a paddy soil) To do so, four treatments were applied varying in their basal N addition from 0 (CN 105 ) to 150 kg ha -1 (CN 12 ).
0	(title:Co-application of nitrogen and straw-decomposing microbial inoculant enhanced wheat straw decomposition and rice yield in a paddy soil) Overall, a potential increase happened in the rates of straw decomposition with rice growth for two possible reasons.
1	(title:Co-application of nitrogen and straw-decomposing microbial inoculant enhanced wheat straw decomposition and rice yield in a paddy soil) On one hand, N application might have triggered soil microorganisms with higher N requirements to undertake straw decomposition.
1	(title:Co-application of nitrogen and straw-decomposing microbial inoculant enhanced wheat straw decomposition and rice yield in a paddy soil) On the other hand, SDMI employment has been a significant cause of increased microbial activity/respiration, boosting straw decomposition in all treatments.
2	(title:Co-application of nitrogen and straw-decomposing microbial inoculant enhanced wheat straw decomposition and rice yield in a paddy soil) However, N treated straws had significantly higher rates of straw decomposition and microbial respiration and biomass N than CN 105 in tillering stage (P < 0.05).
1	(title:Co-application of nitrogen and straw-decomposing microbial inoculant enhanced wheat straw decomposition and rice yield in a paddy soil) Furthermore, the co-application of N and SDMI increased rice yield components in the maturity stage.
1	(title:Co-application of nitrogen and straw-decomposing microbial inoculant enhanced wheat straw decomposition and rice yield in a paddy soil) This was, in particular, seen for N treated straw with higher N supply.
1	(title:Co-application of nitrogen and straw-decomposing microbial inoculant enhanced wheat straw decomposition and rice yield in a paddy soil) Although, straw returning itself improves soil fertility and physical properties due to its high contents of OM and nutrients.
1	(title:Co-application of nitrogen and straw-decomposing microbial inoculant enhanced wheat straw decomposition and rice yield in a paddy soil) Altogether, our results suggested to adjust the C/N ratio in the study paddy soil to 18 via N fertilization, straw returning, and SDMI application at the rates of 97.5, 6000, and 30 kg ha , respectively, to maximize microbial straw decomposition and rice productivity.
0	(title:DECOMPOSITION AND CHEMICAL COMPOSITION OF CEREAL STRAW) The influence of environment, management practices and cuttivar on the rate of cereal straw decomposition was assessed in laboratory and field studies.
0	(title:DECOMPOSITION AND CHEMICAL COMPOSITION OF CEREAL STRAW) Decomposition was measured using the reduction in dry wt as an indicator of decomposition.
1	(title:DECOMPOSITION AND CHEMICAL COMPOSITION OF CEREAL STRAW) The rate of straw decomposition decreased with reductions in water potential at potentials below -0.1 MPa.
2	(title:DECOMPOSITION AND CHEMICAL COMPOSITION OF CEREAL STRAW) The decomposition rate at -0.OlMPa was lower than at -0.1 MPa.
2	(title:DECOMPOSITION AND CHEMICAL COMPOSITION OF CEREAL STRAW) The rate of straw decomposition increased with increasing temperature over the range measured (S-35'C).
2	(title:DECOMPOSITION AND CHEMICAL COMPOSITION OF CEREAL STRAW) Buried straw decomposed more rapidly than surface straw in all treatments except at -0.01 and -5.0 MPa.
0	(title:DECOMPOSITION AND CHEMICAL COMPOSITION OF CEREAL STRAW) The influence of three stubble management practices on the rate of decomposition of straw of two wheat cultivars.
0	(title:DECOMPOSITION AND CHEMICAL COMPOSITION OF CEREAL STRAW) Suneca and Kite, was assessed in field experiments lasting 2 yr.
1	(title:DECOMPOSITION AND CHEMICAL COMPOSITION OF CEREAL STRAW) The rate of decomposition was greatest following the partial incorporation and burial of wheat residues.
1	(title:DECOMPOSITION AND CHEMICAL COMPOSITION OF CEREAL STRAW) The retention of residues on the soil surface retarded decomposition.
1	(title:DECOMPOSITION AND CHEMICAL COMPOSITION OF CEREAL STRAW) The straw of wheat and barley cultivars tested in the laboratory varied significantly in respect of the rate of decomposition.
1	(title:DECOMPOSITION AND CHEMICAL COMPOSITION OF CEREAL STRAW) The straw of barley cultivars decomposed more rapidly than straw of the wheat cultivars tested.
1	(title:DECOMPOSITION AND CHEMICAL COMPOSITION OF CEREAL STRAW) In the field studies there was no significant difference in the rate of decomposition of straw of the two cultivars.
2	(title:DECOMPOSITION AND CHEMICAL COMPOSITION OF CEREAL STRAW) The percentage of hot water-soluble components, hemicellulose and cellulose decreased, while the proportion of lignin increased as the straw decomposed.
2	(title:DECOMPOSITION AND CHEMICAL COMPOSITION OF CEREAL STRAW) Total N increased in buried straw, but decreased in the straw retained on the soil surface.
1	(title:DECOMPOSITION AND CHEMICAL COMPOSITION OF CEREAL STRAW) There was no relationship between the amount of a chemical component and the rate of straw decomposition other than the higher percentage of hot water-soluble components found initially in barley straw. lNTRODtiCTlON
0	(title:DECOMPOSITION AND CHEMICAL COMPOSITION OF CEREAL STRAW) The retention of wheat {Trik-um aesticum L.) residues on the soil surface is a common practice in conservation tillage systems in the northern wheat belt of eastern Australia (Felton ef al., 1987). This practice reduces the severity of soil erosion and enhances water infiltration (Harte and Armstrong, 1983). However, the beneficial effects of conservation tillage are often nullified by detrimental aspects, which include increased stubble-borne diseases and di~culties in planting small grain crops (Felton et al., 1987).
0	(title:DECOMPOSITION AND CHEMICAL COMPOSITION OF CEREAL STRAW) These problems are a consequence of the presence of stubble residues on the soil surface.
1	(title:DECOMPOSITION AND CHEMICAL COMPOSITION OF CEREAL STRAW) Decomposition is the principal means by which wheat residues are reduced in conservation tillage systems, since residue burning and incorporation are usually not practised.
1	(title:DECOMPOSITION AND CHEMICAL COMPOSITION OF CEREAL STRAW) The rate of decomposition is primarily infbtenced by environmental and management factors (Parr and Papendick, 1978; Tanaka, 19861 , with secondary influences including the species and cultivar type (Smith and Peckenpaugh, 1986). the chemical nature of the residue (Knapp et al.. 1983) and the nature of the microbial flora (Magan and Lynch, 1986).
1	(title:DECOMPOSITION AND CHEMICAL COMPOSITION OF CEREAL STRAW) In the U.S. the results of a number of studies indicate that retention of stubble on the soil surface is likely to decrease the rate of stubble decomposition (Brown and Dickey, 1970; Douglas ei al., 1980; Tanaka. 1986).
1	(title:DECOMPOSITION AND CHEMICAL COMPOSITION OF CEREAL STRAW) In conventional tillage systems, where stubble is incorporated in the soil profile, there is greater mechanical disruption of the stubble and more intimate soil straw contact, both factors which favour decomposition (Douglas et ab, 1980).
1	(title:DECOMPOSITION AND CHEMICAL COMPOSITION OF CEREAL STRAW) In addition, secondary tillage operations are common in many conventional tillage systems, and these are likely to further accelerate the rate of stubble decomposition.
0	(title:DECOMPOSITION AND CHEMICAL COMPOSITION OF CEREAL STRAW) There is a paucity of information on the role of environmental factors in cereal straw decomposition and the subsequent changes in the chemical nature of residue as it decomposes.
1	(title:DECOMPOSITION AND CHEMICAL COMPOSITION OF CEREAL STRAW) Stott et nf. (1986) have shown that straw decomposition increases with increasing temperature, between 0 and 3O'C, and with increasing water potential, between -5.0 and 0 MPa.
0	(title:DECOMPOSITION AND CHEMICAL COMPOSITION OF CEREAL STRAW) Similarly there is little information on the nature of variability in the decomposition rate of straw of different cultivars of wheat and of barley (Hordeum vufgare L. emend Bowden).
1	(title:DECOMPOSITION AND CHEMICAL COMPOSITION OF CEREAL STRAW) A potential for variability in the rate of decomposition of different cultivars has been reported (Ch~stensen, 1985; Smith and Peckenpaugh, 1986) , however, there is no information as to how this relates to the chemical composition of the stubble.
0	(title:DECOMPOSITION AND CHEMICAL COMPOSITION OF CEREAL STRAW) Thus a detailed study of the factors influencing the decomposition rate of straw of Australian wheat and barley cultivars was initiated.
0	(title:DECOMPOSITION AND CHEMICAL COMPOSITION OF CEREAL STRAW) Laboratory studies concerning the influence of water potential, temperature and cultivar type on the rate of straw decomposition are reported, as well as field studies in which the influence of four stubble management practices on the rate of stubble decomposition were examined.
0	(title:DECOMPOSITION AND CHEMICAL COMPOSITION OF CEREAL STRAW) The chemical composition of the straw was assessed before, during and after decomposition in all studies.
0	(title:DECOMPOSITION AND CHEMICAL COMPOSITION OF CEREAL STRAW) The rate of straw decomposition was assessed by incubating straw in glass jars filled with soil and measuring the dry wt lost.
0	(title:DECOMPOSITION AND CHEMICAL COMPOSITION OF CEREAL STRAW) The soil used in the experiments was a black earth collected from the surface layer of a cultivated wheat field at Narrabri, New South Wales.
0	(title:DECOMPOSITION AND CHEMICAL COMPOSITION OF CEREAL STRAW) Australia in 1986. The characteristics of the soil, which was air-dried and sieved, are summarized in Table 1.
0	(title:DECOMPOSITION AND CHEMICAL COMPOSITION OF CEREAL STRAW) Small glass jars (300 ml) were filled with soil and a layer of straw (I g) was placed mid-way through the jar to simulate burial and incorporation.
0	(title:DECOMPOSITION AND CHEMICAL COMPOSITION OF CEREAL STRAW) A second layer (1 g) was placed on the soil surface to simulate surface retention of the straw.
0	(title:DECOMPOSITION AND CHEMICAL COMPOSITION OF CEREAL STRAW) The straws were cut into 5 cm lengths, and each straw consisted of a nodal and internodal region.
0	(title:DECOMPOSITION AND CHEMICAL COMPOSITION OF CEREAL STRAW) The straw was dried at 75°C for 18 h and weighed prior to the experiment.
0	(title:DECOMPOSITION AND CHEMICAL COMPOSITION OF CEREAL STRAW) The soil was placed in the jars at a bulk density of I gem-' for all experiments.
0	(title:DECOMPOSITION AND CHEMICAL COMPOSITION OF CEREAL STRAW) The jars were sealed with polyethylene film to prevent moisture loss while allowing gaseous exchange and incubated at the appropriate temperature.
0	(title:DECOMPOSITION AND CHEMICAL COMPOSITION OF CEREAL STRAW) The straw was removed from the jars and air-dried after incubation.
0	(title:DECOMPOSITION AND CHEMICAL COMPOSITION OF CEREAL STRAW) Loose soil adhering to the straw was removed by brushing and the straw was washed under a mist sprayer for 2 min to remove further soil particles.
0	(title:DECOMPOSITION AND CHEMICAL COMPOSITION OF CEREAL STRAW) Washing was minimized to prevent leaching of water-soluble components. The straw was dried at 75°C for 18 h and weighed.
0	(title:DECOMPOSITION AND CHEMICAL COMPOSITION OF CEREAL STRAW) The loss in dry wt was used as the measure of decomposition.
0	(title:DECOMPOSITION AND CHEMICAL COMPOSITION OF CEREAL STRAW) The analyses of the chemical components of straw were based on the sequential gravimetric procedures described by Harper and Lynch (1981a, b).
0	(title:DECOMPOSITION AND CHEMICAL COMPOSITION OF CEREAL STRAW) After drying the straw was ground (eO.7 mm) and redried.
0	(title:DECOMPOSITION AND CHEMICAL COMPOSITION OF CEREAL STRAW) Four replicates of each sample were analysed, and the mean and standard error for each analysis determined.
0	(title:DECOMPOSITION AND CHEMICAL COMPOSITION OF CEREAL STRAW) Ground straw (1 g) was placed in water and boiled gently for 1 h, the water was changed and boiled again for
0	(title:DECOMPOSITION AND CHEMICAL COMPOSITION OF CEREAL STRAW) I h. The straw was recovered, rinsed twice with cold water, dried at 75C for 18 h and reweighed.
0	(title:DECOMPOSITION AND CHEMICAL COMPOSITION OF CEREAL STRAW) The weight lost was defined as the hot water-soluble component.
0	(title:DECOMPOSITION AND CHEMICAL COMPOSITION OF CEREAL STRAW) Ethanol (100 ml) was added to the straw remaining after the previous extraction and boiled gently for 2 h. The straw was recovered, rinsed twice with ethanol Water (30 ml), 10% acetic acid (2 ml) and sodium chlorite (1 g) were added to the straw remaining after the previous extraction, to determine the lignin content (Collings er al., 1978).
0	(title:DECOMPOSITION AND CHEMICAL COMPOSITION OF CEREAL STRAW) The mixture was heated at 75C for I h, more acetic acid (1 ml) and sodium chlorite (0.3 g) were added and the mixture heated for a further hour.
0	(title:DECOMPOSITION AND CHEMICAL COMPOSITION OF CEREAL STRAW) The reaction was halted by the addition of suflicient ascorbic acid to ciear the reaction mixture.
0	(title:DECOMPOSITION AND CHEMICAL COMPOSITION OF CEREAL STRAW) The straw was recovered, washed three times with water, twice with ethanol, twice with acetone. dried and reweighed.
0	(title:DECOMPOSITION AND CHEMICAL COMPOSITION OF CEREAL STRAW) The weight lost was defined as the lignin percentage.
0	(title:DECOMPOSITION AND CHEMICAL COMPOSITION OF CEREAL STRAW) KOH 24% (20 ml) was added to the straw remaining after the previous extraction and held at 20°C for 2 h.
0	(title:DECOMPOSITION AND CHEMICAL COMPOSITION OF CEREAL STRAW) The residue was recovered, washed once with 5% aqueous acetic acid. twice with water, once with ethanol, dried and reweighed.
0	(title:DECOMPOSITION AND CHEMICAL COMPOSITION OF CEREAL STRAW) The weight lost was defined as hemicellulose. The remaining residue. after correction for ash content, was defined as cellulose.
0	(title:DECOMPOSITION AND CHEMICAL COMPOSITION OF CEREAL STRAW) The ash content was determined by placing untreated straw (1 g) in a muffle furnace at 450°C for 4 h, and weighing the residue (ash) immediately.
0	(title:DECOMPOSITION AND CHEMICAL COMPOSITION OF CEREAL STRAW) The N content was assayed by determining total N using the Kjeldahl technique on the untreated straw.Influence of water potential. Straw of wheat cv.
0	(title:DECOMPOSITION AND CHEMICAL COMPOSITION OF CEREAL STRAW) Suneca, collected from the I. A. Watson Wheat Research Centre, Narrabri, New South Wales, I wk after grain harvest, was used in this experiment.
0	(title:DECOMPOSITION AND CHEMICAL COMPOSITION OF CEREAL STRAW) The water potential was controlled by adjusting the soil to five water potentials viz.
0	(title:DECOMPOSITION AND CHEMICAL COMPOSITION OF CEREAL STRAW) The soil was wet to the appropriate water content by aspirating weighed amounts of water onto the soil in plastic bags.
0	(title:DECOMPOSITION AND CHEMICAL COMPOSITION OF CEREAL STRAW) The soil was then mixed and stored for 14 days with daily kneading to facilitate equilibration.
0	(title:DECOMPOSITION AND CHEMICAL COMPOSITION OF CEREAL STRAW) Ten jars were prepared at 0.2 I g g-' and 0.15 g g-r, and 30 jars were prepared at 0.24 g g-'.
0	(title:DECOMPOSITION AND CHEMICAL COMPOSITION OF CEREAL STRAW) Ten of these jars were further wet, in sifrr, to a water content of 0.31 g g-' and 10 jars were wet to 0.45 g g-t.
0	(title:DECOMPOSITION AND CHEMICAL COMPOSITION OF CEREAL STRAW) The jars were held at 25°C. Five jars were sampled after 4 wk and five after IO wk at each water potential.
0	(title:DECOMPOSITION AND CHEMICAL COMPOSITION OF CEREAL STRAW) The straw was removed, cleaned, dried, weighed and ground, and chemical analyses were made on composite samples using the methods described.
0	(title:DECOMPOSITION AND CHEMICAL COMPOSITION OF CEREAL STRAW) The intuence of temperature. Straw of wheat cv. Suneca was used in this experiment, and the methods were as described above.
0	(title:DECOMPOSITION AND CHEMICAL COMPOSITION OF CEREAL STRAW) The soil water content was adjusted to 0.24g g-' (-0.5 MPa).
0	(title:DECOMPOSITION AND CHEMICAL COMPOSITION OF CEREAL STRAW) Ten jars were placed in each of six temperature-controlled incubators at 5, 10, IS, 20, 25 and 30°C.
0	(title:DECOMPOSITION AND CHEMICAL COMPOSITION OF CEREAL STRAW) All methods for sampling and assessment were as described above.
0	(title:DECOMPOSITION AND CHEMICAL COMPOSITION OF CEREAL STRAW) The inf?uence of cuitiwr type. Straw of wheat cultivars Suneca, Sunstar, Kite and Cook, and barley cultivars Grimmett and O'Connor were collected from the I. A. Watson Wheat Research Centre, Narrabri, 1 wk after the cultivars were harvested.
0	(title:DECOMPOSITION AND CHEMICAL COMPOSITION OF CEREAL STRAW) Sixty jars were prepared, 10 containing each cultivar. The soil water content was adjusted to 0.24 g g-'( -0.5 MPa) and the jars were held at 25'C. All sampling and assessment methods were as described above.
0	(title:DECOMPOSITION AND CHEMICAL COMPOSITION OF CEREAL STRAW) This experiment was located on a grey earth soil at the University of Sydney's Livingston Farm, Moree, New South Wales, Australia.
0	(title:DECOMPOSITION AND CHEMICAL COMPOSITION OF CEREAL STRAW) The site had been fallowed for 10 months, before which sorghum [Sorghum bicoior (L.) Moench] had been grown for two seasons.
0	(title:DECOMPOSITION AND CHEMICAL COMPOSITION OF CEREAL STRAW) There was no wheat stubble present at the initiation of the experiment.
0	(title:DECOMPOSITION AND CHEMICAL COMPOSITION OF CEREAL STRAW) Stubble of two wheat cultivars, Kite and Suneca, was collected after harvest in December 1985, from adjacent blocks in a neighbouring field with the same soil type as the experimental site.
0	(title:DECOMPOSITION AND CHEMICAL COMPOSITION OF CEREAL STRAW) The stubble was hand collected with the crown and some roots intact.
0	(title:DECOMPOSITION AND CHEMICAL COMPOSITION OF CEREAL STRAW) Three treatments were imposed on this stubble, viz. stubble retained on the soil surface at two rates, 1.6 t ha-' (light) and 3.2 t ha-' (heavy) and stubble (I.6 t ha-') partially incorporated by rotary hoeing to a depth of approx.
0	(title:DECOMPOSITION AND CHEMICAL COMPOSITION OF CEREAL STRAW) IOcm. Stubble incorporation resulted in the distribution of the stubble both on and through the soil.
0	(title:DECOMPOSITION AND CHEMICAL COMPOSITION OF CEREAL STRAW) In addition, stubble (approx. 100 g) was placed into each of 40 nylon mesh (1 mm?) bags (60 x 30 cm) which were buried at a depth of 10 cm in the incorporated plots.
0	(title:DECOMPOSITION AND CHEMICAL COMPOSITION OF CEREAL STRAW) Ten bags, five of each cultivar, were buried in each plot.
0	(title:DECOMPOSITION AND CHEMICAL COMPOSITION OF CEREAL STRAW) The soil and stubble was not disturbed by tillage operations during the experiment.
0	(title:DECOMPOSITION AND CHEMICAL COMPOSITION OF CEREAL STRAW) Weeds were controlled by the herbicide Round-up' (active ingredient glyphosate 360 g I-') as required.
0	(title:DECOMPOSITION AND CHEMICAL COMPOSITION OF CEREAL STRAW) The experimental design was a randomized complete block design with four replicate blocks.
0	(title:DECOMPOSITION AND CHEMICAL COMPOSITION OF CEREAL STRAW) Whole plots (9 x 3 m), comprising the stubble management treatment, were each split longitudinally into subplots of stubble of the two cultivars, Kite and Suneca.
0	(title:DECOMPOSITION AND CHEMICAL COMPOSITION OF CEREAL STRAW) Stubble was sampled after 8, 16,26,52 and 104 wk. Four quadrats (0. I3 m') were sampled per cultivar per treatment, one from each plot.
0	(title:DECOMPOSITION AND CHEMICAL COMPOSITION OF CEREAL STRAW) The dry wt of the stubble from this quadrat was used as the measure of decomposition.
0	(title:DECOMPOSITION AND CHEMICAL COMPOSITION OF CEREAL STRAW) One nylon bag was also sampled from each split-plot at each sampling date.
0	(title:DECOMPOSITION AND CHEMICAL COMPOSITION OF CEREAL STRAW) The straw was assessed immediately after sampling and the following measures of decomposition obtained.
0	(title:DECOMPOSITION AND CHEMICAL COMPOSITION OF CEREAL STRAW) Decomposition rate. The straw was cleaned by removing loose soil by brushing and washing the straw under a mist sprayer for 2 min.
0	(title:DECOMPOSITION AND CHEMICAL COMPOSITION OF CEREAL STRAW) The straw was dried at 75'C for I8 h and the dry wt determined.
0	(title:DECOMPOSITION AND CHEMICAL COMPOSITION OF CEREAL STRAW) Chemical analysis. A composite sample of each treatment was ground and chemical analysis carried out on four replicates using the methods described previously.
0	(title:DECOMPOSITION AND CHEMICAL COMPOSITION OF CEREAL STRAW) The percentage of hot water-soluble components, hot ethanol-soluble components, lignin, hemicellulose, cellulose, ash and N were determined.
0	(title:DECOMPOSITION AND CHEMICAL COMPOSITION OF CEREAL STRAW) Meteorologicnl data Air and soil temperatures were recorded every 6 h using a datalogger (Anritsu AM-8401, Anritsu Meter Co. Ltd, Tokyo).
0	(title:DECOMPOSITION AND CHEMICAL COMPOSITION OF CEREAL STRAW) Soil temperatures were recorded at 2, 5 and 20cm depth in each treatment.
0	(title:DECOMPOSITION AND CHEMICAL COMPOSITION OF CEREAL STRAW) Rainfall was recorded on a daily basis using a standard rain gauge.
0	(title:DECOMPOSITION AND CHEMICAL COMPOSITION OF CEREAL STRAW) Soil and climatic data has been presented in Summerell and Burgess (1988).
0	(title:DECOMPOSITION AND CHEMICAL COMPOSITION OF CEREAL STRAW) Stutisticuf unulysis. Decomposition data were analysed using a one-way analysis of variance on transformed data following a square root (x + 0.5) transformation.
0	(title:DECOMPOSITION AND CHEMICAL COMPOSITION OF CEREAL STRAW) Transformed treatment'means were compared using the least significant difference (LSD) method.
0	(title:DECOMPOSITION AND CHEMICAL COMPOSITION OF CEREAL STRAW) All data presented have been retransformed. Standard errors were calculated for all chemical composition data.
2	(title:DECOMPOSITION AND CHEMICAL COMPOSITION OF CEREAL STRAW) Influence of water potential. The rate of straw decomposition, as measured by dry wt loss, was highest at -0.1 MPa and decreased as the external water potential was lowered (Table 2 ).
2	(title:DECOMPOSITION AND CHEMICAL COMPOSITION OF CEREAL STRAW) The decrease in the dry wt of the straw was less at -0.01 MPa, the highest water potential used, than at -0.1 MPa for both buried and surface straw (Table 2 ).
2	(title:DECOMPOSITION AND CHEMICAL COMPOSITION OF CEREAL STRAW) The decrease in dry wt of the buried straw was greater than that of surface straw, except at -0.01 and -5 MPa where the decrease in the dry wt of the surface straw was greater.
2	(title:DECOMPOSITION AND CHEMICAL COMPOSITION OF CEREAL STRAW) The chemical composition of the straw changed as the dry wt decreased (Table 3 ).
2	(title:DECOMPOSITION AND CHEMICAL COMPOSITION OF CEREAL STRAW) The proportion of cellulose and hemicellulose decreased as the straw dry wt decreased, whereas the proportion of lignin increased.
2	(title:DECOMPOSITION AND CHEMICAL COMPOSITION OF CEREAL STRAW) Changes in these components were greatest where the decrease in the dry wt of the straw was greatest.
2	(title:DECOMPOSITION AND CHEMICAL COMPOSITION OF CEREAL STRAW) The hot water-soluble components initially decreased after 4 wk incubation (from 11.9% initially to 8.3-9.8% at 4 wk), but had increased in the buried straw after 10 wk relative to the 4-wk reading.
2	(title:DECOMPOSITION AND CHEMICAL COMPOSITION OF CEREAL STRAW) Although the N content of straw exposed on the soil surface did not change, it increased slightly in the buried straw.
2	(title:DECOMPOSITION AND CHEMICAL COMPOSITION OF CEREAL STRAW) As all standard errors were less than 10% of the treatment means, they are not shown in Table 3.
2	(title:DECOMPOSITION AND CHEMICAL COMPOSITION OF CEREAL STRAW) Only data for the initial and IO-wk samplings are shown in Table 3.
2	(title:DECOMPOSITION AND CHEMICAL COMPOSITION OF CEREAL STRAW) Influence of temperature. The loss in dry wt of the straw increased as temperature increased, over the range measured (Table 4 ).
1	(title:DECOMPOSITION AND CHEMICAL COMPOSITION OF CEREAL STRAW) The loss in dry wt of surface straw was lower than that of buried straw at all temperatures examined.
2	(title:DECOMPOSITION AND CHEMICAL COMPOSITION OF CEREAL STRAW) Similar changes in the chemical composition of the decomposed straw, to those observed in the previous experiment, were recorded (Table 5 ).
2	(title:DECOMPOSITION AND CHEMICAL COMPOSITION OF CEREAL STRAW) As all standard errors were less than 10% of the treatment means, they are not shown in Table 5.
2	(title:DECOMPOSITION AND CHEMICAL COMPOSITION OF CEREAL STRAW) Only data for the initial and IO-wk samplings are shown in Table 5.
2	(title:DECOMPOSITION AND CHEMICAL COMPOSITION OF CEREAL STRAW) Injuence of cultivar type. There were significant differences ( P < 0.05) in the rate of straw decomposition between the cultivars examined (Table 6 ).
2	(title:DECOMPOSITION AND CHEMICAL COMPOSITION OF CEREAL STRAW) The decrease in dry wt of the straw of both cultivars of barley was significantly greater (P < 0.05) than that for straw of the wheat cultivars tested.
2	(title:DECOMPOSITION AND CHEMICAL COMPOSITION OF CEREAL STRAW) The decrease in dry wt of the buried straw of cultivar Kite was significantly greater (P Q 0.05) than that of buried straw of the other wheat cultivars tested.
1	(title:DECOMPOSITION AND CHEMICAL COMPOSITION OF CEREAL STRAW) The decrease in dry wt of the surface straw of all wheat and barley cultivars was less than that for the buried straw.
2	(title:DECOMPOSITION AND CHEMICAL COMPOSITION OF CEREAL STRAW) The hot water-soluble components in barley straw were initially higher than in wheat straw (Table 7 ). but decreased considerably in the barley straw after 4 wk exposure.
2	(title:DECOMPOSITION AND CHEMICAL COMPOSITION OF CEREAL STRAW) The decrease in hot water-soluble extracts of barley was initially greater in the buried straw (decreased from an initial level of 15.9 (Grimmett) and 17.6% (~Connor) to 8.8 and 9.4% after 4 wk) than in the surface straw (decreased to I 1.0 (Grimmett) and 13.7% (O'Connor)).
0	(title:DECOMPOSITION AND CHEMICAL COMPOSITION OF CEREAL STRAW) Changes in the other chemical components were similar to that recorded in the other two experiments.
1	(title:DECOMPOSITION AND CHEMICAL COMPOSITION OF CEREAL STRAW) There was no evidence to suggest that the cereal cultivars tested differed signi~cantly in their chemical composition, other than in the differences in hot water-soluble components mentioned.
2	(title:DECOMPOSITION AND CHEMICAL COMPOSITION OF CEREAL STRAW) Only data for the initial and IO-wk samplings are shown in Table 7.
2	(title:DECOMPOSITION AND CHEMICAL COMPOSITION OF CEREAL STRAW) Decomposition rare. Retention of stubble on the soil surface retarded the rate of stubble decomposition (Table 8 ).
2	(title:DECOMPOSITION AND CHEMICAL COMPOSITION OF CEREAL STRAW) Approximately half the stubble remained in both the heavy (3.2 t ha-') and light (1.6 t ha-') surface-retained treatments after IO4 wk.
2	(title:DECOMPOSITION AND CHEMICAL COMPOSITION OF CEREAL STRAW) In contrast, very little of the stubble in the buried nylon bags, and only a small fraction of the incorporated stuble remained intact.
2	(title:DECOMPOSITION AND CHEMICAL COMPOSITION OF CEREAL STRAW) The half-life of the buried stubble was 7 months and 9 months for cultivars Kite and Suneca respectively.
2	(title:DECOMPOSITION AND CHEMICAL COMPOSITION OF CEREAL STRAW) In the incorporated plots the half-life was 10 months and 12 months for stubble of cultivar Kite and Suneca, respectively.
2	(title:DECOMPOSITION AND CHEMICAL COMPOSITION OF CEREAL STRAW) In the retained plots the half-life was approx. 24 months for stubble of both cultivars.
1	(title:DECOMPOSITION AND CHEMICAL COMPOSITION OF CEREAL STRAW) The two loading rates (1.6 t ha-' compared with 3.2 t ha-') did not affect the rate of stubble decomposition.
2	(title:DECOMPOSITION AND CHEMICAL COMPOSITION OF CEREAL STRAW) Although Kite stubble appeared to decompose more rapidly than Suneca stubble, the measured differences in the rate of stubble decomposition were not significantly different (P < 0.05).
2	(title:DECOMPOSITION AND CHEMICAL COMPOSITION OF CEREAL STRAW) Chemical anaiyses. Only data for 0, 16, 52 and 104 wk are shown in Table 4.
2	(title:DECOMPOSITION AND CHEMICAL COMPOSITION OF CEREAL STRAW) The amount of hot water-soluble extracts increased in both the 8-and 16-wk samples, but then decreased gradually as the stubble decomposed (Table 9 ).
2	(title:DECOMPOSITION AND CHEMICAL COMPOSITION OF CEREAL STRAW) Hemicellulose and cellulose content remained relatively stable for the first 26 wk. but decreased in the straw sampled at weeks 52 and 104.
2	(title:DECOMPOSITION AND CHEMICAL COMPOSITION OF CEREAL STRAW) The magnitude of the decrease was greatest in that stubble in which the loss in dry wt was greatest.
2	(title:DECOMPOSITION AND CHEMICAL COMPOSITION OF CEREAL STRAW) The proportion of lignin increased as the stubble decomposed, and in the buried straw increased from an initial concentration of 8-9% to 23-250/o after 104 wk.
2	(title:DECOMPOSITION AND CHEMICAL COMPOSITION OF CEREAL STRAW) In the other treatments the relative increase in lignin was smaller, and was commensurate with the amount of decomposition.
2	(title:DECOMPOSITION AND CHEMICAL COMPOSITION OF CEREAL STRAW) The amount of ash in the straw fluctuated, and showed
1	(title:DECOMPOSITION AND CHEMICAL COMPOSITION OF CEREAL STRAW) High temperatures and water potentials were the most favourable environmental conditions for the decomposition of wheat straw, a finding which is in general agreement with the reports of Bartholomew and Norman (1946).
0	(title:DECOMPOSITION AND CHEMICAL COMPOSITION OF CEREAL STRAW) Parr and Papendick (1978) and Stott er al. (1986).
1	(title:DECOMPOSITION AND CHEMICAL COMPOSITION OF CEREAL STRAW) These conditions are favourable for the activity of many of the fungi and other micro-organisms responsible for straw decomposition (Magan and Lynch, 1986).
2	(title:DECOMPOSITION AND CHEMICAL COMPOSITION OF CEREAL STRAW) Decomposition of wheat straw was slowest at 5'C and at -5.0 MPa in our studies, but decomposition has been recorded at O'C (Stott et al., 1986) and -20 MPa (Bartholomew and Norman, 1946).
1	(title:DECOMPOSITION AND CHEMICAL COMPOSITION OF CEREAL STRAW) The retention of stubble residues on the soil surface reduced the rate of decomposition of stubble of both cultivars.
2	(title:DECOMPOSITION AND CHEMICAL COMPOSITION OF CEREAL STRAW) Indeed, after 24 months approx. half the stubble retained on the soil surface remained in a relatively intact state.
2	(title:DECOMPOSITION AND CHEMICAL COMPOSITION OF CEREAL STRAW) In contrast, burial of the stubble resulted in the rapid decomposition of the residues, and partial incorporation of the stubble allowed decomposition to proceed at a rate interrnediate between the other two treatments.
2	(title:DECOMPOSITION AND CHEMICAL COMPOSITION OF CEREAL STRAW) These results are in general agreement, and the extent of stubble decomposition is similar to the reports of Brown and Dickey (1970) , Douglas et al.
0	(title:DECOMPOSITION AND CHEMICAL COMPOSITION OF CEREAL STRAW) In commercial situations where stubble is incorporated using disc ploughs, secondary tillage implements such as scarifiers are frequently used for weed control.
0	(title:DECOMPOSITION AND CHEMICAL COMPOSITION OF CEREAL STRAW) These implements will further increase the mechanical breakdown of the stubble and consequently the rate of stubble decomposition.
0	(title:DECOMPOSITION AND CHEMICAL COMPOSITION OF CEREAL STRAW) Thus it is likely that stubble decomposition in the incorporated treatment of our study would be lower than that occurring in commercial fields where straw had been inco~orat~.
1	(title:DECOMPOSITION AND CHEMICAL COMPOSITION OF CEREAL STRAW) The rate of stubble decomposition is favoured by the intimate soil straw contact that follows tillage (Brown and Dickey, 1970; Douglas et al., 1980; Tanaka, 1986; Cogle et al., 1987a).
1	(title:DECOMPOSITION AND CHEMICAL COMPOSITION OF CEREAL STRAW) Tillage accelerates stubble decomposition by fracturing the straw and allowing micro-organisms access to the lumen.
0	(title:DECOMPOSITION AND CHEMICAL COMPOSITION OF CEREAL STRAW) Microbial breakdown of the straw is enhanced by access to the lumen as there is no resistant ring of lignin which micro-organisms must first penetrate to gain access to the parenchymatous tissue (Theander and Aman, 1984).
1	(title:DECOMPOSITION AND CHEMICAL COMPOSITION OF CEREAL STRAW) In addition, soil straw contact reduces temperature and moisture fluctuations and provides a more stable environment, thus gritting longer periods of microbial activity.
1	(title:DECOMPOSITION AND CHEMICAL COMPOSITION OF CEREAL STRAW) Burial of the straw also allows the micro-organisms decomposing the stubble greater access to nutrients in the soil, a factor favouring their activity (Harper and Lynch, 28.912.8 10.9 8.5 14.x 12.4 12.3 0.9 0.9 1.0 0.9 0.9 1.0
1	(title:DECOMPOSITION AND CHEMICAL COMPOSITION OF CEREAL STRAW) . in contrast, surf~e residues are subjected to pronounced ~uct~tions in temperature and moisture, limiting the periods in which micro-organisms can activety decompose stubble.
1	(title:DECOMPOSITION AND CHEMICAL COMPOSITION OF CEREAL STRAW) Rainfall wili leach soluble nutrients out of the straw, further reducing microbial activity.
1	(title:DECOMPOSITION AND CHEMICAL COMPOSITION OF CEREAL STRAW) Burial of the straw also caused an increase in the rate of decomposition in the laboratory experiments.
1	(title:DECOMPOSITION AND CHEMICAL COMPOSITION OF CEREAL STRAW) However, straw decomposed faster on the surface than when buried at -0.01 MPa, presumably because anaerobic soil conditions, resulting from the high water content, retarded decomposition.
0	(title:DECOMPOSITION AND CHEMICAL COMPOSITION OF CEREAL STRAW) The chemical nature of the straw changed consider-abIy as it decomposed.
2	(title:DECOMPOSITION AND CHEMICAL COMPOSITION OF CEREAL STRAW) The amount of Iignin and ash increased as a proportion of the straw, whiie the hemicellulose and cellulose components decreased.
2	(title:DECOMPOSITION AND CHEMICAL COMPOSITION OF CEREAL STRAW) While the concentration of hot water-soluble components initially decreased, they increased after IO-wk exposure in the laboratory experiments.
1	(title:DECOMPOSITION AND CHEMICAL COMPOSITION OF CEREAL STRAW) The watersoluble components of straw do not represent a chemically distinct group of compounds as they include degradation products of other straw compo nents such as cellutose and hemicellulose {Harper and Lynch, 198 la, b).
0	(title:DECOMPOSITION AND CHEMICAL COMPOSITION OF CEREAL STRAW) Thus the significance of any changes in their proportion in recovered samples is difficult to assess.
1	(title:DECOMPOSITION AND CHEMICAL COMPOSITION OF CEREAL STRAW) The results indicate that initially these components support microbial growth, hence the decrease in their amounts.
1	(title:DECOMPOSITION AND CHEMICAL COMPOSITION OF CEREAL STRAW) The increase in the concentrations of hot water-soluble components after a period of exposure may be due to the breakdown of other straw components into water-soluble components by the micro-organisms involved in the decomposition of the straw.
1	(title:DECOMPOSITION AND CHEMICAL COMPOSITION OF CEREAL STRAW) Lignin, which is very resistant to microbial degradation (Zeikus, 1981) persisted in the decomposing residues.
2	(title:DECOMPOSITION AND CHEMICAL COMPOSITION OF CEREAL STRAW) These results are in general agreement with those of other researchers (Harper and Lynch, l98la, b).
1	(title:DECOMPOSITION AND CHEMICAL COMPOSITION OF CEREAL STRAW) Cellulose concentrations decreased as the straw decomposed, and this component is reported to be preferentially utilized by micro-organisms (Harper and Lynch, 198la. b).
1	(title:DECOMPOSITION AND CHEMICAL COMPOSITION OF CEREAL STRAW) The rates of decomposition of cellulose and hemicellulose have a critical role in determining the overall rate of stubble decomposition because straw contains a high proportion of these two materials (Harper and Lynch, 1985).
2	(title:DECOMPOSITION AND CHEMICAL COMPOSITION OF CEREAL STRAW) The cellulolytic activity of a number of straw-decomposing fungi shows similar responses to changes in environmental variables, such as temperature and water potential, to the responses reported in respect of straw decomposition (Magan and Lynch, 1986).
2	(title:DECOMPOSITION AND CHEMICAL COMPOSITION OF CEREAL STRAW) Total N concentrations remained constant in the stubble retained on the soil surface throughout the experiments, however, there was a small increase in N in the buried stubble.
2	(title:DECOMPOSITION AND CHEMICAL COMPOSITION OF CEREAL STRAW) These results are similar to those reported by Brown and Dickey (1970).
0	(title:DECOMPOSITION AND CHEMICAL COMPOSITION OF CEREAL STRAW) Harper and Lynch (198la) and Wessen and Berg (1986).
1	(title:DECOMPOSITION AND CHEMICAL COMPOSITION OF CEREAL STRAW) N from the soil is immobilized in the buried straw by the micro-organisms decomposing the straw while the C-to-N ratio of the residue is high (Parr and Papendick, 1978).
1	(title:DECOMPOSITION AND CHEMICAL COMPOSITION OF CEREAL STRAW) This results in an increase in the proportion of N in the buried straw.
1	(title:DECOMPOSITION AND CHEMICAL COMPOSITION OF CEREAL STRAW) Nutrients, including N, are leached from the straw retained on the soil surface causing the proportion of N in the straw to remain low (Christensen, 1985).
0	(title:DECOMPOSITION AND CHEMICAL COMPOSITION OF CEREAL STRAW) Variability in the ash content of the straw samples was probably due to deficiencies in the cleaning techniques employed.
0	(title:DECOMPOSITION AND CHEMICAL COMPOSITION OF CEREAL STRAW) Soil which lodges in the lumen of the straw is difficult to remove and is recorded as ash during the analytical assessment.
1	(title:DECOMPOSITION AND CHEMICAL COMPOSITION OF CEREAL STRAW) Barley straw, of the cultivars tested, decomposed more rapidly than wheat straw.
1	(title:DECOMPOSITION AND CHEMICAL COMPOSITION OF CEREAL STRAW) Smith and Peckenpaugh (1986) examined the decomposition rate of 26 cultivars of wheat, barley and triticale and found that straw of two spring barley cultivars decomposed most rapidly.
1	(title:DECOMPOSITION AND CHEMICAL COMPOSITION OF CEREAL STRAW) In contrast, Christensen (1985) found no differences between the decomposition rate of barley and wheat stubble using the mesh bag technique.
1	(title:DECOMPOSITION AND CHEMICAL COMPOSITION OF CEREAL STRAW) However, small differences in the rate of decomposition are unlikely to be detected using this technique.8. A. SLWMERELL and L. W. BURGESS Knapp et al.(1983) reported that differences in the decomposition rate of wheat cultivars could be related to the initial amounts of holocellulose (cellulose and hemicellulose) and lignin.
1	(title:DECOMPOSITION AND CHEMICAL COMPOSITION OF CEREAL STRAW) However, in our studies no correlation was found between the amounts of lignin or holocellulose and the decomposition rate.
0	(title:DECOMPOSITION AND CHEMICAL COMPOSITION OF CEREAL STRAW) Barley straw initially contained a higher percentage of hot water-soluble extracts than wheat (approx. 16% in barley and 8% in wheat straw).
1	(title:DECOMPOSITION AND CHEMICAL COMPOSITION OF CEREAL STRAW) It has been argued that the early decomposition rate can be related to the size of the available C-pool (Reinertsen et al., 1984 : Christensen, 1985).
1	(title:DECOMPOSITION AND CHEMICAL COMPOSITION OF CEREAL STRAW) The results obtained from our study support this proposition. Our results also support the findings of Wessen and Berg (1986) that a high water-soluble component will support a flurry of microbial growth, which rapidly utilizes much of the soluble components during the initial phase of decomposition.
1	(title:DECOMPOSITION AND CHEMICAL COMPOSITION OF CEREAL STRAW) Although buried straw of cultivar Kite decomposed most rapidly of the wheat cultivars tested, it contained the lowest percentap of hot water-soluble extracts. a finding which was at variance with the overall results.
1	(title:DECOMPOSITION AND CHEMICAL COMPOSITION OF CEREAL STRAW) Straw of cultivar Kite which WM exposed on the soil surface decomposed relatively slowly, and did not support the initial flurry of fungal growth evident on the barley straw.
1	(title:DECOMPOSITION AND CHEMICAL COMPOSITION OF CEREAL STRAW) Obviously undetermined factors other than the amount of hot watersoluble components also have an important role in straw decomposition.
1	(title:DECOMPOSITION AND CHEMICAL COMPOSITION OF CEREAL STRAW) Differences in the decomposition rate of stubble of cultivnrs Kite and Suneca were recorded in the field experiments. but were not significant.
2	(title:DECOMPOSITION AND CHEMICAL COMPOSITION OF CEREAL STRAW) Large cracks dcvclopcd in the soil in each plot as the soil dried, and led to considerable environmental heterogeneity, vvhich may,havc altered the rate of stubble decomposition and mcrcased the variability between replicate plots.
1	(title:DECOMPOSITION AND CHEMICAL COMPOSITION OF CEREAL STRAW) Therefore, it may not be possible to measure small differences in the decomposition rate of stubble under field conditions.
0	(title:DECOMPOSITION AND CHEMICAL COMPOSITION OF CEREAL STRAW) This type of field experiment is more appropriate for measuring large differences in the rate of stubble decomposition, for example bctwcen agronomic treatments as applied in this study.
1	(title:DECOMPOSITION AND CHEMICAL COMPOSITION OF CEREAL STRAW) However, the laboratory data indicated that Kite stubble decomposed significantly more rapidly than Suneca stubble
0	(title:DECOMPOSITION AND CHEMICAL COMPOSITION OF CEREAL STRAW) The techniques used in this study for measuring the rate of straw decomposition in the laboratory experiments gave results which were in general agreement with those of other studies (Harper and Lynch, l98la, b: Stott PI a!., 1986).
0	(title:DECOMPOSITION AND CHEMICAL COMPOSITION OF CEREAL STRAW) The techniques used were relatively simple but they allowed precise control of environmental factors, particularly water potential and temperature.
1	(title:DECOMPOSITION AND CHEMICAL COMPOSITION OF CEREAL STRAW) In experiments such as these, constant environmental conditions will presumably result in increased rates of decomposition compared to those in the field. in the field, temperature and water potential fluctuate and it is unlikely that the micro-organisms decomposjng stubble will remain active for extended periods (Brown and Dickey. 1970; Parr and Papendick. 1978).
2	(title:DECOMPOSITION AND CHEMICAL COMPOSITION OF CEREAL STRAW) This was seen by the much faster decomposition rates recorded in the laboratory experiments than in the field.
2	(title:DECOMPOSITION AND CHEMICAL COMPOSITION OF CEREAL STRAW) In addition, cutting straw into 5 cm lengths should permit greater access for the soil micro-organisms involved in the decomposition of the straw than would be experienced in the field, thus enhancing the rate of decomposition.
1	(title:DECOMPOSITION AND CHEMICAL COMPOSITION OF CEREAL STRAW) These results indicate that decomposition of wheat residues will be promoted by tillage operations which incorporate and bury the residue.
1	(title:DECOMPOSITION AND CHEMICAL COMPOSITION OF CEREAL STRAW) Thus in conservation tillage systems, the rate of residue decomposition may be accelerated by the judicious use of tillage operations, particularly when the soil is warm and moist.
1	(title:DECOMPOSITION AND CHEMICAL COMPOSITION OF CEREAL STRAW) It is likely that this can be achieved while still maintaining sufficient surface straw to protect the soil during the fallow period.
0	(title:Decomposition characteristics of rice straw returned to the soil in northeast China) The straw return method has been increasingly implemented in rice production in Northeast China.
0	(title:Decomposition characteristics of rice straw returned to the soil in northeast China) In-depth studies on the characteristics of rice straw decomposition are of great importance for achieving sustainable agricultural development.
0	(title:Decomposition characteristics of rice straw returned to the soil in northeast China) In this study, the nylon mesh bagging method was used to study the patterns of rice straw decomposition and nutrient release during a 5-year period of rice growth.
2	(title:Decomposition characteristics of rice straw returned to the soil in northeast China) The results showed that straw decomposition occurred mainly during the first 3 years after straw return, with the cumulative amount of decomposition reaching 77.0%, and that the rate of straw decomposition decreased linearly with time.
1	(title:Decomposition characteristics of rice straw returned to the soil in northeast China) The release of carbon, nitrogen, cellulose and hemicellulose occurred mainly during the first and second years after straw return.
1	(title:Decomposition characteristics of rice straw returned to the soil in northeast China) Moreover, the release of phosphorus and potassium occurred mainly during the first month after straw return, and lignin was released at various rates throughout the entire study period.
1	(title:Decomposition characteristics of rice straw returned to the soil in northeast China) These results indicated that straw returned to the soil acts both as a source of phosphorus and potassium in the short term and as a source of nitrogen and carbon in the long term during the rice growing season in Northeast China.
0	(title:Decomposition characteristics of rice straw returned to the soil in northeast China) Northeast China is located in the area of northeastern Asia and represents an important source of rice production.
0	(title:Decomposition characteristics of rice straw returned to the soil in northeast China) In the three provinces of Northeast China (Heilongjiang, Jilin and Liaoning) in 2015, the rice production area was 4454.4 thousand hectares, and the rice yield was 33.0 million tons.
0	(title:Decomposition characteristics of rice straw returned to the soil in northeast China) On the basis of a grain/straw ratio of 1/1.2, rice produced 39.6 million tons of straw in 2016 (China 2016).
2	(title:Decomposition characteristics of rice straw returned to the soil in northeast China) The open-field burning of rice straw eliminated 22.4% of the straw production (Liang et al. 2006 ) in 2015 but produced approximately 15.1 million tons of pollutants in the three provinces of Northeast China.
2	(title:Decomposition characteristics of rice straw returned to the soil in northeast China) The nutrient loss caused by straw burning can reach 80% for nitrogen (N; Raison 1979 ), 25% for phosphorus (P; Nigussie and Kissi 2011), 21% for 33 potassium (K; Ponnamperuma 1984) and 4-60% for sulfur (S; Lefroy et al. 1994).
1	(title:Decomposition characteristics of rice straw returned to the soil in northeast China) However, chopping straw followed by its direct return to the field can solve the problem of environmental pollution caused by straw burning and returns the various nutrients contained within the straw directly to the soil, thereby increasing the availability of soil nutrients (Mandal et al. 2004; Tirol-Padre et al. 2005; Yadvinder-Singh et al. 2004; Yadvinder et al. 2010 ) and improving soil structure (Abera et al. 2012; Hansen et al. 2010).
0	(title:Decomposition characteristics of rice straw returned to the soil in northeast China) Hence, investigations into the characteristics of rice straw decomposition are of important practical significance for sustainable rice production.
1	(title:Decomposition characteristics of rice straw returned to the soil in northeast China) Crop straw exhibits a common decomposition pattern of ''first fast and then slow'' (Ferreira et al. 2016; Pal and Broadbent 1975; Smith and Douglas 1971) and is impacted by environmental factors such as climate and soil conditions.
2	(title:Decomposition characteristics of rice straw returned to the soil in northeast China) Fores et al. (1988) studied the pattern of rice straw decomposition during the dry season in the Ebro Delta (northeastern Spain), and their results showed that, at 139 days after decomposition, the residue mass and residue N, carbon (C) and P levels were 75%, 70%, 50% and 30%, respectively, of their initial levels.
2	(title:Decomposition characteristics of rice straw returned to the soil in northeast China) The nutrients from straw decomposition in the previous season provided 33% N and 8% P for the subsequent season of rice production.
1	(title:Decomposition characteristics of rice straw returned to the soil in northeast China) A previous study on the effects of straw management (in species such as maize, soybean, wheat, sorghum and cotton) on decomposition patterns in a sandy soil in Mississippi, USA, showed that placement on the soil surface and burial at a 150 mm depth resulted in 36-66% and 69-80% annual reductions, respectively, in the mass of the straw residue (Ghidey and Alberts 1993).
2	(title:Decomposition characteristics of rice straw returned to the soil in northeast China) Using 14 C-labeled rice straw, Wang et al. (1999) showed that the decomposition rate of the C within straw was fast in the early stage but slow in the late stage, with values ranging from 3.3 9 10 -3 d -1 to 7.1 9 10 -3 d -1 , and that the C mineralization rate in wet soil was 1.2-1.5 times greater than that in dryland soil (70% of the maximum field capacity) after 112 days of incubation under laboratory conditions.
1	(title:Decomposition characteristics of rice straw returned to the soil in northeast China) Shaffer and Ma (2001) showed that aerobic conditions would increase the decomposition rate of soil organic C in dryland areas compared with wetland areas and indicated that flooding would reduce the mineralization of soil organic C.
1	(title:Decomposition characteristics of rice straw returned to the soil in northeast China) The difference between the two experimental results may be due to differences in climatic conditions and straw composition in the different test areas.
1	(title:Decomposition characteristics of rice straw returned to the soil in northeast China) Nakajima et al. (2016) showed that under 100% water-filled pore space (WFPS), the straw decomposition of rice straw increased as the temperature increased; specifically, after 24 weeks of culture under constant temperatures of 5 °C, 15 °C and 25 °C, the percentages of release were 22.2%, 33.5% and 46.2%, respectively.
1	(title:Decomposition characteristics of rice straw returned to the soil in northeast China) Straw decomposition followed a power function of time (days) (Pal and Broadbent 1975).
1	(title:Decomposition characteristics of rice straw returned to the soil in northeast China) Under laboratory conditions, the amount of gas (CO 2 and/or CH 4 ) emissions produced by the organic decomposition of microorganisms can also be used as an indicator of the decomposition rate (Deve ˆvre and Horwa ´th 2000; Zhou et al. 2014).
0	(title:Decomposition characteristics of rice straw returned to the soil in northeast China) Rice straw is composed mainly of cellulose, hemicellulose and lignin (Pan et al. 2017; Wu et al. 2014).
1	(title:Decomposition characteristics of rice straw returned to the soil in northeast China) The greatest decomposition rate was observed for hemicellulose, followed by cellulose and lignin, the last of which had the lowest decomposition rate (Gong et al. 2018).
1	(title:Decomposition characteristics of rice straw returned to the soil in northeast China) Many studies have shown that silica, polysaccharides and lignin can form complex rigid structures that inhibit the decomposition of straw lignin (Eremeeva et al. 2001; Pan et al. 2010; Wu et al. 2014).
0	(title:Decomposition characteristics of rice straw returned to the soil in northeast China) At present, studies on the regular patterns of rice straw decomposition have focused mainly on the current rice growing season or the years after straw return (Ferreira et al. 2016; Fores et al. 1988; Pal and Broadbent 1975 ).
0	(title:Decomposition characteristics of rice straw returned to the soil in northeast China) However, relatively few studies on the nutrient decomposition of rice residue and changes in fiber composition for more than 1 year exist.
0	(title:Decomposition characteristics of rice straw returned to the soil in northeast China) The parameters and models of straw decomposition in other regions have limited reference for Northeast China because of its unique geographical location.
0	(title:Decomposition characteristics of rice straw returned to the soil in northeast China) In this study, the nylon mesh bag method was used to monitor the changes in nutrient and fiber composition of rice straw residue for 5 consecutive years.
0	(title:Decomposition characteristics of rice straw returned to the soil in northeast China) In this area, the study of rice straw decomposition can conserve agricultural production costs, improve farmland ecological environments and provide theoretical support for the sustainable development of ecological agricultural environments.
0	(title:Decomposition characteristics of rice straw returned to the soil in northeast China) This experiment was conducted at the research and practice station of plant studies at Northeast Agricultural University.
0	(title:Decomposition characteristics of rice straw returned to the soil in northeast China) The center of the farm is located in Xingfu township, Xiangfang district, Harbin city, Heilongjiang Province, China; the geographic coordinates are 45°34 0 -45°46 0 N, 126°22 0 -126°50 0 E, and the elevation is 171.7 m above sea level.
0	(title:Decomposition characteristics of rice straw returned to the soil in northeast China) The study area has a cold temperate continental climate, with rain and high temperature occurring in the same season.
0	(title:Decomposition characteristics of rice straw returned to the soil in northeast China) The annual precipitation is between 500 and 550 mm, the frost-free period is approximately 140 days, and the C 10 °C cumulative temperature is approximately 2700 °C.
0	(title:Decomposition characteristics of rice straw returned to the soil in northeast China) For rice production, a continuous cropping system with one growing season every year was adopted; the rice seedlings were transplanted in late May, with paddy rice harvesting occurring at the end of September.
0	(title:Decomposition characteristics of rice straw returned to the soil in northeast China) The soil is a Phaeozem, and the content of sand, silt and clay particles was 19.6%, 67.9% and 12.5%, respectively.
0	(title:Decomposition characteristics of rice straw returned to the soil in northeast China) The air temperature and rainfall at the study site are shown in Fig. 1.
0	(title:Decomposition characteristics of rice straw returned to the soil in northeast China) The nylon mesh bagging method was used to study the decomposition and nutrient release patterns of rice straw under field conditions for 6 years.
0	(title:Decomposition characteristics of rice straw returned to the soil in northeast China) The nylon mesh bags used were 250 mm long and 200 mm wide and had a standard mesh number (the diameter of the mesh was 0.183 mm).
0	(title:Decomposition characteristics of rice straw returned to the soil in northeast China) The straw samples were airdried, cut to approximately 100 mm in length and placed into the nylon mesh bags, which were then sealed with nylon thread.
0	(title:Decomposition characteristics of rice straw returned to the soil in northeast China) Each bag contained 60.0 g of air-dried straw (55.2 g oven-dry mass).
0	(title:Decomposition characteristics of rice straw returned to the soil in northeast China) Each year during the experiment, tillage was conducted on May 20, the field was subject to ponding on May 22 and seedlings were transplanted on May 30.
0	(title:Decomposition characteristics of rice straw returned to the soil in northeast China) The row spacing was 300 mm, and the plant-to-plant spacing was 130 mm, with 3 seedlings per hill.
0	(title:Decomposition characteristics of rice straw returned to the soil in northeast China) On May 26, 2010, rice straw-filled nylon mesh bags were buried in the center of the paddy field, and a position mark was made in the field.
0	(title:Decomposition characteristics of rice straw returned to the soil in northeast China) The mesh bags did not overlap each other and were arranged vertically in the horizontal direction.
0	(title:Decomposition characteristics of rice straw returned to the soil in northeast China) The distance from the upper end of the mesh bag to the soil layer was 50-100 mm.
0	(title:Decomposition characteristics of rice straw returned to the soil in northeast China) To prevent damage to the mesh bags caused by tilling the soil, on May 20 each year, the mesh bags were removed, placed into a container that contained soil and covered with a soil layer that was 50 mm thick, after which the container was placed in the field.
0	(title:Decomposition characteristics of rice straw returned to the soil in northeast China) After the soil was tilled, the net bags were put back into the field.
0	(title:Decomposition characteristics of rice straw returned to the soil in northeast China) The whole process lasted no more than 2 days. The rice straw composition was as follows: 39.9% C, 6.6 mg g -1 N, 1.8 mg g -1 P, 12.2 mg g -1 K, 42.2% cellulose, 26.4% hemicellulose and 6.0% lignin.
0	(title:Decomposition characteristics of rice straw returned to the soil in northeast China) The initial soil fertility (0-150 mm) conditions were as follows: 2.2 g kg -1 total N, 0.7 g kg -1 total P, 16.5 g kg -1 total K, 26.5 mg kg -1 nitrate-N, 2.0 mg kg -1 ammonium-N, 86.8 mg kg -1 available P, 340.0 mg kg -1 available K and 26.2 g kg -1 organic matter.
0	(title:Decomposition characteristics of rice straw returned to the soil in northeast China) The basal fertilizer included 150 kg ha -1 urea (N: 46%), 150 kg ha -1 diammonium phosphate (N: 18%, P 2 O 5 : 46%) and 100 kg ha -1 potassium sulfate (K 2 O: 30%), and the topdressing included 150 kg ha -1 urea (N: 46%) and was applied at the tillering stage (25 days after planting).
0	(title:Decomposition characteristics of rice straw returned to the soil in northeast China) Other management practices were the same as those used in rice production (Yan et al. 2016).
0	(title:Decomposition characteristics of rice straw returned to the soil in northeast China) Sampling, methods of analysis and calculations The initial nutrient content and fiber composition of the rice straw were determined before the straw was returned in the experiment.
0	(title:Decomposition characteristics of rice straw returned to the soil in northeast China) Sampling of the nylon bags was performed once a month during the rice growing period starting on June 26 in the first year of rice straw return (year 2010).
0	(title:Decomposition characteristics of rice straw returned to the soil in northeast China) In the second to fifth years (2011) (2012) (2013) (2014) , two samplings were performedon May 26 and September 26.
0	(title:Decomposition characteristics of rice straw returned to the soil in northeast China) In the 6th year of the study, the last sampling was performed on May 26, 2015.
0	(title:Decomposition characteristics of rice straw returned to the soil in northeast China) Thus, a total of 13 samplings were performed, with 3 bags per sampling, which resulted in a total of 39 bags.
0	(title:Decomposition characteristics of rice straw returned to the soil in northeast China) After the samples were removed, they were rinsed with water and cleaned by removing the rice roots that penetrated the net bags.
0	(title:Decomposition characteristics of rice straw returned to the soil in northeast China) The samples were then oven dried, weighed, crushed and transferred to paper bags for future use.
0	(title:Decomposition characteristics of rice straw returned to the soil in northeast China) Several methods were applied to measure the different components of the rice straw.
0	(title:Decomposition characteristics of rice straw returned to the soil in northeast China) C was measured both by oxidation with potassium dichromate and by titration with ferrous ammonium sulfate (Nelson 1982).
0	(title:Decomposition characteristics of rice straw returned to the soil in northeast China) Total N content was measured by digestion with H 2 SO 4 -H 2 O 2 and the Kjeldahl method (Buchi B-324, Switzerland) (Barker and Volk 1964).
0	(title:Decomposition characteristics of rice straw returned to the soil in northeast China) Total P content was measured by using the colorimetric method with molybdenum in sulfuric acid (Hitachi UV-2900, Japan).
0	(title:Decomposition characteristics of rice straw returned to the soil in northeast China) Total K was measured by digestion with H 2 SO 4 -H 2 O 2 and the flame photometry method (Sherwood F-P410, England).
0	(title:Decomposition characteristics of rice straw returned to the soil in northeast China) The fiber composition was measured via an Ankom A200i type semiautomated fiber analyzer (USA).
0	(title:Decomposition characteristics of rice straw returned to the soil in northeast China) Filter bag technology was first used along with a neutral eluent to extract the neutral detergent fiber (NDF) content, and a filter bag was then used along with an acidic fiber eluent to extract the acid detergent fiber (ADF) content.
0	(title:Decomposition characteristics of rice straw returned to the soil in northeast China) The same filter bag was subsequently used along with an acidic lignin eluent to extract the acid detergent lignin (ADL) content.
0	(title:Decomposition characteristics of rice straw returned to the soil in northeast China) The hemicellulose content within the straw residue represented the difference between the NDF and ADF, the cellulose content represented the difference between the ADF and ADL and the lignin content represented the ADL within the straw residue.
0	(title:Decomposition characteristics of rice straw returned to the soil in northeast China) All the data were subjected to a normality test prior to a one-way analysis of variance (ANOVA) using IBM SPSS Statistics 21.0 (SPSS Inc., Shanghai, China).
0	(title:Decomposition characteristics of rice straw returned to the soil in northeast China) To compare the treatment means, Duncan's multiple range test was used at a significance level of P \ 0.05.
0	(title:Decomposition characteristics of rice straw returned to the soil in northeast China) Graphs were constructed using Origin 9.0 software (Origin Lab Inc., Guangzhou, China) (Yan et al. 2018).
2	(title:Decomposition characteristics of rice straw returned to the soil in northeast China) Figure 2 shows the dynamics of the rice straw mass and the percent release over time.
1	(title:Decomposition characteristics of rice straw returned to the soil in northeast China) The results showed that the mass of the straw decreased gradually as the decomposition rate increased gradually over time.
2	(title:Decomposition characteristics of rice straw returned to the soil in northeast China) The straw decomposed mainly during the rice growing season (late May-late September), whereas the decomposition of the returned straw changed little during the non-rice growing season (late September to the end of May in the following year).
2	(title:Decomposition characteristics of rice straw returned to the soil in northeast China) The straw mass decreased by 15.1 g, 6.3 g, 4.6 g and 3.9 g after the first, second, third and fourth months, respectively, which corresponded to percentages of release of 27.4%, 11.3%, 8.3% and 6.1%, respectively.
2	(title:Decomposition characteristics of rice straw returned to the soil in northeast China) By the end of the first year, the total rice straw mass decreased by 30.7 g, and the percentage of release was 55.6%, with the average straw decomposition accounting for 13.9% per month.
2	(title:Decomposition characteristics of rice straw returned to the soil in northeast China) In the second year, the percentage of release was 11.4%, which accounted for 25.6% of the residual amount after the first year's decomposition.
2	(title:Decomposition characteristics of rice straw returned to the soil in northeast China) In the third year, the percentage of release was 9.3%, which accounted for 28.6% of the residual amount after the first 2 years of decomposition.
1	(title:Decomposition characteristics of rice straw returned to the soil in northeast China) The residual rate of rice straw decomposition followed a strong linear trend over time (1-5 years; see Table 1 ).
2	(title:Decomposition characteristics of rice straw returned to the soil in northeast China) The relationship was as follows: y = 49.27 -7.75x, R 2 = 0.944, where y is the residual rate of straw and x is the straw decomposition time (year).
2	(title:Decomposition characteristics of rice straw returned to the soil in northeast China) Table 2 shows the dynamics of the straw composition during decomposition.
2	(title:Decomposition characteristics of rice straw returned to the soil in northeast China) The results showed that the nutrient composition during the first 2 years changed dramatically but then stabilized.
2	(title:Decomposition characteristics of rice straw returned to the soil in northeast China) First, the initial C content in the returned straw was 39.9%, after which this percentage decreased gradually and reached the lowest value of 27.4% after 2 years of decomposition.
2	(title:Decomposition characteristics of rice straw returned to the soil in northeast China) No significant change in C content was observed during the following 3 years of decomposition.
2	(title:Decomposition characteristics of rice straw returned to the soil in northeast China) Second, the initial N concentration in the returned straw was 6.6 mg g-1 , and after the first year of straw decomposition, it reached 8.6 mg g -1 , which was significantly greater. The N concentration decreased to 4.2 mg g -1 after 2 years of straw decomposition but slightly increased during the next 3 years.
2	(title:Decomposition characteristics of rice straw returned to the soil in northeast China) Third, the initial P concentration in the returned straw was 1.8 mg g -1 ; however, this concentration decreased to 0.8 mg g -1 after the first year of straw decomposition, after which it then increased gradually and remained within a rather constant range of 1.0-1.2 mg g
1	(title:Decomposition characteristics of rice straw returned to the soil in northeast China) The K concentration in the straw exhibited nearly the same trends as did the P concentration.
2	(title:Decomposition characteristics of rice straw returned to the soil in northeast China) The lowest K concentration was 1.6 mg g -1 , which occurred after 1 year of decomposition, but increased to 2.0 mg g -1 after 2 years, after which it remained within a rather constant range of 2.9-3.0 mg g -1 during the following 3 years.
1	(title:Decomposition characteristics of rice straw returned to the soil in northeast China) Taken together, the results of this study showed that the nutrient contents of the straw gradually reached equilibrium after 3-5 years of straw decomposition.
2	(title:Decomposition characteristics of rice straw returned to the soil in northeast China) The initial percentage of cellulose content in the rice straw was 42.2%, after which it increased to 49.0% after 1 year of decomposition, remained stable from 31.4 to 39.3% after 2 years of decomposition and reached 35.9% at the equilibrium of decomposition.
2	(title:Decomposition characteristics of rice straw returned to the soil in northeast China) The initial percentage of hemicellulose content in the rice straw was rather high at 26.4%, after which it decreased to 22.7% after 1 year of decomposition, decreased to the lowest (11.2%) after 2 years of decomposition, remained stable from 13.2 to 15.0% thereafter and reached 13.3% at the equilibrium of decomposition.
2	(title:Decomposition characteristics of rice straw returned to the soil in northeast China) The lignin content in the straw initially constituted 5.9% and accounted for 7.1-9.6% of the mass of the straw during the first to fourth years, after which it decreased to 4.1% after 5 years of straw decomposition.
0	(title:Insulating Organic Material as a Protection System against Late Frost Damages on the Vine Shoots) Late frosts are one of the major impact factors on agriculture worldwide with large economic losses for agricultural crops, with a significant impact also in wine production.
0	(title:Insulating Organic Material as a Protection System against Late Frost Damages on the Vine Shoots) Given the importance of the wine sector in the world, more and more efforts are being made to identify innovative techniques capable of creating a low-cost and effective protection for vine shoots, as well as reducing energy consumption.
1	(title:Insulating Organic Material as a Protection System against Late Frost Damages on the Vine Shoots) In a previous work, cotton candy was identified as an insulating material to solve the problems related to late frosts on vineyards and limit its damages as much as possible.
1	(title:Insulating Organic Material as a Protection System against Late Frost Damages on the Vine Shoots) From the results of the previous research, it has proved that cotton candy is an excellent thermal insulator, but it degrades quickly in windy conditions.
1	(title:Insulating Organic Material as a Protection System against Late Frost Damages on the Vine Shoots) Thus, climatic tests carried out in windy condition showed that straw can greatly slow down the degradation of cotton candy over time, giving an indirect contribution to the protective effectiveness of cotton candy.
0	(title:Insulating Organic Material as a Protection System against Late Frost Damages on the Vine Shoots) In addition, several tests were conducted with different amounts of sugar and straw without wind to evaluate whether the straw can itself make a contribution in terms of thermal insulation, as well as contribute to the protective effectiveness of cotton candy, minimizing energy use as well.
0	(title:Insulating Organic Material as a Protection System against Late Frost Damages on the Vine Shoots) Due to climate warming, the frequency and severity of extreme climate events such as drought, excessive temperature, and late frosts, are expected to increase.
0	(title:Insulating Organic Material as a Protection System against Late Frost Damages on the Vine Shoots) Such extreme events are the major impact factors on agriculture worldwide affecting growth, reproduction, and yield of plants.
0	(title:Insulating Organic Material as a Protection System against Late Frost Damages on the Vine Shoots) Thus, agriculture and climate changes are strictly related. In fact, modern agriculture techniques are responsible for the production of large volumes of greenhouse gases that represent the main cause of climate changes.
0	(title:Insulating Organic Material as a Protection System against Late Frost Damages on the Vine Shoots) On the other hand, agricultural activities are negatively affected by effects of climate changes, showing a loss and reduction in productivity with large economic losses for agricultural crops.
0	(title:Insulating Organic Material as a Protection System against Late Frost Damages on the Vine Shoots) For instance, the agricultural losses related to climate warming (spring frosts and summer droughts) in recent years in Italy, according to Ismea, have become a recurring problem, affecting many important agricultural productions such as wine in 2017 (-16%) and in 2014 (-8.9%), oil in 2016 (-39.5%) and in 2014 (-39.3%), wheat in 2017 (-16.4%) and in 2009 (-29.4%), corn in 2015 (-22.2%) and in 2012 (-19.4%), and potatoes in 2013 (-12%) and in 2010 (-13.4%).
0	(title:Insulating Organic Material as a Protection System against Late Frost Damages on the Vine Shoots) Frost events are a major weather-related phenomenon impacting agriculture and sometimes causing devastating effects on crops.
0	(title:Insulating Organic Material as a Protection System against Late Frost Damages on the Vine Shoots) Technically, frost refers to the ice crystals formed by freezing, but its meaning is also referred to describe a meteorological phenomenon characterized by falling air temperature below 0 • C.
0	(title:Insulating Organic Material as a Protection System against Late Frost Damages on the Vine Shoots) Although crops are ready to defend themselves and are resistant to frosts in winter, food crops are vulnerable to below-freezing temperatures during the vegetative restart.
0	(title:Insulating Organic Material as a Protection System against Late Frost Damages on the Vine Shoots) Frosts that occur during the active growth of crops are called late frosts and they are damaging for the sensitive tissues of plants such as shoots, flowers, and new leaves.
0	(title:Insulating Organic Material as a Protection System against Late Frost Damages on the Vine Shoots) Late frosts are meteorological events characterized by low air temperature, less than or equal to 0 • C, and they cause lethal damages to the plants and huge economic losses, even if they generally only last a few hours.
0	(title:Insulating Organic Material as a Protection System against Late Frost Damages on the Vine Shoots) Frost damages occur in all agricultural areas, affecting both temperate and tropical countries, and huge economic losses due to late frosts are observed worldwide.
0	(title:Insulating Organic Material as a Protection System against Late Frost Damages on the Vine Shoots) For example, in the USA, the fruit crop economic losses after April 2007 were 86 million USD and the losses caused by late frosts were greater than any other meteorological event.
0	(title:Insulating Organic Material as a Protection System against Late Frost Damages on the Vine Shoots) Frosts can be distinguished in advective and radiative frosts. Late frosts, which affect the most important Italian agricultural areas, are mainly radiative frosts, but sometimes a combination of two categories of frosts occurs.
0	(title:Insulating Organic Material as a Protection System against Late Frost Damages on the Vine Shoots) Radiative frosts are characterized by a temperature inversion through radiant exchange, which leads the energy loss resulting in soil and crops cooling.
0	(title:Insulating Organic Material as a Protection System against Late Frost Damages on the Vine Shoots) They usually occur in clear and calm nights with daily temperatures greater than 0 • C.
0	(title:Insulating Organic Material as a Protection System against Late Frost Damages on the Vine Shoots) On the other hand, advective frosts are characterized by an air temperature falling below 0 • C even during the day. They usually occur in windy and cloudy conditions and they are caused by cold air blows.
0	(title:Insulating Organic Material as a Protection System against Late Frost Damages on the Vine Shoots) Since the first crops were grown, late frost damages have always represented a serious problem for humans.
0	(title:Insulating Organic Material as a Protection System against Late Frost Damages on the Vine Shoots) In fact, when late frosts occur, they can lead to total crop failures in only one night of freezing temperatures.
0	(title:Insulating Organic Material as a Protection System against Late Frost Damages on the Vine Shoots) So, many methods have been developed to protect crops from damages frost over time.
0	(title:Insulating Organic Material as a Protection System against Late Frost Damages on the Vine Shoots) Frost protection is distinguished into active or direct methods and passive or indirect methods.
0	(title:Insulating Organic Material as a Protection System against Late Frost Damages on the Vine Shoots) The active or direct defense involves specific and temporary actions taken when freezing occurs in order to replace energy loss during the frost night; in fact, the active defense is carried out only with radiative frosts because weather conditions in advective frosts make impossible to implement ad hoc defense methods.
0	(title:Insulating Organic Material as a Protection System against Late Frost Damages on the Vine Shoots) Active methods are characterized by shielding, dynamic, and thermal techniques.
1	(title:Insulating Organic Material as a Protection System against Late Frost Damages on the Vine Shoots) The oldest active defense techniques employ artificial fog to prevent the risk of late frosts.
1	(title:Insulating Organic Material as a Protection System against Late Frost Damages on the Vine Shoots) In fact, when the humidity in the air increases near the ground due to the artificial fog, the air shielding power enhances, hindering energy losses from the ground.
0	(title:Insulating Organic Material as a Protection System against Late Frost Damages on the Vine Shoots) The shielding devices make a smoke cloud by burning of organic materials at the crops level.
0	(title:Insulating Organic Material as a Protection System against Late Frost Damages on the Vine Shoots) The dynamic means rely on using wind machines to prevent the thermal inversion by air mixing.
1	(title:Insulating Organic Material as a Protection System against Late Frost Damages on the Vine Shoots) In fact, wind machines draw the warmer air from the upper air layers and push it down to the crops level resulting in soil and crops warming.
0	(title:Insulating Organic Material as a Protection System against Late Frost Damages on the Vine Shoots) The use of fans began from California in 1920 with a 12 m high tower at the top of which a fan with two propellers was located.
0	(title:Insulating Organic Material as a Protection System against Late Frost Damages on the Vine Shoots) Among the dynamic techniques, helicopters are a high-efficacy means for large areas.
0	(title:Insulating Organic Material as a Protection System against Late Frost Damages on the Vine Shoots) Finally, the thermal devices include heaters, which provide heat in order to warm up the air at crop level and sprinklers, which exploit the heat during a phase change from water to ice.
0	(title:Insulating Organic Material as a Protection System against Late Frost Damages on the Vine Shoots) The most commonly used thermal technique is frost-free irrigation, which is carried out with continuous rain and with over-or under-plant sprinklers, both for advective and radiative frosts.
1	(title:Insulating Organic Material as a Protection System against Late Frost Damages on the Vine Shoots) The over-plant irrigation produces ice crystals on shoots and young leaves, which keep the temperature more than 0 • C. Instead, ice crystals on the ground are formed with the under-plant irrigation.
1	(title:Insulating Organic Material as a Protection System against Late Frost Damages on the Vine Shoots) Among the under-plant sprinklers, micro-sprinklers are the most efficient ones.
0	(title:Insulating Organic Material as a Protection System against Late Frost Damages on the Vine Shoots) On the other hand, the passive or indirect defense involves preventive measures carried out before frost events, including ecological (e.g., site selection for crops and soil management) and biological (e.g., treatment with growth regulators and chemicals) techniques.
1	(title:Insulating Organic Material as a Protection System against Late Frost Damages on the Vine Shoots) However, the passive defense is mainly based on crop selection for timing of phenological development in order to minimize frost damage.
1	(title:Insulating Organic Material as a Protection System against Late Frost Damages on the Vine Shoots) Under climate change, late frost risk increases due to an early beginning of the growth and development of the plants, sometimes resulting in total crop failures, with a significant impact also in wine production.
0	(title:Insulating Organic Material as a Protection System against Late Frost Damages on the Vine Shoots) With reference to viticulture sector, late frost is a severe threat in viticulture regions throughout the world, e.g., in Australia, South Africa, USA, Italy, Spain, etc..
1	(title:Insulating Organic Material as a Protection System against Late Frost Damages on the Vine Shoots) The average yield in wine regions is drastically reduced in years with late frost due to damages on young grape shoots and leaves.
1	(title:Insulating Organic Material as a Protection System against Late Frost Damages on the Vine Shoots) Frost damages have also affected the wine production in the following years.
0	(title:Insulating Organic Material as a Protection System against Late Frost Damages on the Vine Shoots) Indeed, these events led to destroy thousands of hectares in many wine regions of Italy, Swiss, France, and Luxembourg.
0	(title:Insulating Organic Material as a Protection System against Late Frost Damages on the Vine Shoots) According to Ismea estimates, in 2019, Italy was once again the world's top wine producer with 46 million hectoliters, followed by France with 42 million hectoliters and Spain with 38 million hectoliters.
0	(title:Insulating Organic Material as a Protection System against Late Frost Damages on the Vine Shoots) In 2018, the Italian surface for vineyards was 704.613 hectares (658.000 hectares for winegrowing and 46.613 hectares for table grapes).
0	(title:Insulating Organic Material as a Protection System against Late Frost Damages on the Vine Shoots) In fact, in Italy, weather and soil characteristics offer perfect conditions for vineyards.
0	(title:Insulating Organic Material as a Protection System against Late Frost Damages on the Vine Shoots) While wine grapes are grown all over Italy, table grapes, which require a warm and dry climate, are grown only in regions of southern Italy.
1	(title:Insulating Organic Material as a Protection System against Late Frost Damages on the Vine Shoots) Under climate warming, increasing temperature leads to an early vegetative restart, resulting in an increased risk of late frost damages.
1	(title:Insulating Organic Material as a Protection System against Late Frost Damages on the Vine Shoots) In fact, even if many environmental variables characterize the vegetative restart, the major contribution generally comes from temperature.
0	(title:Insulating Organic Material as a Protection System against Late Frost Damages on the Vine Shoots) With regard to grapevines, late frosts generally occur around budburst, which is the most sensitive stage of phenological development of grapevines, mainly damaging the shoots.
1	(title:Insulating Organic Material as a Protection System against Late Frost Damages on the Vine Shoots) The negative consequences due to late frosts take place in all phenological phases after the opening of vegetation shoots, resulting in reduction of growth, average grape yield, and harvest quality in years with late frost.
1	(title:Insulating Organic Material as a Protection System against Late Frost Damages on the Vine Shoots) In fact, the warmer temperatures determine an early vegetative restart of grapevines, and then the frequent freezing temperatures, which occur in spring nights, lead to an inhomogeneous budburst with delay in blossoming.
1	(title:Insulating Organic Material as a Protection System against Late Frost Damages on the Vine Shoots) Thus, this delay in the phenological development of grapevines also results in irregularities in the grapevine ripening, which is the most important phenological phase.
1	(title:Insulating Organic Material as a Protection System against Late Frost Damages on the Vine Shoots) In fact, during the ripening, grapevines acquire the characteristic composition of their variety (e.g., increase in sugar content, decrease in acid content, development of flavors).
0	(title:Insulating Organic Material as a Protection System against Late Frost Damages on the Vine Shoots) According to the Regulation (EC) N. 1221/2008, the ratio between sugar and acid content must be optimum to ensure the quality of table grapes variety.
0	(title:Insulating Organic Material as a Protection System against Late Frost Damages on the Vine Shoots) Given the importance of the wine production in the worldwide agricultural sector and its relevant economic impact, especially in Italy, more and more efforts are being made to identify innovative techniques and methods to mitigate the effects of late frosts and minimize their damages as well.
0	(title:Insulating Organic Material as a Protection System against Late Frost Damages on the Vine Shoots) Within this framework, different technologies have been proposed such as active and passive defense methods.
0	(title:Insulating Organic Material as a Protection System against Late Frost Damages on the Vine Shoots) These crop protection methods include either chemical compounds to increase resistance of crops to frosts, or heaters, wind machines, and sprinklers, but they are expensive and also require expert technical staff.
0	(title:Insulating Organic Material as a Protection System against Late Frost Damages on the Vine Shoots) Thus, a low-cost, easy-to-use, and effective new technique to prevent the risk of late frosts has to be found.
0	(title:Insulating Organic Material as a Protection System against Late Frost Damages on the Vine Shoots) In fact, late frosts can occur once every two years, considering freezing events in the last decade in Italy, especially the Po valley, with air temperature drops below -6 and -8 • C.
0	(title:Insulating Organic Material as a Protection System against Late Frost Damages on the Vine Shoots) In a previous work, an innovative and effective protection system to prevent the risk of late frosts on vineyard, as an alternative to the traditional tested methods, was proposed.
1	(title:Insulating Organic Material as a Protection System against Late Frost Damages on the Vine Shoots) Cotton candy was identified as an insulating material to limit damages to vine shoots by late frosts, preventing their freezing.
1	(title:Insulating Organic Material as a Protection System against Late Frost Damages on the Vine Shoots) This insulating material has proved to be able of meeting the following requirements: it's extremely light to not to damage the vine shoots on which it is located, very easy to produce, cheap, non-toxic for crops and humans, and completely biodegradable within a few hours.
1	(title:Insulating Organic Material as a Protection System against Late Frost Damages on the Vine Shoots) This protection system has also proved to be able to minimize the energy use as well.
0	(title:Insulating Organic Material as a Protection System against Late Frost Damages on the Vine Shoots) Therefore, a climatic chamber was set up to determine the insulating power of cotton candy, setting temperature inside the climatic chamber below 0 • C to simulate the external environment that generally occurs during late frosts and keep the temperature of an electric wire, which simulates a vine shoot above 0 • C. 
0	(title:Insulating Organic Material as a Protection System against Late Frost Damages on the Vine Shoots)The insulating power of cotton candy was calculated by measuring the energy required to keep the temperature of electric wire higher than 0 • C. 
1	(title:Insulating Organic Material as a Protection System against Late Frost Damages on the Vine Shoots)From the results of the climatic tests carried out in windy conditions, it was found that cotton candy is a good thermal insulator but at the same time, it degrades quickly due to the wind, losing its protective function for the vine shoots.
0	(title:Insulating Organic Material as a Protection System against Late Frost Damages on the Vine Shoots) Thus, the aim of this work is to propose a material that could slow down the degradation of cotton candy in windy condition and determine its contribution in terms of crops protection against late frosts.
0	(title:Insulating Organic Material as a Protection System against Late Frost Damages on the Vine Shoots) This material must be non-toxic, easy to use, cheap, and completely biodegradable.
0	(title:Insulating Organic Material as a Protection System against Late Frost Damages on the Vine Shoots) For this purpose, climatic tests were carried out in the presence of wind, with addition of straw to cotton candy.
0	(title:Insulating Organic Material as a Protection System against Late Frost Damages on the Vine Shoots) In fact, straw is an easily available material in nature, inexpensive, and without impact on the environment.
0	(title:Insulating Organic Material as a Protection System against Late Frost Damages on the Vine Shoots) In these tests, straw was used to cover the whole surface of cotton candy.
1	(title:Insulating Organic Material as a Protection System against Late Frost Damages on the Vine Shoots) The results showed that straw can greatly slow down the degradation of cotton candy over time and thus promote protection against late frosts.
0	(title:Insulating Organic Material as a Protection System against Late Frost Damages on the Vine Shoots) Thus, a second climatic chamber, different from the one used in the previous work and characterized by the absence of wind, was used to assess the insulating power of straw and determine its contribution in terms of crops protection against late frosts.
0	(title:Insulating Organic Material as a Protection System against Late Frost Damages on the Vine Shoots) The next step, which is the subject of this work, is to evaluate whether the straw can itself make a contribution in terms of thermal insulation, as well as contribute to the protective effectiveness of cotton candy and prevent its degradation in vineyards.
0	(title:Insulating Organic Material as a Protection System against Late Frost Damages on the Vine Shoots) In the present study, 33 types of experiments were carried out with different amounts of sugar and straw.
0	(title:Insulating Organic Material as a Protection System against Late Frost Damages on the Vine Shoots) At first, the electric wire was covered only with cotton candy and was placed inside the climatic chamber; then, the electric wire was covered with cotton candy and straw.
0	(title:Insulating Organic Material as a Protection System against Late Frost Damages on the Vine Shoots) All tests have been performed inside the climatic chamber without wind.
0	(title:Insulating Organic Material as a Protection System against Late Frost Damages on the Vine Shoots) Finally, a preliminary cost analysis for determining the optimum amount of the proposed materials was conducted.
1	(title:Insulating Organic Material as a Protection System against Late Frost Damages on the Vine Shoots) The experimental apparatus for the tests consists of the following devices: A scale, a climatic chamber (model AT0700ZXC0), a PID controller, a Hall effect sensor (model AT50 B10), a data logger (model CR 850), a type K thermocouple, an electric wire (model 12, 230 V, 20 W/m), and a PC (Figure 1 ). tests carried out in windy conditions, it was found that cotton candy is a good thermal insulator but at the same time, it degrades quickly due to the wind, losing its protective function for the vine shoots.
0	(title:Insulating Organic Material as a Protection System against Late Frost Damages on the Vine Shoots) The experimental apparatus for the tests consists of the following devices: A scale, a climatic chamber (model AT0700ZXC0), a PID controller, a Hall effect sensor (model AT50 B10), a data logger (model CR 850), a type K thermocouple, an electric wire (model 12, 230 V, 20 W/m), and a PC (Figure 1 ).
0	(title:Insulating Organic Material as a Protection System against Late Frost Damages on the Vine Shoots) An electric wire 0.15 m long with a diameter of 8 mm is used to simulate the vine shoot.
1	(title:Insulating Organic Material as a Protection System against Late Frost Damages on the Vine Shoots) The ability of cotton candy and cotton candy covered with straw to maintain the temperature of the electric wire above 0
0	(title:Insulating Organic Material as a Protection System against Late Frost Damages on the Vine Shoots) °C under artificial conditions of late frost, is determined. Considering the portion of electric wire involved in the climatic chamber tests, the test area is 37.68 cm 2.
1	(title:Insulating Organic Material as a Protection System against Late Frost Damages on the Vine Shoots) The ability of cotton candy and cotton candy covered with straw to maintain the temperature of the electric wire above 0 • C under artificial conditions of late frost, is determined.
0	(title:Insulating Organic Material as a Protection System against Late Frost Damages on the Vine Shoots) Considering the portion of electric wire involved in the climatic chamber tests, the test area is 37.68 cm 2.
0	(title:Insulating Organic Material as a Protection System against Late Frost Damages on the Vine Shoots) The thermal insulating power of cotton candy and straw is determined by quantifying the electrical energy needed to keep the temperature of the electric wire above 0 • C. The temperature to simulate a late frost inside the climatic chamber is set to -10 • C.
0	(title:Insulating Organic Material as a Protection System against Late Frost Damages on the Vine Shoots) A type K thermocouple, with class 1 accuracy, is rolled up to the electric wire simulating the vine shoot; this thermocouple allows to control the temperature of the electric wire.
0	(title:Insulating Organic Material as a Protection System against Late Frost Damages on the Vine Shoots) In this particular case, tests in the climatic chamber are conducted keeping the temperature of the electric wire at 4 • C, with a variation of ±0.2 • C. The electric wire and the thermocouple are connected to a PID controller.
0	(title:Insulating Organic Material as a Protection System against Late Frost Damages on the Vine Shoots) The PID controller is an on/off type device that accepts an input temperature sensor such as the used thermocouple.
0	(title:Insulating Organic Material as a Protection System against Late Frost Damages on the Vine Shoots) The output of the PID controller is on when the temperature of the wire falls below the set point value, while it is off when the temperature is above the reference value.
0	(title:Insulating Organic Material as a Protection System against Late Frost Damages on the Vine Shoots) The thermocouple allows to monitor the temperature of the electric wire and send any temperature variation to the PID controller.
0	(title:Insulating Organic Material as a Protection System against Late Frost Damages on the Vine Shoots) The system is a closed-loop and is also monitored by a Hall effect sensor, for the current measurement (the source voltage is the mains one), which is connected to a data logger by Campbell Scientific (Figure 2 ).
1	(title:Insulating Organic Material as a Protection System against Late Frost Damages on the Vine Shoots) The thermal insulating power of cotton candy and straw is determined by quantifying the electrical energy needed to keep the temperature of the electric wire above 0
0	(title:Insulating Organic Material as a Protection System against Late Frost Damages on the Vine Shoots) The temperature to simulate a late frost inside the climatic chamber is set to -10 °C.
0	(title:Insulating Organic Material as a Protection System against Late Frost Damages on the Vine Shoots) In this particular case, tests in the climatic chamber are conducted keeping the temperature of the electric wire at 4 °C, with a variation of ±0.2 °C.
0	(title:Insulating Organic Material as a Protection System against Late Frost Damages on the Vine Shoots) The electric wire and the thermocouple are connected to a PID controller.
0	(title:Insulating Organic Material as a Protection System against Late Frost Damages on the Vine Shoots) Then, the system is connected to a processor in which the collected data (the number of measurements and the voltage value given by the Hall effect sensor) are recorded.
0	(title:Insulating Organic Material as a Protection System against Late Frost Damages on the Vine Shoots) The data logger is set to record data every 0.2 s during the tests.
0	(title:Insulating Organic Material as a Protection System against Late Frost Damages on the Vine Shoots) If the temperature of the electric wire in the climatic chamber is below 4 °C, the PID controller activates itself and sends current to the wire in order to bring the wire temperature to the set point value.
0	(title:Insulating Organic Material as a Protection System against Late Frost Damages on the Vine Shoots) Thus, the current passes from the PID controller to the wire in which thermal energy is dissipated due to joule effect, resulting in heat production.
0	(title:Insulating Organic Material as a Protection System against Late Frost Damages on the Vine Shoots) This heat amount increases the temperature registered by the thermocouple and when the temperature of the wire exceeds 4 °C, the mechanism turns itself off.
0	(title:Insulating Organic Material as a Protection System against Late Frost Damages on the Vine Shoots) The supplied electrical energy and thus the thermal energy needed to correct the temperature variation are monitored by the Hall effect sensor.
0	(title:Insulating Organic Material as a Protection System against Late Frost Damages on the Vine Shoots) In fact, the probe connected to the electric wire is used to quantify how much electrical current passes in the wire, and considering that the supplied voltage is the main one, the supplied electrical energy may be calculated; the thermal energy exchanged by the wire-chamber environment system is considered to correspond to the supplied electrical energy.
0	(title:Insulating Organic Material as a Protection System against Late Frost Damages on the Vine Shoots) Then, the data logger acquires the mentioned data that are transmitted to the processor.
2	(title:Insulating Organic Material as a Protection System against Late Frost Damages on the Vine Shoots) The experimental facility is schematically shown in Figure 3.
0	(title:Insulating Organic Material as a Protection System against Late Frost Damages on the Vine Shoots) If the temperature of the electric wire in the climatic chamber is below 4 • C, the PID controller activates itself and sends current to the wire in order to bring the wire temperature to the set point value.
0	(title:Insulating Organic Material as a Protection System against Late Frost Damages on the Vine Shoots) This heat amount increases the temperature registered by the thermocouple and when the temperature of the wire exceeds 4 • C, the mechanism turns itself off.
2	(title:Insulating Organic Material as a Protection System against Late Frost Damages on the Vine Shoots) In Figure 4 , two examples of tests in the climatic chamber are shown: In Figure 4a , the electric wire and thermocouple are covered only with cotton candy (10 g); in Figure 4b , the wire and thermocouple are covered with cotton candy and straw (15 g sugar and 3 g straw).
0	(title:Insulating Organic Material as a Protection System against Late Frost Damages on the Vine Shoots) In this work, the tests were always carried out in a climatic chamber without wind, in order to analyze the contribution to overall thermal resistance provided by straw.
0	(title:Insulating Organic Material as a Protection System against Late Frost Damages on the Vine Shoots) In addition, the absence of wind is one of the characteristic conditions of late frosts in nature.
0	(title:Insulating Organic Material as a Protection System against Late Frost Damages on the Vine Shoots) In fact, late frosts are mainly radiative frosts and they usually occur on nights characterized by air velocity near to 0 m/s, clear atmosphere, and no clouds.
2	(title:Insulating Organic Material as a Protection System against Late Frost Damages on the Vine Shoots) The experimental section is made on 33 tests. Each of them was one hour long and the data logger was set to acquire data every 0.2 s. All tests were carried out under the following conditions: In Figure 4 , two examples of tests in the climatic chamber are shown: In Figure 4a , the electric wire and thermocouple are covered only with cotton candy (10 g); in Figure 4b , the wire and thermocouple are covered with cotton candy and straw (15 g sugar and 3 g straw).
0	(title:Insulating Organic Material as a Protection System against Late Frost Damages on the Vine Shoots) The experimental section is made on 33 tests. Each of them was one hour long and the data logger was set to acquire data every 0.2 s. All tests were carried out under the following conditions:
0	(title:Insulating Organic Material as a Protection System against Late Frost Damages on the Vine Shoots) The internal temperature of the climatic chamber set to -10 • C (through the screen placed outside the climatic chamber)
0	(title:Insulating Organic Material as a Protection System against Late Frost Damages on the Vine Shoots) The temperature of electric wire fixed to +4 • C (through the PID controller)
0	(title:Insulating Organic Material as a Protection System against Late Frost Damages on the Vine Shoots) For both sugar and straw, weight is used as the reference parameter.
0	(title:Insulating Organic Material as a Protection System against Late Frost Damages on the Vine Shoots) Other parameters, such as density or volume, were evaluated but with variable results, depending on several factors, such as the differences in cotton candy deposition.
0	(title:Insulating Organic Material as a Protection System against Late Frost Damages on the Vine Shoots) The sugar used for cotton candy production is the common sucrose, which has an average density of 1.587 g/cm 3 and it is given by glucose and fructose.
0	(title:Insulating Organic Material as a Protection System against Late Frost Damages on the Vine Shoots) Straw is an agricultural product consisting of cereal culms at the end of their ripening.
0	(title:Insulating Organic Material as a Protection System against Late Frost Damages on the Vine Shoots) Normally, straw is compressed in bales and has a density of 100-200 kg/m 3.
0	(title:Insulating Organic Material as a Protection System against Late Frost Damages on the Vine Shoots) The first test was carried out with a non-covered electric wire, while in the subsequent tests, it was covered by cotton candy and then cotton candy with straw.
0	(title:Insulating Organic Material as a Protection System against Late Frost Damages on the Vine Shoots) The tested quantities of sugar were: 5 g, 10 g, 15 g, 20 g, and 25 g. Each kind of test was repeated at least three times to ensure the truthfulness, the repeatability, and the reproducibility of the obtained results.
0	(title:Insulating Organic Material as a Protection System against Late Frost Damages on the Vine Shoots) Tests with cotton candy and straw were carried out by keeping the ratio between the grams of sugar and the grams of straw constant.
0	(title:Insulating Organic Material as a Protection System against Late Frost Damages on the Vine Shoots) The sugar-straw weight combinations were as follows:• 5 g of sugar and 1 g of straw; • 10 g of sugar and 2 g of straw; • 15 g of sugar and 3 g of straw; • 20 g of sugar and 4 g of straw; • 25 g of sugar and 5 g of straw.
1	(title:Insulating Organic Material as a Protection System against Late Frost Damages on the Vine Shoots) Thus, straw was used in increasing amounts that were proportional to sugar.
0	(title:Insulating Organic Material as a Protection System against Late Frost Damages on the Vine Shoots) The quantity of straw used to cover the sugar insulating layer was calculated in function of the used grams of sugar; usually, 1 g of straw is used for every 5 g of sugar.
0	(title:Insulating Organic Material as a Protection System against Late Frost Damages on the Vine Shoots) That proportion may vary, due to differences in sugar insulating layer's morphology, a variation in its density and other aspects.
0	(title:Insulating Organic Material as a Protection System against Late Frost Damages on the Vine Shoots) In all tests, straw was used to cover the whole surface of cotton candy (without leaving uncovered any portion).
1	(title:Insulating Organic Material as a Protection System against Late Frost Damages on the Vine Shoots) From these figures, it clearly appears that the main function of the straw is to shield (by complete separation) the cotton candy layer from external agents, such as wind.
0	(title:Insulating Organic Material as a Protection System against Late Frost Damages on the Vine Shoots) The quantity of straw established for each test was enough to be mixed with the cotton candy, giving it a more cohesive and enduring structure.
0	(title:Insulating Organic Material as a Protection System against Late Frost Damages on the Vine Shoots) As previously explained, all tests were carried out in the same way; the only differences among them consisted in the amount of used sucrose and the presence or absence of straw (its quantity is directly related to sucrose one).
0	(title:Insulating Organic Material as a Protection System against Late Frost Damages on the Vine Shoots) Thus, the cotton candy or the cotton candy covered with straw was applied in the test area of the wire inside the climatic chamber and the data logger was set for data acquisition.
0	(title:Insulating Organic Material as a Protection System against Late Frost Damages on the Vine Shoots) After one hour, the experiment ended and the results recorded by the system were processed.
0	(title:Insulating Organic Material as a Protection System against Late Frost Damages on the Vine Shoots) For all the carried out tests, the apparent volume of the product was calculated in order to verify whether, with the same sugar level, a higher apparent volume was created by the addition of straw.
2	(title:Insulating Organic Material as a Protection System against Late Frost Damages on the Vine Shoots) Despite the variability of the results, there was a higher apparent volume in all the tests done with cotton candy covered with straw.
2	(title:Insulating Organic Material as a Protection System against Late Frost Damages on the Vine Shoots) In Figure 5 , two examples of tests are shown: On the left, the test with 10 g of sugar and on the right the test with 10 g of sugar and 2 g of straw.
2	(title:Insulating Organic Material as a Protection System against Late Frost Damages on the Vine Shoots) The average apparent volume was 177 m 3 with 10 g of sugar, while it was about 283 m 3 with 10 g of sugar and 2 g of straw.
0	(title:Insulating Organic Material as a Protection System against Late Frost Damages on the Vine Shoots) In order to verify the contribution to the thermal insulation of the coating made with cotton candy and straw, it is necessary to know how much current circulated in the wire and how much electrical energy was consumed by the system.
0	(title:Insulating Organic Material as a Protection System against Late Frost Damages on the Vine Shoots) They allow to calculate the exchanged thermal flux (q) and the thermal resistance (R) of the system.
0	(title:Insulating Organic Material as a Protection System against Late Frost Damages on the Vine Shoots) Each test lasted 3.600 s (TTOT). Since the data logger is set to acquire measurements every 0.2 s (Ti), the number of samples for each test was 18.000.
0	(title:Insulating Organic Material as a Protection System against Late Frost Damages on the Vine Shoots) The consumed electrical power in each period (Wi) was calculated by the data measured by the In order to verify the contribution to the thermal insulation of the coating made with cotton candy and straw, it is necessary to know how much current circulated in the wire and how much electrical energy was consumed by the system.
0	(title:Insulating Organic Material as a Protection System against Late Frost Damages on the Vine Shoots) Each test lasted 3.600 s (T TOT ). Since the data logger is set to acquire measurements every 0.2 s (T i ), the number of samples for each test was 18.000.
0	(title:Insulating Organic Material as a Protection System against Late Frost Damages on the Vine Shoots) The consumed electrical power in each period (W i ) was calculated by the data measured by the Hall effect sensor (and controlling the right value of the mains voltage by a tester) and consequently, the average thermal flow (q), according to the following equation, is:
0	(title:Insulating Organic Material as a Protection System against Late Frost Damages on the Vine Shoots) Since ∆T difference between the set point temperature of the wire (+4 • C) and that of the climatic chamber (-10 • C), is -14 • C, the thermal resistance (R) between the wire and the external environment was calculated as follows:
0	(title:Insulating Organic Material as a Protection System against Late Frost Damages on the Vine Shoots) Finally, the thermal energy consumption per unit of surface (J/m 2 ) in the tests was calculated and then expressed in kWh/m 2.
0	(title:Insulating Organic Material as a Protection System against Late Frost Damages on the Vine Shoots) The values that will be shown in the experimental section were extended to a period of a whole night, which lasts 8 h (i.e., the collected values during each test were multiplied by 8).
0	(title:Insulating Organic Material as a Protection System against Late Frost Damages on the Vine Shoots) Thus, the consumed energy was calculated as follows:
0	(title:Insulating Organic Material as a Protection System against Late Frost Damages on the Vine Shoots) The test surface is 0.01458 m 2 : it is the surface of the wire controlled by the thermocouple on which the insulation materials are applied to be tested.
0	(title:Insulating Organic Material as a Protection System against Late Frost Damages on the Vine Shoots) Thus, the results obtained by Equation (3), converted in Wh or kWh, were divided by the corresponding wire surface and then increased 8 times for describing the energy consumption during a whole night (P).
0	(title:Insulating Organic Material as a Protection System against Late Frost Damages on the Vine Shoots) The results of the experiments will be discussed and analyzed in the next section.
1	(title:Insulating Organic Material as a Protection System against Late Frost Damages on the Vine Shoots) Firstly, results of tests belonging to a previous paper are compared with those carried out in this work: The previous work proved that the cotton candy is a good thermal insulator but it quickly degrades in windy condition; however, the addition of straw leads to a significant reduction in its degradation.
0	(title:Insulating Organic Material as a Protection System against Late Frost Damages on the Vine Shoots) In the second part, a comparison between tests performed without wind, with only cotton candy, and with the addition of an external coating made with straw was carried out, in order to verify whether the straw directly contributes to the thermal insulation, by increasing the thermal resistance, or only indirectly due to the reduction of cotton candy degradation.
0	(title:Insulating Organic Material as a Protection System against Late Frost Damages on the Vine Shoots) The experimental section of the present work consists of 33 tests, carried out as previously described.
0	(title:Insulating Organic Material as a Protection System against Late Frost Damages on the Vine Shoots) Three tests were made without sugar, in order to define the energy consumption needed for maintaining the wire temperature above 0 • C without any interventions.
0	(title:Insulating Organic Material as a Protection System against Late Frost Damages on the Vine Shoots) Then, the same tests were performed by covering the wire with only sugar and with sugar and an external layer made with straw.
0	(title:Insulating Organic Material as a Protection System against Late Frost Damages on the Vine Shoots) In both cases, different amounts of sugar were used: 5, 10, 15, 20 and 25 g of sugar.
0	(title:Insulating Organic Material as a Protection System against Late Frost Damages on the Vine Shoots) For each quantity, six tests were carried out, half of them with straw and the others with only sugar.
0	(title:Insulating Organic Material as a Protection System against Late Frost Damages on the Vine Shoots) For brevity, only one value is here reported for each kind of test carried out in this work, whose tolerance range takes into account all the performed tests.
2	(title:Insulating Organic Material as a Protection System against Late Frost Damages on the Vine Shoots) Table 1 shows the results of the tests carried out without any insulating thickness (in the first column on the left) and the tests where only sugar was used.
0	(title:Insulating Organic Material as a Protection System against Late Frost Damages on the Vine Shoots) In Table 1 , E indicates the energy spent for maintaining the wire temperature at the set point temperature and was calculated by Equation (3); q is the thermal flow, while R describes the thermal resistance produced by the insulating layer.
0	(title:Insulating Organic Material as a Protection System against Late Frost Damages on the Vine Shoots) Finally, P is the energy spent during an entire night (averagely eight hours of a night).
0	(title:Insulating Organic Material as a Protection System against Late Frost Damages on the Vine Shoots) This value was calculated by multiplying the value calculated during the test (related to one hour) by the number of hours that composes a whole night.
0	(title:Insulating Organic Material as a Protection System against Late Frost Damages on the Vine Shoots) The most relevant difference is between the first two cases, the absence of any insulating layer and the use of 5 g of sugar:
2	(title:Insulating Organic Material as a Protection System against Late Frost Damages on the Vine Shoots) The energy spent to avoid the temperature falling below 0 • C fell down from 10.381 J to 4.952 J (with their respective tolerances).
2	(title:Insulating Organic Material as a Protection System against Late Frost Damages on the Vine Shoots) Also, the other parameters concerning these two tests show a large difference.
2	(title:Insulating Organic Material as a Protection System against Late Frost Damages on the Vine Shoots) However, with the addition of a greater quantity of sugar to the insulating layer, the energy spent continues to decrease, even if the difference between adjacent values decreases with the increasing of the used grams of sugar.
1	(title:Insulating Organic Material as a Protection System against Late Frost Damages on the Vine Shoots) This trend shows how the most useful solution does not consist of increasing the insulating layer as much as possible, but an optimum value, which is approximately 20 g of sugar, occurs.
0	(title:Insulating Organic Material as a Protection System against Late Frost Damages on the Vine Shoots) Thus, it is needed a brief comparison between results obtained with the use of only sugar and not straw in this work and in a previous paper.
0	(title:Insulating Organic Material as a Protection System against Late Frost Damages on the Vine Shoots) This comparison is necessary for clearly explaining why the recovery of the original sugar thickness by a straw layer leads to more performing results in terms of effective protection against late frost damages.
2	(title:Insulating Organic Material as a Protection System against Late Frost Damages on the Vine Shoots) Table 2 shows the results of the previous work.
0	(title:Insulating Organic Material as a Protection System against Late Frost Damages on the Vine Shoots) Tests were carried out in the same way; in fact, the test time duration and the quantities of used sugar were the same as the tests presented here.
0	(title:Insulating Organic Material as a Protection System against Late Frost Damages on the Vine Shoots) The only critical difference consisted of the wind presence. The topic of this previous work was to prove the thermal insulating capacity of cotton candy and its possible exploitation in the agricultural field; thus, only one test for each sugar quantity was made.
2	(title:Insulating Organic Material as a Protection System against Late Frost Damages on the Vine Shoots) Even in this case, the most relevant difference appeared between the first test, where no insulating solution was adopted, and the second one, with an insulating layer made with 5 g. Then, the exchanged thermal energy continued to decrease (or thermal resistance continued to increase) with a gradient less pronounced than the increase of the involved grams of sugar.
0	(title:Insulating Organic Material as a Protection System against Late Frost Damages on the Vine Shoots) The comparison between Tables 1 and 2 was here discussed for better describing the influence of wind, even for low air velocity values.
0	(title:Insulating Organic Material as a Protection System against Late Frost Damages on the Vine Shoots) As explained before, tests belonging to Table 1 were carried out in absence of wind, while tests illustrated in Table 2 were realized in a climatic chamber equipped with a fan that can be disconnected in order to have a negligible air flow.
2	(title:Insulating Organic Material as a Protection System against Late Frost Damages on the Vine Shoots) Tests made without thermal insulation show a significant difference: The maintenance of the electric wire at temperature values greater than 0 • C needed 16.704 J in the presence of wind, while only 10.381 J in its absence.
2	(title:Insulating Organic Material as a Protection System against Late Frost Damages on the Vine Shoots) Obviously, the same relevant difference was observed by comparing their respective thermal resistances: R was about 2.59 W/ • C in presence of wind, while 4.86 W/ • C without it.
2	(title:Insulating Organic Material as a Protection System against Late Frost Damages on the Vine Shoots) The same difference was observed in tests where the wire was insulated, however it decreased with the increase of the amount of used sugar.
2	(title:Insulating Organic Material as a Protection System against Late Frost Damages on the Vine Shoots) In tests with 5 g of sugar, the thermal energy amount was 10.044 J (with wind) and 4.952 J (without), while in tests carried out with 25 g of sugar, values are 2.664 J and 2.620 J, respectively.
2	(title:Insulating Organic Material as a Protection System against Late Frost Damages on the Vine Shoots) In Figures 6 7 8 9 10 11 12 13 , the thermal flux exchanged during the tests is shown.
0	(title:Insulating Organic Material as a Protection System against Late Frost Damages on the Vine Shoots) For brevity, only two diagrams for tests carried out in the presence of wind were shown, while the same typology of graphs was reported for each test made in absence of wind.
2	(title:Insulating Organic Material as a Protection System against Late Frost Damages on the Vine Shoots) In the mentioned diagrams, the area between the stepped curve (represented with the blue color) and the x-axis describes the thermal energy spent for keeping the wire near to the set point temperature as much as possible.
0	(title:Insulating Organic Material as a Protection System against Late Frost Damages on the Vine Shoots) In fact, the amount of energy spent during the whole test was calculated by Equation ( 3).
2	(title:Insulating Organic Material as a Protection System against Late Frost Damages on the Vine Shoots) The red line simply represents an average of the previous parameter and provides an instantaneous comprehension of the differences existing among all tests.
2	(title:Insulating Organic Material as a Protection System against Late Frost Damages on the Vine Shoots) Sustainability 2020, 12, x 10 of 20 the exchanged thermal energy continued to decrease (or thermal resistance continued to increase) with a gradient less pronounced than the increase of the involved grams of sugar.
2	(title:Insulating Organic Material as a Protection System against Late Frost Damages on the Vine Shoots) Tests made without thermal insulation show a significant difference: The maintenance of the electric wire at temperature values greater than 0 °C needed 16.704 J in the presence of wind, while only 10.381 J in its absence.
2	(title:Insulating Organic Material as a Protection System against Late Frost Damages on the Vine Shoots) Obviously, the same relevant difference was observed by comparing their respective thermal resistances: R was about 2.59 W/°C in presence of wind, while 4.86 W/°C without it.
2	(title:Insulating Organic Material as a Protection System against Late Frost Damages on the Vine Shoots) For brevity, only two diagrams for tests carried out in the presence of wind were shown, while the same typology of graphs was reported for each test made in absence of wind. the exchanged thermal energy continued to decrease (or thermal resistance continued to increase) with a gradient less pronounced than the increase of the involved grams of sugar.
2	(title:Insulating Organic Material as a Protection System against Late Frost Damages on the Vine Shoots) The effect produced by wind is clearly proven in Figures 6 and 7.
2	(title:Insulating Organic Material as a Protection System against Late Frost Damages on the Vine Shoots) Experiments related to these two figures were made in the presence of wind; the first one (Figure 6 ) was carried out by keeping the wire completely discovered and the trend of thermal energy consumption remained uniform vs. time.
2	(title:Insulating Organic Material as a Protection System against Late Frost Damages on the Vine Shoots) On the other hand, in the second test (Figure 7 ), 15 g of sugar were used for the wire insulation; here, a significant difference in energy consumption vs. time was observed.
2	(title:Insulating Organic Material as a Protection System against Late Frost Damages on the Vine Shoots) In particular, during second half of this test, the frequency of power production, needed for heating the wire, was considerably higher than in the first part of the test.
1	(title:Insulating Organic Material as a Protection System against Late Frost Damages on the Vine Shoots) The degradation of sugar, due to wind influence, led to a strong reduction of the insulating layer, making a greater release of thermal energy necessary.
2	(title:Insulating Organic Material as a Protection System against Late Frost Damages on the Vine Shoots) In all tests made in the absence of wind, thermal energy had a constant trend vs. time, because cotton candy degradation is negligible.
1	(title:Insulating Organic Material as a Protection System against Late Frost Damages on the Vine Shoots) Results revealed how the use of straw might significantly increase the process efficiency.
1	(title:Insulating Organic Material as a Protection System against Late Frost Damages on the Vine Shoots) The presence of an external coating made with straw may be capable of protecting cotton candy from wind, thus, to counteract its degradation during time.
0	(title:Insulating Organic Material as a Protection System against Late Frost Damages on the Vine Shoots) The topic of the present work, as the previous one, is the analysis of a new innovative and extremely original solution to avoid late frost damages in vineyards; in the greatest part of cases, this phenomenon occurs in the absence of wind or with air velocity near to 0 m/s.
0	(title:Insulating Organic Material as a Protection System against Late Frost Damages on the Vine Shoots) Thus, the conditions established for the tests belonging to the previous work are pejorative than the real configuration; however, the effect produced in this way is comparable with the effect produced on the insulating layer during a whole night, considering the difference in time duration between the carried out tests and a whole night (1 and 8 h, respectively).
0	(title:Insulating Organic Material as a Protection System against Late Frost Damages on the Vine Shoots) In conclusion, the comparison between tests carried out by using the first climatic chamber (already exposed in the previous work) and the second ones (proposed here) provides a clear definition of straw contribution and its positive effects in terms of process efficiency.
0	(title:Insulating Organic Material as a Protection System against Late Frost Damages on the Vine Shoots) Before showing tests made with cotton candy surrounded by an external layer of straw, two further considerations are necessary.
2	(title:Insulating Organic Material as a Protection System against Late Frost Damages on the Vine Shoots) Considering, in both cases, tests made without insulation and tests made with the use of 5 g sugar, the difference existing between these two values in tests made in the presence of wind is higher than the same value observed in tests made in the absence of it.
2	(title:Insulating Organic Material as a Protection System against Late Frost Damages on the Vine Shoots) In both situations, the difference between each measured parameter (E, q, R) is a maximum between 0 g and 5 g of sugar used.
2	(title:Insulating Organic Material as a Protection System against Late Frost Damages on the Vine Shoots) Moreover, in tests performed in the presence of wind, the degradation of cotton candy layer in the second half of the experiments made these values greater than the respective ones measured in the second typology of tests.
0	(title:Insulating Organic Material as a Protection System against Late Frost Damages on the Vine Shoots) Secondly, a brief description of the initial phase of the tests described in Figures 7 and 11 is necessary.
2	(title:Insulating Organic Material as a Protection System against Late Frost Damages on the Vine Shoots) During the first minutes of these two tests, no thermal energy exchange was observed; then, the process continued normally, as in all other tests.
1	(title:Insulating Organic Material as a Protection System against Late Frost Damages on the Vine Shoots) The reason is due to the cotton candy temperature during its deposition.
2	(title:Insulating Organic Material as a Protection System against Late Frost Damages on the Vine Shoots) As soon as its production, cotton candy has a temperature considerably higher than external environment; its sudden deposition on the electric wire produced an increase in the wire temperature, which guarantees the non-necessity of a temperature increase by the control system in the first part of the test.
2	(title:Insulating Organic Material as a Protection System against Late Frost Damages on the Vine Shoots) This fact might be considered a deviation from the real process; however, it may often occur during cotton candy deposition and represents a concrete contribution to the energy exchange decrease.
2	(title:Insulating Organic Material as a Protection System against Late Frost Damages on the Vine Shoots) In addition, for each different typology of tests (expressed in function of grams of used sugar), only one experiment was analyzed by taking into account cotton candy initial temperature contribution, in order to comprehend its effect in the value range presented in Table 1.
1	(title:Insulating Organic Material as a Protection System against Late Frost Damages on the Vine Shoots) The straw contribution described here can be considered indirect: Its support consisted of avoiding cotton candy degradation and thus allowing it to exercise its insulating function for a more extended time period.
0	(title:Insulating Organic Material as a Protection System against Late Frost Damages on the Vine Shoots) Thus, the entity of a direct contribution to increase the insulating structure's thermal resistance, produced in the presence of straw, needed to be evaluated.
1	(title:Insulating Organic Material as a Protection System against Late Frost Damages on the Vine Shoots) The comparison of Tables 1 and 2 demonstrates that straw can have an indirect contribution (the difference among the two tests is widely covered by using straw that reduce the cotton candy degradation).
0	(title:Insulating Organic Material as a Protection System against Late Frost Damages on the Vine Shoots) Thus, in order to estimate the possible direct contribution, subsequent tests were carried out to evaluate the thermal energy exchange and thermal resistance values obtained with the adoption of an insulating layer made with an internal and larger layer of cotton candy and an external coating of straw.
2	(title:Insulating Organic Material as a Protection System against Late Frost Damages on the Vine Shoots) Table 3 reports the results related to tests made with straw; as in the previous case, three experiments for each quantity of considered sugar were made, while only one test for each quantity was graphically described, for reasons of brevity.
1	(title:Insulating Organic Material as a Protection System against Late Frost Damages on the Vine Shoots) Tables 1 and 2 demonstrates that straw can have an indirect contribution (the difference among the two tests is widely covered by using straw that reduce the cotton candy degradation).
2	(title:Insulating Organic Material as a Protection System against Late Frost Damages on the Vine Shoots) Figures 14-18 describe the mentioned tests, of which the respective results are shown in Table 3.
2	(title:Insulating Organic Material as a Protection System against Late Frost Damages on the Vine Shoots) Obviously, in all tests, thermal energy consumption maintained a constant trend vs. time.
2	(title:Insulating Organic Material as a Protection System against Late Frost Damages on the Vine Shoots) The comparison between Tables 1 and 3 shows a small difference in the measured values: The presence of an external coating of straw led to a small reduction in energy consumption and, consequently, a very small increase in the thermal resistance.
1	(title:Insulating Organic Material as a Protection System against Late Frost Damages on the Vine Shoots) Considering the complete absence of wind both in tests with straw and without it, this difference represents the direct contribution provided by the addition of this supplementary material.
2	(title:Insulating Organic Material as a Protection System against Late Frost Damages on the Vine Shoots) In tests with 5 g of sugar, thermal resistance (R) values are respectively 10.18 ± 0.9 W/ • C without straw and 12.45 ± 1.04 W/ • C with straw, corresponding to a thermal energy consumption of 4.952 ± 0.02 × 10 3 J and 4.048 ± 0.34 × 10 3 J, respectively.
2	(title:Insulating Organic Material as a Protection System against Late Frost Damages on the Vine Shoots) In tests where a greater quantity of sugar was used, differences were smaller (e.g., in the tests carried out with 20 g of sugar, thermal resistance is 17.72 ± 0.41 W/ • C and 17.79 ± 1.14 W/ • C, respectively, while thermal energy consumption is 2.845 ± 0.11 × 10 3 J and 2.833 ± 0.17 × 10 3 J).
1	(title:Insulating Organic Material as a Protection System against Late Frost Damages on the Vine Shoots) These values prove a direct positive effect due to straw presence, but this contribution is not enough to justify the application of a coating made with straw.
0	(title:Insulating Organic Material as a Protection System against Late Frost Damages on the Vine Shoots) However, it may be considered an additional benefit given by this material to its previously described indirect contribution.
1	(title:Insulating Organic Material as a Protection System against Late Frost Damages on the Vine Shoots) Thus, the addition of an external coating made of straw to the cotton candy layer may lead to two different benefits: The indirect contribution, or the protection of sugar from degradation due to wind action (which may occur even in case of low air velocity), and a direct one, which consists of the thermal resistance increase due to the addition of a further insulating layer.
1	(title:Insulating Organic Material as a Protection System against Late Frost Damages on the Vine Shoots) The indirect contribution appears as the most important support, capable of completely avoiding cotton candy degradation and its consequences (e.g., a pronounced thermal resistance reduction in the second half of each test).
1	(title:Insulating Organic Material as a Protection System against Late Frost Damages on the Vine Shoots) The straw's direct contribution may provide a further effect in terms of thermal resistance increase; however, its small entity made it useful only coupled with the indirect contribution.
2	(title:Insulating Organic Material as a Protection System against Late Frost Damages on the Vine Shoots) In Tables 4 and 5 , the quantity of sucrose that might be used for a 1 m 2 test surface is shown with its relative cost, according to.
0	(title:Insulating Organic Material as a Protection System against Late Frost Damages on the Vine Shoots) Moreover, thermal energy required for maintaining the temperature of 1 m 2 surface wire near to the set point temperature is evaluated here; the cost for supplying electrical energy for controlling the 1 m 2 wire system is also reported.
2	(title:Insulating Organic Material as a Protection System against Late Frost Damages on the Vine Shoots) Tables 4 and 5 shows that an optimization between cost related to sucrose use and energy consumption is possible.
1	(title:Insulating Organic Material as a Protection System against Late Frost Damages on the Vine Shoots) Thus, an optimum quantity of sucrose per unit of surface may be determined in order to reduce as much as possible costs necessary to avoid damages due to late frosts.
2	(title:Insulating Organic Material as a Protection System against Late Frost Damages on the Vine Shoots) Figure 19 shows costs related to sucrose use and energy consumption for both typologies of tests.
0	(title:Insulating Organic Material as a Protection System against Late Frost Damages on the Vine Shoots) The cost related to the quantities of sucrose involved in the different experiments is the same.
1	(title:Insulating Organic Material as a Protection System against Late Frost Damages on the Vine Shoots) The cost of straw is considered negligible. On the contrary, a difference may be noted in thermal energy costs.
1	(title:Insulating Organic Material as a Protection System against Late Frost Damages on the Vine Shoots) As explained before, the positive contribution provided by straw presence is particularly small; however, the comparison between the overall cost verified in tests with and without straw gives a significant difference.
2	(title:Insulating Organic Material as a Protection System against Late Frost Damages on the Vine Shoots) The overall costs are the sum of the cost of the used sucrose quantity and the ones of the energy consumption.
2	(title:Insulating Organic Material as a Protection System against Late Frost Damages on the Vine Shoots) In tests carried out with only sucrose, the minimum value of overall costs was reached in correspondence of 10 g of sucrose (corresponding to 66.6 g for a surface equal to 1 m 2 ) and was about 0.171 €.
2	(title:Insulating Organic Material as a Protection System against Late Frost Damages on the Vine Shoots) On the contrary, in tests made with straw, the minimum values coincided with the use of only 5 g of sugar (33.3 g in case of a wire surface of 1 m 2 ) and is about 0.160 €.
0	(title:Insulating Organic Material as a Protection System against Late Frost Damages on the Vine Shoots) Sustainability 2020, 12, x 17 of 20 determined in order to reduce as much as possible costs necessary to avoid damages due to late frosts.
1	(title:Insulating Organic Material as a Protection System against Late Frost Damages on the Vine Shoots) This preliminary cost analysis clearly shows that, even if its contribution is particularly small in terms of thermal resistance increase, the adoption of an external coating of straw to protect the insulating thickness made with sucrose gives the possibility of reaching the same results (or greater, considering the little reduction in costs) but with a lower quantity of sucrose used per unit of surface.
0	(title:Insulating Organic Material as a Protection System against Late Frost Damages on the Vine Shoots) The present work was focused on studying a possible innovative solution to mitigate and minimize the effects of late frosts, which occur in all agricultural areas and have a significant impact in wine production, sometimes leading to total crop failures with large economic losses worldwide.
1	(title:Insulating Organic Material as a Protection System against Late Frost Damages on the Vine Shoots) In a previous work, cotton candy was identified as an innovative and effective protection system to prevent and limit damages to vine shoots by late frosts, minimizing the energy use as well.
1	(title:Insulating Organic Material as a Protection System against Late Frost Damages on the Vine Shoots) It was found that cotton candy is a good thermal insulator for vine shoots, but it degrades quickly in windy conditions.
0	(title:Insulating Organic Material as a Protection System against Late Frost Damages on the Vine Shoots) Thus, a material that could slow down the degradation of cotton candy in windy conditions was proposed.
1	(title:Insulating Organic Material as a Protection System against Late Frost Damages on the Vine Shoots) Straw has proven to be able to meet the following requirements: It is an easily available material in nature, inexpensive, and without impact on the environment.
0	(title:Insulating Organic Material as a Protection System against Late Frost Damages on the Vine Shoots) In this work, an experimental facility was built to simulate the heat flux existing between an electric wire, which simulates the vine shoot (its temperature fixed to +4 °C) and climatic chamber (its temperature set to -10 °C).
0	(title:Insulating Organic Material as a Protection System against Late Frost Damages on the Vine Shoots) The thermal insulating performances were determined by quantifying the electrical energy needed to keep the temperature of the electric wire at the setting point temperature.
0	(title:Insulating Organic Material as a Protection System against Late Frost Damages on the Vine Shoots) Thus, in this work, 33 types of experiments were carried out: Three tests were made without sugar and the other tests were performed by covering the wire with different amounts of sugar (e.g., 5, 10, 15, 20, and 25 g of sugar).
0	(title:Insulating Organic Material as a Protection System against Late Frost Damages on the Vine Shoots) About tests with straw, 1:5 straw/sugar mass ratio was chosen.
1	(title:Insulating Organic Material as a Protection System against Late Frost Damages on the Vine Shoots) Firstly, a comparison This preliminary cost analysis clearly shows that, even if its contribution is particularly small in terms of thermal resistance increase, the adoption of an external coating of straw to protect the insulating thickness made with sucrose gives the possibility of reaching the same results (or greater, considering the little reduction in costs) but with a lower quantity of sucrose used per unit of surface.
0	(title:Insulating Organic Material as a Protection System against Late Frost Damages on the Vine Shoots) In this work, an experimental facility was built to simulate the heat flux existing between an electric wire, which simulates the vine shoot (its temperature fixed to +4 • C) and climatic chamber (its temperature set to -10 • C).
2	(title:Insulating Organic Material as a Protection System against Late Frost Damages on the Vine Shoots) Firstly, a comparison between results obtained with the use of only sugar in this work and in a previous paper, without and with wind, respectively, was carried out and it showed a significant difference in the energy spent for maintaining the wire temperature above 0 • C (e.g., in tests with 5 g of sugar, the thermal energy amount was 10.044 J in windy condition and 4.952 J without wind).
2	(title:Insulating Organic Material as a Protection System against Late Frost Damages on the Vine Shoots) Experiments carried out in the presence of wind showed a significant difference in energy consumption vs. time; in fact, during the second half of these tests, the degradation of sugar due to wind made necessary a greater release of thermal energy.
2	(title:Insulating Organic Material as a Protection System against Late Frost Damages on the Vine Shoots) On the other hand, in all tests made without wind, thermal energy had a constant trend vs. time, because cotton candy degradation was negligible.
1	(title:Insulating Organic Material as a Protection System against Late Frost Damages on the Vine Shoots) The previous comparison demonstrated that straw can give an indirect contribution to the protective effectiveness of cotton candy and prevent its degradation in vineyards.
0	(title:Insulating Organic Material as a Protection System against Late Frost Damages on the Vine Shoots) Then, a comparison between tests carried out in the absence of wind with straw coated cotton candy and with only cotton candy was carried out to estimate whether the straw can itself make a contribution in terms of thermal insulation as well as contribute to the protective effectiveness of cotton candy.
1	(title:Insulating Organic Material as a Protection System against Late Frost Damages on the Vine Shoots) The results proved an additional benefit given by straw to its previously described indirect contribution.
0	(title:Insulating Organic Material as a Protection System against Late Frost Damages on the Vine Shoots) In conclusion, a preliminary costs analysis was conducted to define the optimal sucrose quantity to produce the insulating layer.
1	(title:Insulating Organic Material as a Protection System against Late Frost Damages on the Vine Shoots) Experimental results proved that the best solution to minimize overall costs consisted of realizing an insulating film with about 66 g of sugar per m 2.
0	(title:Insulating Organic Material as a Protection System against Late Frost Damages on the Vine Shoots) Future works will consist of applying the cotton candy with straw on vine shoots to protect them from late frost damages in real situations.
0	(title:Insulating Organic Material as a Protection System against Late Frost Damages on the Vine Shoots) The possible alteration and the effects on the organoleptic characteristics of the final products, by using these insulating organic materials in vineyards, will be considered and analyzed.
