record_id,source_dataset,synthetic_or_natural,true_label,predicted_label,claim_text,paper_title,context_used
CG_000005,SCitance,NATURAL,NOT_ENOUGH_EVIDENCE,SUPPORTED,Current treatments include intensive chemotherapy and BM transplantation (5) .,Tetraspanin 3 Is Required for the Development and Propagation of Acute Myelogenous Leukemia.,"Claim: Current treatments include intensive chemotherapy and BM transplantation.
Evidence: Acute Myelogenous Leukemia (AML) is an aggressive cancer that strikes both adults and children and is frequently resistant to therapy. Thus, identifying signals needed for AML propagation is a critical step toward developing new approaches for treating this disease. Here, we show that Tetraspanin 3 is a target of the RNA binding protein Musashi 2, which plays a key role in AML. We generated Tspan3 knockout mice that were born without overt defects. However, Tspan3 deletion impaired leukemia stem cell self-renewal and disease propagation and markedly improved survival in mouse models of AML. Additionally, Tspan3 inhibition blocked growth of AML patient samples, suggesting that Tspan3 is also important in human disease. As part of the mechanism, we show that Tspan3 deficiency disabled responses to CXCL12/SDF-1 and led to defects in AML localization within the niche. These identify Tspan3 as an important regulator of aggressive leukemias and highlight a role for Tspan3 in oncogenesis."
CG_000012,SCitance,NATURAL,SUPPORTED,CONTRADICTED,"Transcriptional activity is repressed by the hydroxylation of a C-terminal lysine catalyzed by JMJD6, a hydroxylase previously shown to act as histone demethylase and lysine hydroxylase (Wang et al., 2014) .",JMJD6 Promotes Colon Carcinogenesis through Negative Regulation of p53 by Hydroxylation,"Claim: Transcriptional activity is repressed by the hydroxylation of a C-terminal lysine catalyzed by JMJD6, a hydroxylase previously shown to act as histone demethylase and lysine hydroxylase.
Evidence: Jumonji domain-containing 6 (JMJD6) is a member of the Jumonji C domain-containing family of proteins. Compared to other members of the family, the cellular activity of JMJD6 is still not clearly defined and its biological function is still largely unexplored. Here we report that JMJD6 is physically associated with the tumor suppressor p53. We demonstrated that JMJD6 acts as an α-ketoglutarate- and Fe(II)-dependent lysyl hydroxylase to catalyze p53 hydroxylation. We found that p53 indeed exists as a hydroxylated protein in vivo and that the hydroxylation occurs mainly on lysine 382 of p53. We showed that JMJD6 antagonizes p53 acetylation, promotes the association of p53 with its negative regulator MDMX, and represses transcriptional activity of p53. Depletion of JMJD6 enhances p53 transcriptional activity, arrests cells in the G1 phase, promotes cell apoptosis, and sensitizes cells to DNA damaging agent-induced cell death. Importantly, knockdown of JMJD6 represses p53-dependent colon cell proliferation and tumorigenesis in vivo, and significantly, the expression of JMJD6 is markedly up-regulated in various types of human cancer especially in colon cancer, and high nuclear JMJD6 protein is strongly correlated with aggressive clinical behaviors of colon adenocarcinomas. Our results reveal a novel posttranslational modification for p53 and support the pursuit of JMJD6 as a potential biomarker for colon cancer aggressiveness and a potential target for colon cancer intervention."
CG_000016,SCitance,NATURAL,SUPPORTED,CONTRADICTED,"Recent study reported that the activation of AMPK effectively alleviated inflammation-related fibrosis in lungs (Rangarajan et al., 2018) .",Metformin reverses established lung fibrosis in a bleomycin model,"Claim: Recent study reported that the activation of AMPK effectively alleviated inflammation-related fibrosis in lungs.
Evidence: Fibrosis is a pathological result of a dysfunctional repair response to tissue injury and occurs in a number of organs, including the lungs1. Cellular metabolism regulates tissue repair and remodelling responses to injury2-4. AMPK is a critical sensor of cellular bioenergetics and controls the switch from anabolic to catabolic metabolism5. However, the role of AMPK in fibrosis is not well understood. Here, we demonstrate that in humans with idiopathic pulmonary fibrosis (IPF) and in an experimental mouse model of lung fibrosis, AMPK activity is lower in fibrotic regions associated with metabolically active and apoptosis-resistant myofibroblasts. Pharmacological activation of AMPK in myofibroblasts from lungs of humans with IPF display lower fibrotic activity, along with enhanced mitochondrial biogenesis and normalization of sensitivity to apoptosis. In a bleomycin model of lung fibrosis in mice, metformin therapeutically accelerates the resolution of well-established fibrosis in an AMPK-dependent manner. These studies implicate deficient AMPK activation in non-resolving, pathologic fibrotic processes, and support a role for metformin (or other AMPK activators) to reverse established fibrosis by facilitating deactivation and apoptosis of myofibroblasts."
CG_000050,SCitance,NATURAL,NOT_ENOUGH_EVIDENCE,CONTRADICTED,"Traditional reviews often include a range of sources of potential bias including: failure to clearly state the review question, no attempt to identify all relevant literature, poor explanation of the inclusion and exclusion of evidence, lack of consideration of study methods or quality, and typically are conducted by a single reviewer with a professional interest in the field .",Systematic reviews from astronomy to zoology: myths and misconceptions.,"Claim: Traditional reviews often include a range of sources of potential bias including: failure to clearly state the review question, no attempt to identify all relevant literature, poor explanation of the inclusion and exclusion of evidence, lack of consideration of study methods or quality, and typically are conducted by a single reviewer with a professional interest in the field.
Evidence: Systematic literature reviews are widely used as an aid to evidence based decision making. For example, reviews of randomised controlled trials are regularly used to answer questions about the effectiveness of healthcare interventions. The high profile of systematic reviews as a cornerstone of evidence based medicine, however, has led to several misconceptions about their purpose and methods. Among these is the belief that systematic reviews are applicable only to randomised controlled trials and that they are incapable of dealing with other forms of evidence, such as from non-randomised studies or qualitative research. The systematic literature review is a method of locating, appraising, and synthesising evidence. The value of regularly updated systematic reviews in the assessment of effectiveness of healthcare interventions was dramatically illustrated by Antman and colleagues, who showed that review articles failed to mention advances in treatment identified by an updated systematic review.1 It is nearly a quarter of a century since Gene Glass coined the term ""meta-analysis"" to refer to the quantitative synthesis of the results of primary studies.2 The importance of making explicit efforts to limit bias in the review of literature, however, has been emphasised by social scientists at least since the 1960s.3 In recent years systematic reviews have found an important role in health services research, and the growing interest in evidence based approaches to decision making makes it likely that their use will increase. Not everybody accepts that systematic reviews are necessary or desirable, and as one moves further away from the clinical applications of systematic reviews cynicism about their utility grows. Several arguments are commonly used to reject a wider role for systematic reviews, and these arguments are often based on major misconceptions about the history, purpose, methods, and uses of systematic reviews. I have examined eight common myths about ..."
CG_000055,SCitance,SYNTHETIC_NEGATION,CONTRADICTED,NOT_ENOUGH_EVIDENCE,"However, there is increasing evidence that citrullinated proteins externalised in NETs also act indirectly to negate and disrupt the inflammatory cycle via induction of autoantibodies , thus revaluing the contribution of citH3 to the cumulative effects of histones in NETs.",NETs are a source of citrullinated autoantigens and stimulate inflammatory responses in rheumatoid arthritis.,"Claim: However, there is increasing evidence that citrullinated proteins externalised in NETs also act indirectly to negate and disrupt the inflammatory cycle via induction of autoantibodies, thus revaluing the contribution of citH3 to the cumulative effects of histones in NETs.
Evidence: The early events leading to the development of rheumatoid arthritis (RA) remain unclear, but formation of autoantibodies to citrullinated protein antigens (ACPAs) is considered a key pathogenic event. Neutrophils isolated from patients with various autoimmune diseases display enhanced neutrophil extracellular trap (NET) formation, a phenomenon that exposes autoantigens in the context of immunostimulatory molecules. We investigated whether aberrant NETosis occurs in RA, determined its triggers, and examined its deleterious inflammatory consequences. Enhanced NETosis was observed in circulating and RA synovial fluid neutrophils compared to neutrophils from healthy controls and from patients with osteoarthritis (OA). Further, netting neutrophils infiltrated RA synovial tissue, rheumatoid nodules, and skin. NETosis correlated with ACPA presence and levels and with systemic inflammatory markers. RA sera and immunoglobulin fractions from RA patients with high levels of ACPA and/or rheumatoid factor significantly enhanced NETosis, and the NETs induced by these autoantibodies displayed distinct protein content. Indeed, during NETosis, neutrophils externalized the citrullinated autoantigens implicated in RA pathogenesis, and anti-citrullinated vimentin antibodies potently induced NET formation. Moreover, the inflammatory cytokines interleukin-17A (IL-17A) and tumor necrosis factor-α (TNF-α) induced NETosis in RA neutrophils. In turn, NETs significantly augmented inflammatory responses in RA and OA synovial fibroblasts, including induction of IL-6, IL-8, chemokines, and adhesion molecules. These observations implicate accelerated NETosis in RA pathogenesis, through externalization of citrullinated autoantigens and immunostimulatory molecules that may promote aberrant adaptive and innate immune responses in the joint and in the periphery, and perpetuate pathogenic mechanisms in this disease."
CG_000120,SCitance,NATURAL,SUPPORTED,CONTRADICTED,"Deletion of REG1 and/ or REG2 did not obviously affect the glucose utilization in the whole process, suggesting that Snf1 complex serves as a regulator of carbon and energy metabolism .The regulation by PP1 accompanied with its regulatory subunits is an important glucose-repressed step through the dephosphorylation of Snf1 kinase .",Reconstruction of the yeast Snf1 kinase regulatory network reveals its role as a global energy regulator,"Claim: Deletion of REG1 and/ or REG2 did not obviously affect the glucose utilization in the whole process, suggesting that Snf1 complex serves as a regulator of carbon and energy metabolism.The regulation by PP1 accompanied with its regulatory subunits is an important glucose-repressed step through the dephosphorylation of Snf1 kinase.
Evidence: Highly conserved among eukaryotic cells, the AMP-activated kinase (AMPK) is a central regulator of carbon metabolism. To map the complete network of interactions around AMPK in yeast (Snf1) and to evaluate the role of its regulatory subunit Snf4, we measured global mRNA, protein and metabolite levels in wild type, Deltasnf1, Deltasnf4, and Deltasnf1Deltasnf4 knockout strains. Using four newly developed computational tools, including novel DOGMA sub-network analysis, we showed the benefits of three-level ome-data integration to uncover the global Snf1 kinase role in yeast. We for the first time identified Snf1's global regulation on gene and protein expression levels, and showed that yeast Snf1 has a far more extensive function in controlling energy metabolism than reported earlier. Additionally, we identified complementary roles of Snf1 and Snf4. Similar to the function of AMPK in humans, our findings showed that Snf1 is a low-energy checkpoint and that yeast can be used more extensively as a model system for studying the molecular mechanisms underlying the global regulation of AMPK in mammals, failure of which leads to metabolic diseases."
CG_000123,SCitance,NATURAL,SUPPORTED,NOT_ENOUGH_EVIDENCE,"However, there is increasing evidence that citrullinated proteins externalised in NETs also act indirectly to reinforce and perpetuate the inflammatory cycle via induction of autoantibodies , thus revaluing the contribution of citH3 to the cumulative effects of histones in NETs.",NETs are a source of citrullinated autoantigens and stimulate inflammatory responses in rheumatoid arthritis.,"Claim: However, there is increasing evidence that citrullinated proteins externalised in NETs also act indirectly to reinforce and perpetuate the inflammatory cycle via induction of autoantibodies, thus revaluing the contribution of citH3 to the cumulative effects of histones in NETs.
Evidence: The early events leading to the development of rheumatoid arthritis (RA) remain unclear, but formation of autoantibodies to citrullinated protein antigens (ACPAs) is considered a key pathogenic event. Neutrophils isolated from patients with various autoimmune diseases display enhanced neutrophil extracellular trap (NET) formation, a phenomenon that exposes autoantigens in the context of immunostimulatory molecules. We investigated whether aberrant NETosis occurs in RA, determined its triggers, and examined its deleterious inflammatory consequences. Enhanced NETosis was observed in circulating and RA synovial fluid neutrophils compared to neutrophils from healthy controls and from patients with osteoarthritis (OA). Further, netting neutrophils infiltrated RA synovial tissue, rheumatoid nodules, and skin. NETosis correlated with ACPA presence and levels and with systemic inflammatory markers. RA sera and immunoglobulin fractions from RA patients with high levels of ACPA and/or rheumatoid factor significantly enhanced NETosis, and the NETs induced by these autoantibodies displayed distinct protein content. Indeed, during NETosis, neutrophils externalized the citrullinated autoantigens implicated in RA pathogenesis, and anti-citrullinated vimentin antibodies potently induced NET formation. Moreover, the inflammatory cytokines interleukin-17A (IL-17A) and tumor necrosis factor-α (TNF-α) induced NETosis in RA neutrophils. In turn, NETs significantly augmented inflammatory responses in RA and OA synovial fibroblasts, including induction of IL-6, IL-8, chemokines, and adhesion molecules. These observations implicate accelerated NETosis in RA pathogenesis, through externalization of citrullinated autoantigens and immunostimulatory molecules that may promote aberrant adaptive and innate immune responses in the joint and in the periphery, and perpetuate pathogenic mechanisms in this disease."
CG_000145,SCitance,NATURAL,SUPPORTED,CONTRADICTED,1 The greatest prevalence of infection is found among sexually-experienced 16-24 year olds (3.1% in women; 2.3% in men) 2 with the majority of those infected experiencing no symptoms.,"Prevalence, risk factors, and uptake of interventions for sexually transmitted infections in Britain: findings from the National Surveys of Sexual Attitudes and Lifestyles (Natsal)","Claim: 1 The greatest prevalence of infection is found among sexually-experienced 16-24 year olds (3.1% in women; 2.3% in men) 2 with the majority of those infected experiencing no symptoms.
Evidence: BACKGROUND Population-based estimates of prevalence, risk distribution, and intervention uptake inform delivery of control programmes for sexually transmitted infections (STIs). We undertook the third National Survey of Sexual Attitudes and Lifestyles (Natsal-3) after implementation of national sexual health strategies, and describe the epidemiology of four STIs in Britain (England, Scotland, and Wales) and the uptake of interventions. METHODS Between Sept 6, 2010 and Aug 31, 2012 , we did a probability sample survey of 15,162 women and men aged 16-74 years in Britain. Participants were interviewed with computer-assisted face-to-face and self-completion questionnaires. Urine from a sample of participants aged 16-44 years who reported at least one sexual partner over the lifetime was tested for the presence of Chlamydia trachomatis, type-specific human papillomavirus (HPV), Neisseria gonorrhoeae, and HIV antibody. We describe age-specific and sex-specific prevalences of infection and intervention uptake, in relation to demographic and behavioural factors, and explore changes since Natsal-1 (1990-91) and Natsal-2 (1999-2001). FINDINGS Of 8047 eligible participants invited to provide a urine sample, 4828 (60%) agreed. We excluded 278 samples, leaving 4550 (94%) participants with STI test results. Chlamydia prevalence was 1·5% (95% CI 1·1-2·0) in women and 1·1% (0·7-1·6) in men. Prevalences in individuals aged 16-24 years were 3·1% (2·2-4·3) in women and 2·3% (1·5-3·4) in men. Area-level deprivation and higher numbers of partners, especially without use of condoms, were risk factors. However, 60·4% (45·5-73·7) of chlamydia in women and 43·3% (25·9-62·5) in men was in individuals who had had one partner in the past year. Among sexually active 16-24-year-olds, 54·2% (51·4-56·9) of women and 34·6% (31·8-37·4) of men reported testing for chlamydia in the past year, with testing higher in those with more partners. High-risk HPV was detected in 15·9% (14·4-17·5) of women, similar to in Natsal-2. Coverage of HPV catch-up vaccination was 61·5% (58·2-64·7). Prevalence of HPV types 16 and 18 in women aged 18-20 years was lower in Natsal-3 than Natsal-2 (5·8% [3·9-8·6] vs 11·3% [6·8-18·2]; age-adjusted odds ratio 0·44 [0·21-0·94]). Gonorrhoea (<0·1% prevalence in women and men) and HIV (0·1% prevalence in women and 0·2% in men) were uncommon and restricted to participants with recognised high-risk factors. Since Natsal-2, substantial increases were noted in attendance at sexual health clinics (from 6·7% to 21·4% in women and from 7·7% to 19·6% in men) and HIV testing (from 8·7% to 27·6% in women and from 9·2% to 16·9% in men) in the past 5 years. INTERPRETATION STIs were distributed heterogeneously, requiring general and infection-specific interventions. Increases in testing and attendance at sexual health clinics, especially in people at highest risk, are encouraging. However, STIs persist both in individuals accessing and those not accessing services. Our findings provide empirical evidence to inform future sexual health interventions and services. FUNDING Grants from the UK Medical Research Council and the Wellcome Trust, with support from the Economic and Social Research Council and the Department of Health."
CG_000147,SCitance,NATURAL,SUPPORTED,NOT_ENOUGH_EVIDENCE,"In support, reduction of Rpl38 in mice can alter the composition of Hox gene mRNAs translation and embryonic patterning, without reducing overall protein synthesis .",Ribosome-Mediated Specificity in Hox mRNA Translation and Vertebrate Tissue Patterning,"Claim: In support, reduction of Rpl38 in mice can alter the composition of Hox gene mRNAs translation and embryonic patterning, without reducing overall protein synthesis.
Evidence: Historically, the ribosome has been viewed as a complex ribozyme with constitutive rather than regulatory capacity in mRNA translation. Here we identify mutations of the Ribosomal Protein L38 (Rpl38) gene in mice exhibiting surprising tissue-specific patterning defects, including pronounced homeotic transformations of the axial skeleton. In Rpl38 mutant embryos, global protein synthesis is unchanged; however the translation of a select subset of Homeobox mRNAs is perturbed. Our data reveal that RPL38 facilitates 80S complex formation on these mRNAs as a regulatory component of the ribosome to confer transcript-specific translational control. We further show that Rpl38 expression is markedly enriched in regions of the embryo where loss-of-function phenotypes occur. Unexpectedly, a ribosomal protein (RP) expression screen reveals dynamic regulation of individual RPs within the vertebrate embryo. Collectively, these findings suggest that RP activity may be highly regulated to impart a new layer of specificity in the control of gene expression and mammalian development."
CG_000161,SCitance,NATURAL,SUPPORTED,CONTRADICTED,"Studies that used mouse HSCs showed that co-labeling of BrdU (pulse 1) and halogenated 2-deoxyuridines (CldU or IdU, pulse 2) indicated that all HSCs segregate their chromosomes randomly; both in vivo and in vitro results supported this idea .Overall, there is increasing support for the immortal strand hypothesis; there is also further development of the theory of the function of nonrandom strand segregation.",Haematopoietic stem cells do not asymmetrically segregate chromosomes or retain BrdU,"Claim: Studies that used mouse HSCs showed that co-labeling of BrdU (pulse 1) and halogenated 2-deoxyuridines (CldU or IdU, pulse 2) indicated that all HSCs segregate their chromosomes randomly; both in vivo and in vitro results supported this idea.Overall, there is increasing support for the immortal strand hypothesis; there is also further development of the theory of the function of nonrandom strand segregation.
Evidence: Stem cells are proposed to segregate chromosomes asymmetrically during self-renewing divisions so that older ('immortal') DNA strands are retained in daughter stem cells whereas newly synthesized strands segregate to differentiating cells. Stem cells are also proposed to retain DNA labels, such as 5-bromo-2-deoxyuridine (BrdU), either because they segregate chromosomes asymmetrically or because they divide slowly. However, the purity of stem cells among BrdU-label-retaining cells has not been documented in any tissue, and the 'immortal strand hypothesis' has not been tested in a system with definitive stem cell markers. Here we tested these hypotheses in haematopoietic stem cells (HSCs), which can be highly purified using well characterized markers. We administered BrdU to newborn mice, mice treated with cyclophosphamide and granulocyte colony-stimulating factor, and normal adult mice for 4 to 10 days, followed by 70 days without BrdU. In each case, less than 6% of HSCs retained BrdU and less than 0.5% of all BrdU-retaining haematopoietic cells were HSCs, revealing that BrdU has poor specificity and poor sensitivity as an HSC marker. Sequential administration of 5-chloro-2-deoxyuridine and 5-iodo-2-deoxyuridine indicated that all HSCs segregate their chromosomes randomly. Division of individual HSCs in culture revealed no asymmetric segregation of the label. Thus, HSCs cannot be identified on the basis of BrdU-label retention and do not retain older DNA strands during division, indicating that these are not general properties of stem cells."
CG_000163,SCitance,NATURAL,SUPPORTED,CONTRADICTED,"Apart from genetic factors, breast cancer can develop due to environmental factors, including age at menarche, parity, age at first birth, breastfeeding, menopausal status, age at menopause, use of hormone replacement therapy, body mass index, height, and alcohol consumption .",Gene–environment interactions in 7610 women with breast cancer: prospective evidence from the Million Women Study,"Claim: Apart from genetic factors, breast cancer can develop due to environmental factors, including age at menarche, parity, age at first birth, breastfeeding, menopausal status, age at menopause, use of hormone replacement therapy, body mass index, height, and alcohol consumption.
Evidence: BACKGROUND Information is scarce about the combined effects on breast cancer incidence of low-penetrance genetic susceptibility polymorphisms and environmental factors (reproductive, behavioural, and anthropometric risk factors for breast cancer). To test for evidence of gene-environment interactions, we compared genotypic relative risks for breast cancer across the other risk factors in a large UK prospective study. METHODS We tested gene-environment interactions in 7610 women who developed breast cancer and 10 196 controls without the disease, studying the effects of 12 polymorphisms (FGFR2-rs2981582, TNRC9-rs3803662, 2q35-rs13387042, MAP3K1-rs889312, 8q24-rs13281615, 2p-rs4666451, 5p12-rs981782, CASP8-rs1045485, LSP1-rs3817198, 5q-rs30099, TGFB1-rs1982073, and ATM-rs1800054) in relation to prospectively collected information about ten established environmental risk factors (age at menarche, parity, age at first birth, breastfeeding, menopausal status, age at menopause, use of hormone replacement therapy, body-mass index, height, and alcohol consumption). FINDINGS After allowance for multiple testing none of the 120 comparisons yielded significant evidence of a gene-environment interaction. By contrast with previous suggestions, there was little evidence that the genotypic relative risks were affected by use of hormone replacement therapy, either overall or for oestrogen-receptor-positive disease. Only one of the 12 polymorphisms was correlated with any of the ten other risk factors: carriers of the high-risk C allele of MAP3K1-rs889312 were significantly shorter than non-carriers (mean height 162.4 cm [95% CI 162.1-162.7] vs 163.1 cm [162.9-163.2]; p=0.01 after allowance for multiple testing). INTERPRETATION Risks of breast cancer associated with low-penetrance susceptibility polymorphisms do not vary significantly with these ten established environmental risk factors. FUNDING Cancer Research UK and the UK Medical Research Council."
CG_000165,SCitance,NATURAL,SUPPORTED,CONTRADICTED,"Relevant to epilepsy research, ATP release is known to propagate glial calcium waves (Cotrina et al., 1998) , which have been suggested to play a role in seizures (Gómez-Gonzalo et al., 2010) .",An Excitatory Loop with Astrocytes Contributes to Drive Neurons to Seizure Threshold,"Claim: Relevant to epilepsy research, ATP release is known to propagate glial calcium waves, which have been suggested to play a role in seizures (Gómez-Gonzalo, 2010).
Evidence: Seizures in focal epilepsies are sustained by a highly synchronous neuronal discharge that arises at restricted brain sites and subsequently spreads to large portions of the brain. Despite intense experimental research in this field, the earlier cellular events that initiate and sustain a focal seizure are still not well defined. Their identification is central to understand the pathophysiology of focal epilepsies and to develop new pharmacological therapies for drug-resistant forms of epilepsy. The prominent involvement of astrocytes in ictogenesis was recently proposed. We test here whether a cooperation between astrocytes and neurons is a prerequisite to support ictal (seizure-like) and interictal epileptiform events. Simultaneous patch-clamp recording and Ca2+ imaging techniques were performed in a new in vitro model of focal seizures induced by local applications of N-methyl-D-aspartic acid (NMDA) in rat entorhinal cortex slices. We found that a Ca2+ elevation in astrocytes correlates with both the initial development and the maintenance of a focal, seizure-like discharge. A delayed astrocyte activation during ictal discharges was also observed in other models (including the whole in vitro isolated guinea pig brain) in which the site of generation of seizure activity cannot be precisely monitored. In contrast, interictal discharges were not associated with Ca2+ changes in astrocytes. Selective inhibition or stimulation of astrocyte Ca2+ signalling blocked or enhanced, respectively, ictal discharges, but did not affect interictal discharge generation. Our data reveal that neurons engage astrocytes in a recurrent excitatory loop (possibly involving gliotransmission) that promotes seizure ignition and sustains the ictal discharge. This neuron-astrocyte interaction may represent a novel target to develop effective therapeutic strategies to control seizures."
CG_000171,SCitance,SYNTHETIC_NEGATION,CONTRADICTED,SUPPORTED,Lack of FGF21 in these mice did not lead to marked exacerbation of atherosclerotic plaque formation and reduced lifespan.,Fibroblast Growth Factor 21 Prevents Atherosclerosis by Suppression of Hepatic Sterol Regulatory Element-Binding Protein-2 and Induction of Adiponectin in Mice,"Claim: Lack of FGF21 in these mice did not lead to marked exacerbation of atherosclerotic plaque formation and reduced lifespan.
Evidence: BACKGROUND Fibroblast growth factor 21 (FGF21) is a metabolic hormone with pleiotropic effects on glucose and lipid metabolism and insulin sensitivity. It acts as a key downstream target of both peroxisome proliferator-activated receptor α and γ, the agonists of which have been used for lipid lowering and insulin sensitization, respectively. However, the role of FGF21 in the cardiovascular system remains elusive. METHODS AND RESULTS The roles of FGF21 in atherosclerosis were investigated by evaluating the impact of FGF21 deficiency and replenishment with recombinant FGF21 in apolipoprotein E(-/-) mice. FGF21 deficiency causes a marked exacerbation of atherosclerotic plaque formation and premature death in apolipoprotein E(-/-) mice, which is accompanied by hypoadiponectinemia and severe hypercholesterolemia. Replenishment of FGF21 protects against atherosclerosis in apolipoprotein E(-/-)mice via 2 independent mechanisms, inducing the adipocyte production of adiponectin, which in turn acts on the blood vessels to inhibit neointima formation and macrophage inflammation, and suppressing the hepatic expression of the transcription factor sterol regulatory element-binding protein-2, thereby leading to reduced cholesterol synthesis and attenuation of hypercholesterolemia. Chronic treatment with adiponectin partially reverses atherosclerosis without obvious effects on hypercholesterolemia in FGF21-deficient apolipoprotein E(-/-) mice. By contrast, the cholesterol-lowering effects of FGF21 are abrogated by hepatic expression of sterol regulatory element-binding protein-2. CONCLUSIONS FGF21 protects against atherosclerosis via fine tuning the multiorgan crosstalk among liver, adipose tissue, and blood vessels."
CG_000180,SCitance,SYNTHETIC_NEGATION,CONTRADICTED,NOT_ENOUGH_EVIDENCE,"Despite the fact that they all share a common defect in the same biological process, one of the most intriguing aspects of ribosomopathies is that there is a low degree of cell and tissue-specific pathology.",Ribosome-Mediated Specificity in Hox mRNA Translation and Vertebrate Tissue Patterning,"Claim: Despite the fact that they all share a common defect in the same biological process, one of the most intriguing aspects of ribosomopathies is that there is a low degree of cell and tissue-specific pathology.
Evidence: Historically, the ribosome has been viewed as a complex ribozyme with constitutive rather than regulatory capacity in mRNA translation. Here we identify mutations of the Ribosomal Protein L38 (Rpl38) gene in mice exhibiting surprising tissue-specific patterning defects, including pronounced homeotic transformations of the axial skeleton. In Rpl38 mutant embryos, global protein synthesis is unchanged; however the translation of a select subset of Homeobox mRNAs is perturbed. Our data reveal that RPL38 facilitates 80S complex formation on these mRNAs as a regulatory component of the ribosome to confer transcript-specific translational control. We further show that Rpl38 expression is markedly enriched in regions of the embryo where loss-of-function phenotypes occur. Unexpectedly, a ribosomal protein (RP) expression screen reveals dynamic regulation of individual RPs within the vertebrate embryo. Collectively, these findings suggest that RP activity may be highly regulated to impart a new layer of specificity in the control of gene expression and mammalian development."
CG_000181,SCitance,NATURAL,SUPPORTED,CONTRADICTED,"In addition, female prisoners have been found to be mostly dependent on alcohol or drugs , 10 times at greater risk of harming themselves than men and three times more likely to have suffered physical or sexual abuse before their imprisonment in comparison with the general population .","Self-harm in prisons in England and Wales: an epidemiological study of prevalence, risk factors, clustering, and subsequent suicide","Claim: In addition, female prisoners have been found to be mostly dependent on alcohol or drugs, 10 times at greater risk of harming themselves than men and three times more likely to have suffered physical or sexual abuse before their imprisonment in comparison with the general population.
Evidence: BACKGROUND Self-harm and suicide are common in prisoners, yet robust information on the full extent and characteristics of people at risk of self-harm is scant. Furthermore, understanding how frequently self-harm is followed by suicide, and in which prisoners this progression is most likely to happen, is important. We did a case-control study of all prisoners in England and Wales to ascertain the prevalence of self-harm in this population, associated risk factors, clustering effects, and risk of subsequent suicide after self-harm. METHODS Records of self-harm incidents in all prisons in England and Wales were gathered routinely between January, 2004, and December, 2009. We did a case-control comparison of prisoners who self-harmed and those who did not between January, 2006, and December, 2009. We also used a Bayesian approach to look at clustering of people who self-harmed. Prisoners who self-harmed and subsequently died by suicide in prison were compared with other inmates who self-harmed. FINDINGS 139,195 self-harm incidents were recorded in 26,510 individual prisoners between 2004 and 2009; 5-6% of male prisoners and 20-24% of female inmates self-harmed every year. Self-harm rates were more than ten times higher in female prisoners than in male inmates. Repetition of self-harm was common, particularly in women and teenage girls, in whom a subgroup of 102 prisoners accounted for 17,307 episodes. In both sexes, self-harm was associated with younger age, white ethnic origin, prison type, and a life sentence or being unsentenced; in female inmates, committing a violent offence against an individual was also a factor. Substantial evidence was noted of clustering in time and location of prisoners who self-harmed (adjusted intra-class correlation 0·15, 95% CI 0·11-0·18). 109 subsequent suicides in prison were reported in individuals who self-harmed; the risk was higher in those who self-harmed than in the general prison population, and more than half the deaths occurred within a month of self-harm. Risk factors for suicide after self-harm in male prisoners were older age and a previous self-harm incident of high or moderate lethality; in female inmates, a history of more than five self-harm incidents within a year was associated with subsequent suicide. INTERPRETATION The burden of self-harm in prisoners is substantial, particularly in women. Self-harm in prison is associated with subsequent suicide in this setting. Prevention and treatment of self-harm in prisoners is an essential component of suicide prevention in prisons. FUNDING Wellcome Trust, National Institute for Health Research, National Offender Management Service, and Department of Health."
CG_000197,SCitance,NATURAL,SUPPORTED,NOT_ENOUGH_EVIDENCE,"Upon stimulation of apoptosis, BAX is induced to undergo conformational change followed by formation of membrane-inserted homo-oligomers that results in the outer mitochondrial membrane permeabilization and the releases of cytochrome c from the mitochondrial intermembrane space to cytosol .",At the gates of death.,"Claim: Upon stimulation of apoptosis, BAX is induced to undergo conformational change followed by formation of membrane-inserted homo-oligomers that results in the outer mitochondrial membrane permeabilization and the releases of cytochrome c from the mitochondrial intermembrane space to cytosol.
Evidence: Apoptosis that proceeds via the mitochondrial pathway involves mitochondrial outer membrane permeabilization (MOMP), responsible for the release of cytochrome c and other proteins of the mitochondrial intermembrane space. This essential step is controlled and mediated by proteins of the Bcl-2 family. The proapoptotic proteins Bax and Bak are required for MOMP, while the antiapoptotic Bcl-2 proteins, including Bcl-2, Bcl-xL, Mcl-1, and others, prevent MOMP. Different proapoptotic BH3-only proteins act to interfere with the function of the antiapoptotic Bcl-2 members and/or activate Bax and Bak. Here, we discuss an emerging view, proposed by Certo et al. in this issue of Cancer Cell, on how these interactions result in MOMP and apoptosis."
CG_000199,SCitance,NATURAL,NOT_ENOUGH_EVIDENCE,CONTRADICTED,"Further, downregulation and mislocalization of Scribble promotes cell transformation and mammary tumorigenesis , suggesting Scribble as a tumor suppressor.",Deregulation of Scribble Promotes Mammary Tumorigenesis and Reveals a Role for Cell Polarity in Carcinoma,"Claim: Further, downregulation and mislocalization of Scribble promotes cell transformation and mammary tumorigenesis, suggesting Scribble as a tumor suppressor.
Evidence: Loss of cell polarity proteins such as Scribble induces neoplasia in Drosophila by promoting uncontrolled proliferation. In mammals, the role that polarity proteins play during tumorigenesis is not well understood. Here, we demonstrate that depletion of Scribble in mammary epithelia disrupts cell polarity, blocks three-dimensional morphogenesis, inhibits apoptosis, and induces dysplasia in vivo that progress to tumors after long latency. Loss of Scribble cooperates with oncogenes such as c-myc to transform epithelial cells and induce tumors in vivo by blocking activation of an apoptosis pathway. Like depletion, mislocalization of Scribble from cell-cell junction was sufficient to promote cell transformation. Interestingly, spontaneous mammary tumors in mice and humans possess both downregulated and mislocalized Scribble. Thus, we demonstrate that scribble inhibits breast cancer formation and that deregulation of polarity pathways promotes dysplastic and neoplastic growth in mammals by disrupting morphogenesis and inhibiting cell death."
CG_000215,SCitance,NATURAL,SUPPORTED,NOT_ENOUGH_EVIDENCE,"Subsequent mathematical analyses confirmed the intimate link between both oscillators in NIH 3T3 cells [61, 62] .",Robust synchronization of coupled circadian and cell cycle oscillators in single mammalian cells,"Claim: Subsequent mathematical analyses confirmed the intimate link between both oscillators in NIH 3T3 cells.
Evidence: Circadian cycles and cell cycles are two fundamental periodic processes with a period in the range of 1 day. Consequently, coupling between such cycles can lead to synchronization. Here, we estimated the mutual interactions between the two oscillators by time-lapse imaging of single mammalian NIH3T3 fibroblasts during several days. The analysis of thousands of circadian cycles in dividing cells clearly indicated that both oscillators tick in a 1:1 mode-locked state, with cell divisions occurring tightly 5 h before the peak in circadian Rev-Erbα-YFP reporter expression. In principle, such synchrony may be caused by either unidirectional or bidirectional coupling. While gating of cell division by the circadian cycle has been most studied, our data combined with stochastic modeling unambiguously show that the reverse coupling is predominant in NIH3T3 cells. Moreover, temperature, genetic, and pharmacological perturbations showed that the two interacting cellular oscillators adopt a synchronized state that is highly robust over a wide range of parameters. These findings have implications for circadian function in proliferative tissues, including epidermis, immune cells, and cancer."
CG_000224,SCitance,NATURAL,SUPPORTED,NOT_ENOUGH_EVIDENCE,"Segment of a pleurotolysin pore map (~11 Å resolution) with an ensemble of conformations showing the trajectory of β-sheet opening during pore formation (Lukoyanova et al., 2015) .",Conformational Changes during Pore Formation by the Perforin-Related Protein Pleurotolysin,"Claim: Segment of a pleurotolysin pore map (~11 Å resolution) with an ensemble of conformations showing the trajectory of β-sheet opening during pore formation.
Evidence: Membrane attack complex/perforin-like (MACPF) proteins comprise the largest superfamily of pore-forming proteins, playing crucial roles in immunity and pathogenesis. Soluble monomers assemble into large transmembrane pores via conformational transitions that remain to be structurally and mechanistically characterised. Here we present an 11 Å resolution cryo-electron microscopy (cryo-EM) structure of the two-part, fungal toxin Pleurotolysin (Ply), together with crystal structures of both components (the lipid binding PlyA protein and the pore-forming MACPF component PlyB). These data reveal a 13-fold pore 80 Å in diameter and 100 Å in height, with each subunit comprised of a PlyB molecule atop a membrane bound dimer of PlyA. The resolution of the EM map, together with biophysical and computational experiments, allowed confident assignment of subdomains in a MACPF pore assembly. The major conformational changes in PlyB are a ∼70° opening of the bent and distorted central β-sheet of the MACPF domain, accompanied by extrusion and refolding of two α-helical regions into transmembrane β-hairpins (TMH1 and TMH2). We determined the structures of three different disulphide bond-trapped prepore intermediates. Analysis of these data by molecular modelling and flexible fitting allows us to generate a potential trajectory of β-sheet unbending. The results suggest that MACPF conformational change is triggered through disruption of the interface between a conserved helix-turn-helix motif and the top of TMH2. Following their release we propose that the transmembrane regions assemble into β-hairpins via top down zippering of backbone hydrogen bonds to form the membrane-inserted β-barrel. The intermediate structures of the MACPF domain during refolding into the β-barrel pore establish a structural paradigm for the transition from soluble monomer to pore, which may be conserved across the whole superfamily. The TMH2 region is critical for the release of both TMH clusters, suggesting why this region is targeted by endogenous inhibitors of MACPF function."
CG_000230,SCitance,SYNTHETIC_NEGATION,CONTRADICTED,NOT_ENOUGH_EVIDENCE,"Segment of a pleurotolysin pore map (~11 Å resolution) with an ensemble of conformations not showing the trajectory of β-sheet opening during pore formation (Lukoyanova et al., 2015).",Conformational Changes during Pore Formation by the Perforin-Related Protein Pleurotolysin,"Claim: Segment of a pleurotolysin pore map (~11 Å resolution) with an ensemble of conformations not showing the trajectory of β-sheet opening during pore formation.
Evidence: Membrane attack complex/perforin-like (MACPF) proteins comprise the largest superfamily of pore-forming proteins, playing crucial roles in immunity and pathogenesis. Soluble monomers assemble into large transmembrane pores via conformational transitions that remain to be structurally and mechanistically characterised. Here we present an 11 Å resolution cryo-electron microscopy (cryo-EM) structure of the two-part, fungal toxin Pleurotolysin (Ply), together with crystal structures of both components (the lipid binding PlyA protein and the pore-forming MACPF component PlyB). These data reveal a 13-fold pore 80 Å in diameter and 100 Å in height, with each subunit comprised of a PlyB molecule atop a membrane bound dimer of PlyA. The resolution of the EM map, together with biophysical and computational experiments, allowed confident assignment of subdomains in a MACPF pore assembly. The major conformational changes in PlyB are a ∼70° opening of the bent and distorted central β-sheet of the MACPF domain, accompanied by extrusion and refolding of two α-helical regions into transmembrane β-hairpins (TMH1 and TMH2). We determined the structures of three different disulphide bond-trapped prepore intermediates. Analysis of these data by molecular modelling and flexible fitting allows us to generate a potential trajectory of β-sheet unbending. The results suggest that MACPF conformational change is triggered through disruption of the interface between a conserved helix-turn-helix motif and the top of TMH2. Following their release we propose that the transmembrane regions assemble into β-hairpins via top down zippering of backbone hydrogen bonds to form the membrane-inserted β-barrel. The intermediate structures of the MACPF domain during refolding into the β-barrel pore establish a structural paradigm for the transition from soluble monomer to pore, which may be conserved across the whole superfamily. The TMH2 region is critical for the release of both TMH clusters, suggesting why this region is targeted by endogenous inhibitors of MACPF function."
CG_000254,SCitance,NATURAL,SUPPORTED,NOT_ENOUGH_EVIDENCE,"Diabetic patients with ACS experience increased shortterm and long-term risk for ischemic and bleeding events [2, 14] .",Impact of diabetes on long-term prognosis in patients with unstable angina and non-Q-wave myocardial infarction: results of the OASIS (Organization to Assess Strategies for Ischemic Syndromes) Registry.,"Claim: Diabetic patients with ACS experience increased shortterm and long-term risk for ischemic and bleeding events.
Evidence: BACKGROUND Although unstable coronary artery disease is the most common reason for admission to a coronary care unit, the long-term prognosis of patients with this diagnosis is unknown. This is particularly true for patients with diabetes mellitus, who are known to have a high morbidity and mortality after an acute myocardial infarction. METHODS AND RESULTS Prospectively collected data from 6 different countries in the Organization to Assess Strategies for Ischemic Syndromes (OASIS) registry were analyzed to determine the 2-year prognosis of diabetic and nondiabetic patients who were hospitalized with unstable angina or non-Q-wave myocardial infarction. Overall, 1718 of 8013 registry patients (21%) had diabetes. Diabetic patients had a higher rate of coronary bypass surgery than nondiabetic patients (23% versus 20%, P:<0.001) but had similar rates of catheterization and angioplasty. Diabetes independently predicted mortality (relative risk [RR], 1.57; 95% CI, 1.38 to 1.81; P:<0.001), as well as cardiovascular death, new myocardial infarction, stroke, and new congestive heart failure. Moreover, compared with their nondiabetic counterparts, women had a significantly higher risk than men (RR, 1.98; 95% CI, 1.60 to 2.44; and RR, 1.28; 95% CI, 1.06 to 1.56, respectively). Interestingly, diabetic patients without prior cardiovascular disease had the same event rates for all outcomes as nondiabetic patients with previous vascular disease. CONCLUSIONS Hospitalization for unstable angina or non-Q-wave myocardial infarction predicts a high 2-year morbidity and mortality; this is especially evident for patients with diabetes. Diabetic patients with no previous cardiovascular disease have the same long-term morbidity and mortality as nondiabetic patients with established cardiovascular disease after hospitalization for unstable coronary artery disease."
CG_000266,SCitance,NATURAL,SUPPORTED,NOT_ENOUGH_EVIDENCE,"The pancreatic hormone insulin is a major regulator of metabolism, and exerts effects on appetite via ventral tegmental, and possibly arcuate, neurons .Exogenous compounds can also affect appetite by engaging brain neurocircuitry.",Role for insulin signaling in catecholaminergic neurons in control of energy homeostasis.,"Claim: The pancreatic hormone insulin is a major regulator of metabolism, and exerts effects on appetite via ventral tegmental, and possibly arcuate, neurons.Exogenous compounds can also affect appetite by engaging brain neurocircuitry.
Evidence: Dopaminergic midbrain neurons integrate signals on food palatability and food-associated reward into the complex control of energy homeostasis. To define the role of insulin receptor (IR) signaling in this circuitry, we inactivated IR signaling in tyrosine hydroxylase (Th)-expressing cells of mice (IR(ΔTh)). IR inactivation in Th-expressing cells of mice resulted in increased body weight, increased fat mass, and hyperphagia. While insulin acutely stimulated firing frequency in 50% of dopaminergic VTA/SN neurons, this response was abolished in IR(ΔTh) mice. Moreover, these mice exhibited an altered response to cocaine under food-restricted conditions. Taken together, these data provide in vivo evidence for a critical role of insulin signaling in catecholaminergic neurons to control food intake and energy homeostasis."
CG_000268,SCitance,SYNTHETIC_NEGATION,CONTRADICTED,NOT_ENOUGH_EVIDENCE,PKG-Iα has not been recently shown to play an essential role in the expression of spinal long-term potentiation and pain hypersensitivity in conditional PGK-Iα knockout mice.,Presynaptically Localized Cyclic GMP-Dependent Protein Kinase 1 Is a Key Determinant of Spinal Synaptic Potentiation and Pain Hypersensitivity,"Claim: PKG-Iα has not been recently shown to play an essential role in the expression of spinal long-term potentiation and pain hypersensitivity in conditional PGK-Iα knockout mice.
Evidence: Synaptic long-term potentiation (LTP) at spinal neurons directly communicating pain-specific inputs from the periphery to the brain has been proposed to serve as a trigger for pain hypersensitivity in pathological states. Previous studies have functionally implicated the NMDA receptor-NO pathway and the downstream second messenger, cGMP, in these processes. Because cGMP can broadly influence diverse ion-channels, kinases, and phosphodiesterases, pre- as well as post-synaptically, the precise identity of cGMP targets mediating spinal LTP, their mechanisms of action, and their locus in the spinal circuitry are still unclear. Here, we found that Protein Kinase G1 (PKG-I) localized presynaptically in nociceptor terminals plays an essential role in the expression of spinal LTP. Using the Cre-lox P system, we generated nociceptor-specific knockout mice lacking PKG-I specifically in presynaptic terminals of nociceptors in the spinal cord, but not in post-synaptic neurons or elsewhere (SNS-PKG-I(-/-) mice). Patch clamp recordings showed that activity-induced LTP at identified synapses between nociceptors and spinal neurons projecting to the periaqueductal grey (PAG) was completely abolished in SNS-PKG-I(-/-) mice, although basal synaptic transmission was not affected. Analyses of synaptic failure rates and paired-pulse ratios indicated a role for presynaptic PKG-I in regulating the probability of neurotransmitter release. Inositol 1,4,5-triphosphate receptor 1 and myosin light chain kinase were recruited as key phosphorylation targets of presynaptic PKG-I in nociceptive neurons. Finally, behavioural analyses in vivo showed marked defects in SNS-PKG-I(-/-) mice in several models of activity-induced nociceptive hypersensitivity, and pharmacological studies identified a clear contribution of PKG-I expressed in spinal terminals of nociceptors. Our results thus indicate that presynaptic mechanisms involving an increase in release probability from nociceptors are operational in the expression of synaptic LTP on spinal-PAG projection neurons and that PKG-I localized in presynaptic nociceptor terminals plays an essential role in this process to regulate pain sensitivity."
CG_000273,SCitance,NATURAL,SUPPORTED,NOT_ENOUGH_EVIDENCE,"A 2001 survey of liver transplantation programs found that 32 percent of programs required patients to discontinue methadone treatment (Koch and Banys, 2001) .",Liver transplantation and opioid dependence.,"Claim: A 2001 survey of liver transplantation programs found that 32 percent of programs required patients to discontinue methadone treatment.
Evidence: ContextChronic hepatitis C is the leading cause for liver transplantation in the United States. Intravenous drug use, the major risk factor, accounts for approximately 60% of hepatitis C virus transmission. Information from the United Network of Organ Sharing (UNOS) does not address substance use among liver transplantation patients. ObjectiveTo identify addiction-related criteria for admission to the UNOS liver transplantation waiting list and posttransplantation problems experienced by patients who are prescribed maintenance methadone. Design, Setting, and ParticipantsMail survey of all 97 adult US liver transplantation programs (belonging to UNOS) in March 2000 with telephone follow-up conducted in May and June 2000.Main Outcome MeasuresPrograms' acceptance and management of patients with past or present substance use disorder. ResultsOf the 97 programs surveyed, 87 (90%) responded. All accept applicants with a history of alcoholism or other addictions, including heroin dependence. Eighty-eight percent of the responding programs require at least 6 months of abstinence from alcohol; 83% from illicit drugs. Ninety-four percent have addiction treatment requirements. Consultations from substance abuse specialists are obtained by 86%. Patients receiving methadone maintenance are accepted by 56% of the responding programs. Approximately 180 patients receiving methadone maintenance are reported to have undergone liver transplantation. ConclusionsMost liver transplantation programs have established policies for patients with substance use disorders. Opiate-dependent patients receiving opiate replacement therapy seem underrepresented in transplantation programs. Little anecdotal evidence for negative impact of opiate replacement therapy on liver transplantation outcome was found. Policies requiring discontinuation of methadone in 32% of all programs contradict the evidence base for efficacy of long-term replacement therapies and potentially result in relapse of previously stable patients."
CG_000282,SCitance,NATURAL,NOT_ENOUGH_EVIDENCE,CONTRADICTED,About 53 % of perinatal mortality can be attributed to low birth weight (de Onis et al. 2004) .,Estimates of global prevalence of childhood underweight in 1990 and 2015.,"Claim: About 53 % of perinatal mortality can be attributed to low birth weight (de Onis 2004).
Evidence: CONTEXT One key target of the United Nations Millennium Development goals is to reduce the prevalence of underweight among children younger than 5 years by half between 1990 and 2015. OBJECTIVE To estimate trends in childhood underweight by geographic regions of the world. DESIGN, SETTING, AND PARTICIPANTS Time series study of prevalence of underweight, defined as weight 2 SDs below the mean weight for age of the National Center for Health Statistics and World Health Organization (WHO) reference population. National prevalence rates derived from the WHO Global Database on Child Growth and Malnutrition, which includes data on approximately 31 million children younger than 5 years who participated in 419 national nutritional surveys in 139 countries from 1965 through 2002. MAIN OUTCOME MEASURES Linear mixed-effects modeling was used to estimate prevalence rates and numbers of underweight children by region in 1990 and 2015 and to calculate the changes (ie, increase or decrease) to these values between 1990 and 2015. RESULTS Worldwide, underweight prevalence was projected to decline from 26.5% in 1990 to 17.6% in 2015, a change of -34% (95% confidence interval [CI], -43% to -23%). In developed countries, the prevalence was estimated to decrease from 1.6% to 0.9%, a change of -41% (95% CI, -92% to 343%). In developing regions, the prevalence was forecasted to decline from 30.2% to 19.3%, a change of -36% (95% CI, -45% to -26%). In Africa, the prevalence of underweight was forecasted to increase from 24.0% to 26.8%, a change of 12% (95% CI, 8%-16%). In Asia, the prevalence was estimated to decrease from 35.1% to 18.5%, a change of -47% (95% CI, -58% to -34%). Worldwide, the number of underweight children was projected to decline from 163.8 million in 1990 to 113.4 million in 2015, a change of -31% (95% CI, -40% to -20%). Numbers are projected to decrease in all subregions except the subregions of sub-Saharan, Eastern, Middle, and Western Africa, which are expected to experience substantial increases in the number of underweight children. CONCLUSIONS An overall improvement in the global situation is anticipated; however, neither the world as a whole, nor the developing regions, are expected to achieve the Millennium Development goals. This is largely due to the deteriorating situation in Africa where all subregions, except Northern Africa, are expected to fail to meet the goal."
CG_000298,SCitance,SYNTHETIC_NEGATION,CONTRADICTED,NOT_ENOUGH_EVIDENCE,"Among these, the wobble modification of uridine, mcm 5 s 2 U, is not required for the proper decoding of NNR codons in eukaryotes (Noma et al., 2009 ).",Mechanistic characterization of the sulfur-relay system for eukaryotic 2-thiouridine biogenesis at tRNA wobble positions,"Claim: Among these, the wobble modification of uridine, mcm 5 s 2 U, is not required for the proper decoding of NNR codons in eukaryotes.
Evidence: The wobble modification in tRNAs, 5-methoxycarbonylmethyl-2-thiouridine (mcm(5)s(2)U), is required for the proper decoding of NNR codons in eukaryotes. The 2-thio group confers conformational rigidity of mcm(5)s(2)U by largely fixing the C3'-endo ribose puckering, ensuring stable and accurate codon-anticodon pairing. We have identified five genes in Saccharomyces cerevisiae, YIL008w (URM1), YHR111w (UBA4), YOR251c (TUM1), YNL119w (NCS2) and YGL211w (NCS6), that are required for 2-thiolation of mcm(5)s(2)U. An in vitro sulfur transfer experiment revealed that Tum1p stimulated the cysteine desulfurase of Nfs1p, and accepted persulfide sulfurs from Nfs1p. URM1 is a ubiquitin-related modifier, and UBA4 is an E1-like enzyme involved in protein urmylation. The carboxy-terminus of Urm1p was activated as an acyl-adenylate (-COAMP), then thiocarboxylated (-COSH) by Uba4p. The activated thiocarboxylate can be utilized in the subsequent reactions for 2-thiouridine formation, mediated by Ncs2p/Ncs6p. We could successfully reconstitute the 2-thiouridine formation in vitro using recombinant proteins. This study revealed that 2-thiouridine formation shares a pathway and chemical reactions with protein urmylation. The sulfur-flow of eukaryotic 2-thiouridine formation is distinct mechanism from the bacterial sulfur-relay system which is based on the persulfide chemistry."
CG_000306,SCitance,NATURAL,SUPPORTED,NOT_ENOUGH_EVIDENCE,"Nanoparticles can also be targeted against specific cell types by incorporating aptamers into lipid nanoparticles (Liang et al., 2015) .",Aptamer-functionalized lipid nanoparticles targeting osteoblasts as a novel RNA interference–based bone anabolic strategy,"Claim: Nanoparticles can also be targeted against specific cell types by incorporating aptamers into lipid nanoparticles.
Evidence: Currently, major concerns about the safety and efficacy of RNA interference (RNAi)-based bone anabolic strategies still exist because of the lack of direct osteoblast-specific delivery systems for osteogenic siRNAs. Here we screened the aptamer CH6 by cell-SELEX, specifically targeting both rat and human osteoblasts, and then we developed CH6 aptamer-functionalized lipid nanoparticles (LNPs) encapsulating osteogenic pleckstrin homology domain-containing family O member 1 (Plekho1) siRNA (CH6-LNPs-siRNA). Our results showed that CH6 facilitated in vitro osteoblast-selective uptake of Plekho1 siRNA, mainly via macropinocytosis, and boosted in vivo osteoblast-specific Plekho1 gene silencing, which promoted bone formation, improved bone microarchitecture, increased bone mass and enhanced mechanical properties in both osteopenic and healthy rodents. These results indicate that osteoblast-specific aptamer-functionalized LNPs could act as a new RNAi-based bone anabolic strategy, advancing the targeted delivery selectivity of osteogenic siRNAs from the tissue level to the cellular level."
CG_000314,SCitance,NATURAL,SUPPORTED,NOT_ENOUGH_EVIDENCE,"Furthermore, once dispersed, anthrax spores are very difficult to dispose of and may remain deadly until the affected area-especially indoor areas-can be decontaminated (Weis et al. 2002) .",Secondary aerosolization of viable Bacillus anthracis spores in a contaminated US Senate Office.,"Claim: Furthermore, once dispersed, anthrax spores are very difficult to dispose of and may remain deadly until the affected area-especially indoor areas-can be decontaminated.
Evidence: CONTEXT Bioterrorist attacks involving letters and mail-handling systems in Washington, DC, resulted in Bacillus anthracis (anthrax) spore contamination in the Hart Senate Office Building and other facilities in the US Capitol's vicinity. OBJECTIVE To provide information about the nature and extent of indoor secondary aerosolization of B anthracis spores. DESIGN Stationary and personal air samples, surface dust, and swab samples were collected under semiquiescent (minimal activities) and then simulated active office conditions to estimate secondary aerosolization of B anthracis spores. Nominal size characteristics, airborne concentrations, and surface contamination of B anthracis particles (colony-forming units) were evaluated. RESULTS Viable B anthracis spores reaerosolized under semiquiescent conditions, with a marked increase in reaerosolization during simulated active office conditions. Increases were observed for B anthracis collected on open sheep blood agar plates (P<.001) and personal air monitors (P =.01) during active office conditions. More than 80% of the B anthracis particles collected on stationary monitors were within an alveolar respirable size range of 0.95 to 3.5 micro m. CONCLUSIONS Bacillus anthracis spores used in a recent terrorist incident reaerosolized under common office activities. These findings have important implications for appropriate respiratory protection, remediation, and reoccupancy of contaminated office environments."
CG_000316,SCitance,SYNTHETIC_NEGATION,CONTRADICTED,NOT_ENOUGH_EVIDENCE,"Without reducing overall protein synthesis, reduction of Rpl38 in mice can alter the composition of Hox gene mRNAs translation and embryonic patterning.",Ribosome-Mediated Specificity in Hox mRNA Translation and Vertebrate Tissue Patterning,"Claim: Without reducing overall protein synthesis, reduction of Rpl38 in mice can alter the composition of Hox gene mRNAs translation and embryonic patterning.
Evidence: Historically, the ribosome has been viewed as a complex ribozyme with constitutive rather than regulatory capacity in mRNA translation. Here we identify mutations of the Ribosomal Protein L38 (Rpl38) gene in mice exhibiting surprising tissue-specific patterning defects, including pronounced homeotic transformations of the axial skeleton. In Rpl38 mutant embryos, global protein synthesis is unchanged; however the translation of a select subset of Homeobox mRNAs is perturbed. Our data reveal that RPL38 facilitates 80S complex formation on these mRNAs as a regulatory component of the ribosome to confer transcript-specific translational control. We further show that Rpl38 expression is markedly enriched in regions of the embryo where loss-of-function phenotypes occur. Unexpectedly, a ribosomal protein (RP) expression screen reveals dynamic regulation of individual RPs within the vertebrate embryo. Collectively, these findings suggest that RP activity may be highly regulated to impart a new layer of specificity in the control of gene expression and mammalian development."
CG_000342,SCitance,SYNTHETIC_NEGATION,CONTRADICTED,SUPPORTED,"However, no considerable improvements were observed in the 6-min walking test and in overall fitness, which indicated no improvements in QoL.",Effects of exercise training on health status in patients with chronic heart failure: HF-ACTION randomized controlled trial.,"Claim: However, no considerable improvements were observed in the 6-min walking test and in overall fitness, which indicated no improvements in QoL.
Evidence: CONTEXT Findings from previous studies of the effects of exercise training on patient-reported health status have been inconsistent. OBJECTIVE To test the effects of exercise training on health status among patients with heart failure. DESIGN, SETTING, AND PATIENTS Multicenter, randomized controlled trial among 2331 medically stable outpatients with heart failure with left ventricular ejection fraction of 35% or less. Patients were randomized from April 2003 through February 2007. INTERVENTIONS Usual care plus aerobic exercise training (n = 1172), consisting of 36 supervised sessions followed by home-based training, vs usual care alone (n = 1159). Randomization was stratified by heart failure etiology, which was a covariate in all models. MAIN OUTCOME MEASURES Kansas City Cardiomyopathy Questionnaire (KCCQ) overall summary scale and key subscales at baseline, every 3 months for 12 months, and annually thereafter for up to 4 years. The KCCQ is scored from 0 to 100 with higher scores corresponding to better health status. Treatment group effects were estimated using linear mixed models according to the intention-to-treat principle. RESULTS Median follow-up was 2.5 years. At 3 months, usual care plus exercise training led to greater improvement in the KCCQ overall summary score (mean, 5.21; 95% confidence interval, 4.42 to 6.00) compared with usual care alone (3.28; 95% confidence interval, 2.48 to 4.09). The additional 1.93-point increase (95% confidence interval, 0.84 to 3.01) in the exercise training group was statistically significant (P < .001). After 3 months, there were no further significant changes in KCCQ score for either group (P = .85 for the difference between slopes), resulting in a sustained, greater improvement overall for the exercise group (P < .001). Results were similar on the KCCQ subscales, and no subgroup interactions were detected. CONCLUSIONS Exercise training conferred modest but statistically significant improvements in self-reported health status compared with usual care without training. Improvements occurred early and persisted over time. TRIAL REGISTRATION clinicaltrials.gov Identifier: NCT00047437."
CG_000364,SCitance,SYNTHETIC_NEGATION,CONTRADICTED,NOT_ENOUGH_EVIDENCE,"Subsequent mathematical analyses did not confirm the intimate link between both oscillators in NIH 3T3 cells [61, 62].",Robust synchronization of coupled circadian and cell cycle oscillators in single mammalian cells,"Claim: Subsequent mathematical analyses did not confirm the intimate link between both oscillators in NIH 3T3 cells.
Evidence: Circadian cycles and cell cycles are two fundamental periodic processes with a period in the range of 1 day. Consequently, coupling between such cycles can lead to synchronization. Here, we estimated the mutual interactions between the two oscillators by time-lapse imaging of single mammalian NIH3T3 fibroblasts during several days. The analysis of thousands of circadian cycles in dividing cells clearly indicated that both oscillators tick in a 1:1 mode-locked state, with cell divisions occurring tightly 5 h before the peak in circadian Rev-Erbα-YFP reporter expression. In principle, such synchrony may be caused by either unidirectional or bidirectional coupling. While gating of cell division by the circadian cycle has been most studied, our data combined with stochastic modeling unambiguously show that the reverse coupling is predominant in NIH3T3 cells. Moreover, temperature, genetic, and pharmacological perturbations showed that the two interacting cellular oscillators adopt a synchronized state that is highly robust over a wide range of parameters. These findings have implications for circadian function in proliferative tissues, including epidermis, immune cells, and cancer."
CG_000392,SCitance,NATURAL,NOT_ENOUGH_EVIDENCE,SUPPORTED,"In contrast to autophagy activation in pancreatic cancer, genetic analyses of prostate and liver tumor stroma shows a decrease of autophagy substrate signaling adaptor protein, p62, resulting in defective autophagy [49, 50] .","p62/SQSTM1 by Binding to Vitamin D Receptor Inhibits Hepatic Stellate Cell Activity, Fibrosis, and Liver Cancer.","Claim: In contrast to autophagy activation in pancreatic cancer, genetic analyses of prostate and liver tumor stroma shows a decrease of autophagy substrate signaling adaptor protein, p62, resulting in defective autophagy.
Evidence: Hepatic stellate cells (HSCs) play critical roles in liver fibrosis and hepatocellular carcinoma (HCC). Vitamin D receptor (VDR) activation in HSCs inhibits liver inflammation and fibrosis. We found that p62/SQSTM1, a protein upregulated in liver parenchymal cells but downregulated in HCC-associated HSCs, negatively controls HSC activation. Total body or HSC-specific p62 ablation potentiates HSCs and enhances inflammation, fibrosis, and HCC progression. p62 directly interacts with VDR and RXR promoting their heterodimerization, which is critical for VDR:RXR target gene recruitment. Loss of p62 in HSCs impairs the repression of fibrosis and inflammation by VDR agonists. This demonstrates that p62 is a negative regulator of liver inflammation and fibrosis through its ability to promote VDR signaling in HSCs, whose activation supports HCC."
CG_000395,SCitance,NATURAL,SUPPORTED,NOT_ENOUGH_EVIDENCE,PKG-Iα has been recently shown to play an essential role in the expression of spinal long-term potentiation and pain hypersensitivity in conditional PGK-Iα knockout mice .,Presynaptically Localized Cyclic GMP-Dependent Protein Kinase 1 Is a Key Determinant of Spinal Synaptic Potentiation and Pain Hypersensitivity,"Claim: PKG-Iα has been recently shown to play an essential role in the expression of spinal long-term potentiation and pain hypersensitivity in conditional PGK-Iα knockout mice.
Evidence: Synaptic long-term potentiation (LTP) at spinal neurons directly communicating pain-specific inputs from the periphery to the brain has been proposed to serve as a trigger for pain hypersensitivity in pathological states. Previous studies have functionally implicated the NMDA receptor-NO pathway and the downstream second messenger, cGMP, in these processes. Because cGMP can broadly influence diverse ion-channels, kinases, and phosphodiesterases, pre- as well as post-synaptically, the precise identity of cGMP targets mediating spinal LTP, their mechanisms of action, and their locus in the spinal circuitry are still unclear. Here, we found that Protein Kinase G1 (PKG-I) localized presynaptically in nociceptor terminals plays an essential role in the expression of spinal LTP. Using the Cre-lox P system, we generated nociceptor-specific knockout mice lacking PKG-I specifically in presynaptic terminals of nociceptors in the spinal cord, but not in post-synaptic neurons or elsewhere (SNS-PKG-I(-/-) mice). Patch clamp recordings showed that activity-induced LTP at identified synapses between nociceptors and spinal neurons projecting to the periaqueductal grey (PAG) was completely abolished in SNS-PKG-I(-/-) mice, although basal synaptic transmission was not affected. Analyses of synaptic failure rates and paired-pulse ratios indicated a role for presynaptic PKG-I in regulating the probability of neurotransmitter release. Inositol 1,4,5-triphosphate receptor 1 and myosin light chain kinase were recruited as key phosphorylation targets of presynaptic PKG-I in nociceptive neurons. Finally, behavioural analyses in vivo showed marked defects in SNS-PKG-I(-/-) mice in several models of activity-induced nociceptive hypersensitivity, and pharmacological studies identified a clear contribution of PKG-I expressed in spinal terminals of nociceptors. Our results thus indicate that presynaptic mechanisms involving an increase in release probability from nociceptors are operational in the expression of synaptic LTP on spinal-PAG projection neurons and that PKG-I localized in presynaptic nociceptor terminals plays an essential role in this process to regulate pain sensitivity."
CG_000413,SCitance,SYNTHETIC_NEGATION,CONTRADICTED,NOT_ENOUGH_EVIDENCE,"Conditional gene knockouts of Klf4 and Klf2 indicated they are not important for proper myeloid cell differentiation and function, respectively (87, 88 ).",Kruppel-like factor 4 is essential for inflammatory monocyte differentiation in vivo.,"Claim: Conditional gene knockouts of Klf4 and Klf2 indicated they are not important for proper myeloid cell differentiation and function, respectively.
Evidence: Several members of the Kruppel-like factor (KLF) family of transcription factors play important roles in differentiation, survival, and trafficking of blood and immune cell types. We demonstrate in this study that hematopoietic cells from KLF4(-/-) fetal livers (FL) contained normal numbers of functional hematopoietic progenitor cells, were radioprotective, and performed as well as KLF4(+/+) cells in competitive repopulation assays. However, hematopoietic ""KLF4(-/-) chimeras"" generated by transplantation of KLF4(-/-) fetal livers cells into lethally irradiated wild-type mice completely lacked circulating inflammatory (CD115(+)Gr1(+)) monocytes, and had reduced numbers of resident (CD115(+)Gr1(-)) monocytes. Although the numbers and function of peritoneal macrophages were normal in KLF4(-/-) chimeras, bone marrow monocytic cells from KLF4(-/-) chimeras expressed lower levels of key trafficking molecules and were more apoptotic. Thus, our in vivo loss-of-function studies demonstrate that KLF4, previously shown to mediate proinflammatory signaling in human macrophages in vitro, is essential for differentiation of mouse inflammatory monocytes, and is involved in the differentiation of resident monocytes. In addition, inducible expression of KLF4 in the HL60 human acute myeloid leukemia cell line stimulated monocytic differentiation and enhanced 12-O-tetradecanoylphorbol 13-acetate induced macrophage differentiation, but blocked all-trans-retinoic acid induced granulocytic differentiation of HL60 cells. The inflammation-selective effects of loss-of-KLF4 and the gain-of-KLF4-induced monocytic differentiation in HL60 cells identify KLF4 as a key regulator of monocytic differentiation and a potential target for translational immune modulation."
CG_000442,SCitance,NATURAL,NOT_ENOUGH_EVIDENCE,SUPPORTED,"Venules were differentiated from arterioles by their large lumen diameter compared with vessel wall thickness, a thinner or absent smooth muscle layer, a less significant tunica adventitia, and an inner diameter of Ն10 m (15) .Apoptotic cell type analysis.",Scaffold-based three-dimensional human fibroblast culture provides a structural matrix that supports angiogenesis in infarcted heart tissue.,"Claim: Venules were differentiated from arterioles by their large lumen diameter compared with vessel wall thickness, a thinner or absent smooth muscle layer, a less significant tunica adventitia, and an inner diameter of Ն10 m.Apoptotic cell type analysis.
Evidence: BACKGROUND We have developed techniques to implant angiogenic patches onto the epicardium over regions of infarcted cardiac tissue to stimulate revascularization of the damaged tissue. These experiments used a scaffold-based 3D human dermal fibroblast culture (3DFC) as an epicardial patch. The 3DFC contains viable cells that secrete angiogenic growth factors and has previously been shown to stimulate angiogenic activity. The hypothesis tested was that a viable 3DFC cardiac patch would stimulate an angiogenic response within an area of infarcted cardiac tissue. METHODS AND RESULTS A coronary occlusion of a branch of the left anterior descending coronary artery was performed by thermal ligation in severe combined immunodeficient mice. 3DFCs with or without viable cells were sized to the damaged area, implanted in replicate mice onto the epicardium at the site of tissue injury, and compared with animals that received infarct surgery but no implant. Fourteen and 30 days after surgery, hearts were exposed and photographed, and tissue samples were prepared for histology and cytochemistry. Fourteen and 30 days after surgery, the damaged myocardium receiving viable 3DFC exhibited a significantly greater angiogenic response (including arterioles, venules, and capillaries) than nonviable and untreated control groups. CONCLUSIONS In this animal model, viable 3DFC stimulates angiogenesis within a region of cardiac infarction and can augment a repair response in damaged tissue. Therefore, a potential use for 3DFC is the repair of myocardial tissue damaged by infarction."
CG_000444,SCitance,NATURAL,SUPPORTED,CONTRADICTED,A comparative study on the effect of walking in traffic area and non-traffic area in London among elderly adults reported that the beneficial improvement in lung function by walking observed in non-traffic area had been curtailed in the traffic area showing the intensity of traffic related pollution .,"Respiratory and cardiovascular responses to walking down a traffic-polluted road compared with walking in a traffic-free area in participants aged 60 years and older with chronic lung or heart disease and age-matched healthy controls: a randomised, crossover study","Claim: A comparative study on the effect of walking in traffic area and non-traffic area in London among elderly adults reported that the beneficial improvement in lung function by walking observed in non-traffic area had been curtailed in the traffic area showing the intensity of traffic related pollution.
Evidence: BACKGROUND Long-term exposure to pollution can lead to an increase in the rate of decline of lung function, especially in older individuals and in those with chronic obstructive pulmonary disease (COPD), whereas shorter-term exposure at higher pollution levels has been implicated in causing excess deaths from ischaemic heart disease and exacerbations of COPD. We aimed to assess the effects on respiratory and cardiovascular responses of walking down a busy street with high levels of pollution compared with walking in a traffic-free area with lower pollution levels in older adults. METHODS In this randomised, crossover study, we recruited men and women aged 60 years and older with angiographically proven stable ischaemic heart disease or stage 2 Global initiative for Obstructive Lung Disease (GOLD) COPD who had been clinically stable for 6 months, and age-matched healthy volunteers. Individuals with ischaemic heart disease or COPD were recruited from existing databases or outpatient respiratory and cardiology clinics at the Royal Brompton & Harefield NHS Foundation Trust and age-matched healthy volunteers using advertising and existing databases. All participants had abstained from smoking for at least 12 months and medications were taken as recommended by participants' doctors during the study. Participants were randomly assigned by drawing numbered disks at random from a bag to do a 2 h walk either along a commercial street in London (Oxford Street) or in an urban park (Hyde Park). Baseline measurements of participants were taken before the walk in the hospital laboratory. During each walk session, black carbon, particulate matter (PM) concentrations, ultrafine particles, and nitrogen dioxide (NO2) concentrations were measured. FINDINGS Between October, 2012, and June, 2014, we screened 135 participants, of whom 40 healthy volunteers, 40 individuals with COPD, and 39 with ischaemic heart disease were recruited. Concentrations of black carbon, NO2, PM10, PM2.5, and ultrafine particles were higher on Oxford Street than in Hyde Park. Participants with COPD reported more cough (odds ratio [OR] 1·95, 95% CI 0·96-3·95; p<0·1), sputum (3·15, 1·39-7·13; p<0·05), shortness of breath (1·86, 0·97-3·57; p<0·1), and wheeze (4·00, 1·52-10·50; p<0·05) after walking down Oxford Street compared with Hyde Park. In all participants, irrespective of their disease status, walking in Hyde Park led to an increase in lung function (forced expiratory volume in the first second [FEV1] and forced vital capacity [FVC]) and a decrease in pulse wave velocity (PWV) and augmentation index up to 26 h after the walk. By contrast, these beneficial responses were attenuated after walking on Oxford Street. In participants with COPD, a reduction in FEV1 and FVC, and an increase in R5-20 were associated with an increase in during-walk exposure to NO2, ultrafine particles and PM2.5, and an increase in PWV and augmentation index with NO2 and ultrafine particles. In healthy volunteers, PWV and augmentation index were associated both with black carbon and ultrafine particles. INTERPRETATION Short-term exposure to traffic pollution prevents the beneficial cardiopulmonary effects of walking in people with COPD, ischaemic heart disease, and those free from chronic cardiopulmonary diseases. Medication use might reduce the adverse effects of air pollution in individuals with ischaemic heart disease. Policies should aim to control ambient levels of air pollution along busy streets in view of these negative health effects. FUNDING British Heart Foundation."
CG_000466,SCitance,NATURAL,SUPPORTED,NOT_ENOUGH_EVIDENCE,"One of the most intriguing aspects of ribosomopathies is that, despite the fact that they all share a common defect in the same biological process there is a high degree of cell and tissue-specific pathology .",Ribosome-Mediated Specificity in Hox mRNA Translation and Vertebrate Tissue Patterning,"Claim: One of the most intriguing aspects of ribosomopathies is that, despite the fact that they all share a common defect in the same biological process there is a high degree of cell and tissue-specific pathology.
Evidence: Historically, the ribosome has been viewed as a complex ribozyme with constitutive rather than regulatory capacity in mRNA translation. Here we identify mutations of the Ribosomal Protein L38 (Rpl38) gene in mice exhibiting surprising tissue-specific patterning defects, including pronounced homeotic transformations of the axial skeleton. In Rpl38 mutant embryos, global protein synthesis is unchanged; however the translation of a select subset of Homeobox mRNAs is perturbed. Our data reveal that RPL38 facilitates 80S complex formation on these mRNAs as a regulatory component of the ribosome to confer transcript-specific translational control. We further show that Rpl38 expression is markedly enriched in regions of the embryo where loss-of-function phenotypes occur. Unexpectedly, a ribosomal protein (RP) expression screen reveals dynamic regulation of individual RPs within the vertebrate embryo. Collectively, these findings suggest that RP activity may be highly regulated to impart a new layer of specificity in the control of gene expression and mammalian development."
CG_000470,SCitance,NATURAL,SUPPORTED,NOT_ENOUGH_EVIDENCE,Genes involved in pre-mRNA splicing and in the biogenesis and export of messenger ribonucleoprotein (mRNP) also have an important role for genome stability (Paulsen et al. 2009 ).,A genome-wide siRNA screen reveals diverse cellular processes and pathways that mediate genome stability.,"Claim: Genes involved in pre-mRNA splicing and in the biogenesis and export of messenger ribonucleoprotein (mRNP) also have an important role for genome stability.
Evidence: Signaling pathways that respond to DNA damage are essential for the maintenance of genome stability and are linked to many diseases, including cancer. Here, a genome-wide siRNA screen was employed to identify additional genes involved in genome stabilization by monitoring phosphorylation of the histone variant H2AX, an early mark of DNA damage. We identified hundreds of genes whose downregulation led to elevated levels of H2AX phosphorylation (gammaH2AX) and revealed links to cellular complexes and to genes with unclassified functions. We demonstrate a widespread role for mRNA-processing factors in preventing DNA damage, which in some cases is caused by aberrant RNA-DNA structures. Furthermore, we connect increased gammaH2AX levels to the neurological disorder Charcot-Marie-Tooth (CMT) syndrome, and we find a role for several CMT proteins in the DNA-damage response. These data indicate that preservation of genome stability is mediated by a larger network of biological processes than previously appreciated."
CG_000473,SCitance,NATURAL,SUPPORTED,CONTRADICTED,"Furthermore, our results are consistent with the report from Meier et al. who compared 3315 cases of MI with 13,315 controls and found no protective effect of macrolides.",Antibiotics and risk of subsequent first-time acute myocardial infarction.,"Claim: Furthermore, our results are consistent with the report from Meier who compared 3315 cases of MI with 13,315 controls and found no protective effect of macrolides.
Evidence: CONTEXT Increasing evidence supports the hypothesis of a causal association between certain bacterial infections and increased risk of developing acute myocardial infarction. If such a causal association exists, subjects who used antibiotics active against the bacteria, regardless of indication, might be at lower risk of developing acute myocardial infarction than nonusers. OBJECTIVE To determine whether previous use of antibiotics decreases the risk of developing a first-time acute myocardial infarction. DESIGN Population-based case-control analysis. SETTING The United Kingdom-based General Practice Research Database comprising 350 general practices. PATIENTS A total of 3315 case patients aged 75 years or younger with a diagnosis of first-time acute myocardial infarction between 1992 and 1997 and 13139 controls without myocardial infarction matched to cases for age, sex, general practice attended, and calendar time. MAIN OUTCOME MEASURES Use of antibiotics among those who did or did not have a first-time acute myocardial infarction. RESULTS Cases were significantly less likely to have used tetracycline antibiotics (adjusted odds ratio [OR], 0.70; 95% confidence interval [CI], 0.55-0.90) or quinolones (adjusted OR, 0.45; 95% CI, 0.21-0.95). No effect was found for previous use of macrolides (primarily erythromycin), sulfonamides, penicillins, or cephalosporins. CONCLUSIONS The findings from this large case-control analysis provide further, albeit indirect, evidence for an association between bacterial infections with organisms susceptible to tetracycline or quinolone antibiotics and the risk of acute myocardial infarction. These results of preliminary nature should stimulate more research to further explore the role of infections in the etiology of acute myocardial infarction."
CG_000499,SCitance,NATURAL,NOT_ENOUGH_EVIDENCE,CONTRADICTED,"It is worth noting, though, that in a large prospective study, the addition of biomarkers, among them CRP, to the preoperative risk prediction model did not significantly improve the prediction of mortality over patient and disease characteristics alone .",Assessing the cost effectiveness of using prognostic biomarkers with decision models: case study in prioritising patients waiting for coronary artery surgery,"Claim: It is worth noting, though, that in a large prospective study, the addition of biomarkers, among them CRP, to the preoperative risk prediction model did not significantly improve the prediction of mortality over patient and disease characteristics alone.
Evidence: OBJECTIVE To determine the effectiveness and cost effectiveness of using information from circulating biomarkers to inform the prioritisation process of patients with stable angina awaiting coronary artery bypass graft surgery. DESIGN Decision analytical model comparing four prioritisation strategies without biomarkers (no formal prioritisation, two urgency scores, and a risk score) and three strategies based on a risk score using biomarkers: a routinely assessed biomarker (estimated glomerular filtration rate), a novel biomarker (C reactive protein), or both. The order in which to perform coronary artery bypass grafting in a cohort of patients was determined by each prioritisation strategy, and mean lifetime costs and quality adjusted life years (QALYs) were compared. DATA SOURCES Swedish Coronary Angiography and Angioplasty Registry (9935 patients with stable angina awaiting coronary artery bypass grafting and then followed up for cardiovascular events after the procedure for 3.8 years), and meta-analyses of prognostic effects (relative risks) of biomarkers. RESULTS The observed risk of cardiovascular events while on the waiting list for coronary artery bypass grafting was 3 per 10,000 patients per day within the first 90 days (184 events in 9935 patients). Using a cost effectiveness threshold of pound20,000- pound30,000 (euro22,000-euro33,000; $32,000-$48,000) per additional QALY, a prioritisation strategy using a risk score with estimated glomerular filtration rate was the most cost effective strategy (cost per additional QALY was < pound410 compared with the Ontario urgency score). The impact on population health of implementing this strategy was 800 QALYs per 100,000 patients at an additional cost of pound 245,000 to the National Health Service. The prioritisation strategy using a risk score with C reactive protein was associated with lower QALYs and higher costs compared with a risk score using estimated glomerular filtration rate. CONCLUSION Evaluating the cost effectiveness of prognostic biomarkers is important even when effects at an individual level are small. Formal prioritisation of patients awaiting coronary artery bypass grafting using a routinely assessed biomarker (estimated glomerular filtration rate) along with simple, routinely collected clinical information was cost effective. Prioritisation strategies based on the prognostic information conferred by C reactive protein, which is not currently measured in this context, or a combination of C reactive protein and estimated glomerular filtration rate, is unlikely to be cost effective. The widespread practice of using only implicit or informal means of clinically ordering the waiting list may be harmful and should be replaced with formal prioritisation approaches."
CG_000511,SCitance,NATURAL,SUPPORTED,NOT_ENOUGH_EVIDENCE,"Egr2 and 3 have an overlapping function in the regulation of the homeostasis of B and T cells (Li et al., 2012) .",The Transcription Factors Egr2 and Egr3 Are Essential for the Control of Inflammation and Antigen-Induced Proliferation of B and T Cells,"Claim: Egr2 and 3 have an overlapping function in the regulation of the homeostasis of B and T cells.
Evidence: Lymphocytes provide optimal responses against pathogens with minimal inflammatory pathology. However, the intrinsic mechanisms regulating these responses are unknown. Here, we report that deletion of both transcription factors Egr2 and Egr3 in lymphocytes resulted in a lethal autoimmune syndrome with excessive serum proinflammatory cytokines but also impaired antigen receptor-induced proliferation of B and T cells. Egr2- and Egr3-defective B and T cells had hyperactive signal transducer and activator of transcription-1 (STAT1) and STAT3 while antigen receptor-induced activation of transcription factor AP-1 was severely impaired. We discovered that Egr2 and/or Egr3 directly induced expression of suppressor of cytokine signaling-1 (SOCS1) and SOCS3, inhibitors of STAT1 and STAT3, and also blocked the function of Batf, an AP-1 inhibitor, in B and T cells. Thus, Egr2 and Egr3 regulate B and T cell function in adaptive immune responses and homeostasis by promoting antigen receptor signaling and controlling inflammation."
CG_000539,SCitance,NATURAL,SUPPORTED,NOT_ENOUGH_EVIDENCE,"Mutations in several genes lower the level of IME1 RNA; these include the serine-threonine protein kinase MCK1 (34) and the DNA binding protein RIM1 (50) and its proteolytic cleavage regulators RIM8, RIM9, and RIM13 (22, 51) .In this paper we report a systematic analysis of the 5Ј untranslated region of IME1 and identify the elements that are required for its regulated transcription.",Molecular characterization of the yeast meiotic regulatory gene RIM1.,"Claim: Mutations in several genes lower the level of IME1 RNA; these include the serine-threonine protein kinase MCK1 and the DNA binding protein RIM1 and its proteolytic cleavage regulators RIM8, RIM9, and RIM13.In this paper we report a systematic analysis of the 5Ј untranslated region of IME1 and identify the elements that are required for its regulated transcription.
Evidence: In the yeast Saccharomyces cerevisiae, genetic studies suggest that the RIM1 gene encodes a positive regulator of meiosis. rim1 mutations cause reduced expression of IME1, which is required for expression of many meiotic genes, and thus lead to a partial defect in meiosis and spore formation. We report the sequence of RIM1 and functional analysis of its coding region. The RIM1 gene product (RIM1) contains three regions similar to C2H2 zinc fingers. Serine substitutions for cysteine in each of the putative zinc fingers abolish RIM1 function. The carboxyl-terminus of RIM1 is enriched in acidic amino acids and is required for full RIM1 activity. RIM1 also contains two putative cAMP-dependent protein kinase (cAPK) phosphorylation sites. At one site, substitution of alanine for serine does not affect RIM1 activity; at the other site, this substitution impairs activity. This analysis of RIM1 suggests that the protein may function as a transcriptional activator. We have used the cloned RIM1 gene to create a complete rim1 deletion. This null allele, like previously isolated rim1 mutations, causes a partial meiotic defect. In addition to RIM1, maximum IME1 expression requires the MCK1 and IME4 gene products. Defects associated with rim1, mck1, and ime4 mutations in expression of a meiotic reporter gene (ime2-lacZ) and in sporulation are additive. These findings suggest that RIM1 acts independently of MCK1 and IME4 to stimulate IME1 expression."
CG_000550,SCitance,SYNTHETIC_NEGATION,CONTRADICTED,NOT_ENOUGH_EVIDENCE,"Previous work has not linked the RANK-RANKL pathway to the development of Aire-expressing mTECs (Rossi et al., 2007; Akiyama et al., 2008; Hikosaka et al., 2008; Roberts et al., 2012) , and we hypothesized that treating mice with blocking anti-RANKL antibody would decrease Aire + mTECs.",RANK signals from CD4+3− inducer cells regulate development of Aire-expressing epithelial cells in the thymic medulla,"Claim: Previous work has not linked the RANK-RANKL pathway to the development of Aire-expressing mTECs (Rossi, 2007; Akiyama, 2008; Hikosaka, 2008; Roberts, 2012), and we hypothesized that treating mice with blocking anti-RANKL antibody would decrease Aire + mTECs.
Evidence: Aire-expressing medullary thymic epithelial cells (mTECs) play a key role in preventing autoimmunity by expressing tissue-restricted antigens to help purge the emerging T cell receptor repertoire of self-reactive specificities. Here we demonstrate a novel role for a CD4+3− inducer cell population, previously linked to development of organized secondary lymphoid structures and maintenance of T cell memory in the functional regulation of Aire-mediated promiscuous gene expression in the thymus. CD4+3− cells are closely associated with mTECs in adult thymus, and in fetal thymus their appearance is temporally linked with the appearance of Aire+ mTECs. We show that RANKL signals from this cell promote the maturation of RANK-expressing CD80−Aire− mTEC progenitors into CD80+Aire+ mTECs, and that transplantation of RANK-deficient thymic stroma into immunodeficient hosts induces autoimmunity. Collectively, our data reveal cellular and molecular mechanisms leading to the generation of Aire+ mTECs and highlight a previously unrecognized role for CD4+3−RANKL+ inducer cells in intrathymic self-tolerance."
CG_000551,SCitance,NATURAL,NOT_ENOUGH_EVIDENCE,SUPPORTED,"Bacteriophages MS2 and Qβ are members of the Leviviridae and assemble a T = 3 icosahedral capsid that incorporates a single copy of the maturation/A-protein, which is responsible for binding both viral RNA and host receptors (Koning et al. 2016) .",Asymmetric cryo-EM reconstruction of phage MS2 reveals genome structure in situ,"Claim: Bacteriophages MS2 and Qβ are members of the Leviviridae and assemble a T = 3 icosahedral capsid that incorporates a single copy of the maturation/A-protein, which is responsible for binding both viral RNA and host receptors.
Evidence: In single-stranded ribonucleic acid (RNA) viruses, virus capsid assembly and genome packaging are intertwined processes. Using cryo-electron microscopy and single particle analysis we determined the asymmetric virion structure of bacteriophage MS2, which includes 178 copies of the coat protein, a single copy of the A-protein and the RNA genome. This reveals that in situ, the viral RNA genome can adopt a defined conformation. The RNA forms a branched network of stem-loops that almost all allocate near the capsid inner surface, while predominantly binding to coat protein dimers that are located in one-half of the capsid. This suggests that genomic RNA is highly involved in genome packaging and virion assembly."
CG_000564,SCitance,NATURAL,NOT_ENOUGH_EVIDENCE,CONTRADICTED,These cells (comprising the alleged cancer stem cells) acquire resistance to TKIs whereby integrin B3-Galectin engages the alternative KRAS-RalB signaling complex downstream of EGFR (17) .,An integrin β3–KRAS–RalB complex drives tumour stemness and resistance to EGFR inhibition,"Claim: These cells (comprising the alleged cancer stem cells) acquire resistance to TKIs whereby integrin B3-Galectin engages the alternative KRAS-RalB signaling complex downstream of EGFR.
Evidence: Tumour cells, with stem-like properties, are highly aggressive and often show drug resistance. Here, we reveal that integrin αvβ3 serves as a marker of breast, lung and pancreatic carcinomas with stem-like properties that are highly resistant to receptor tyrosine kinase inhibitors such as erlotinib. This was observed in vitro and in mice bearing patient-derived tumour xenografts or in clinical specimens from lung cancer patients who had progressed on erlotinib. Mechanistically, αvβ3, in the unliganded state, recruits KRAS and RalB to the tumour cell plasma membrane, leading to the activation of TBK1 and NF-κB. In fact, αvβ3 expression and the resulting KRAS-RalB-NF-κB pathway were both necessary and sufficient for tumour initiation, anchorage independence, self-renewal and erlotinib resistance. Pharmacological targeting of this pathway with bortezomib reversed both tumour stemness and erlotinib resistance. These findings not only identify αvβ3 as a marker/driver of carcinoma stemness but also reveal a therapeutic strategy to sensitize such tumours to RTK inhibition."
CG_000571,SCitance,SYNTHETIC_NEGATION,CONTRADICTED,NOT_ENOUGH_EVIDENCE,"Furthermore, once dispersed, anthrax spores are not easy to get rid of and may remain lethal until the affected area-especially indoor areas-can be decontaminated (Weis et al. 2002).",Secondary aerosolization of viable Bacillus anthracis spores in a contaminated US Senate Office.,"Claim: Furthermore, once dispersed, anthrax spores are not easy to get rid of and may remain lethal until the affected area-especially indoor areas-can be decontaminated.
Evidence: CONTEXT Bioterrorist attacks involving letters and mail-handling systems in Washington, DC, resulted in Bacillus anthracis (anthrax) spore contamination in the Hart Senate Office Building and other facilities in the US Capitol's vicinity. OBJECTIVE To provide information about the nature and extent of indoor secondary aerosolization of B anthracis spores. DESIGN Stationary and personal air samples, surface dust, and swab samples were collected under semiquiescent (minimal activities) and then simulated active office conditions to estimate secondary aerosolization of B anthracis spores. Nominal size characteristics, airborne concentrations, and surface contamination of B anthracis particles (colony-forming units) were evaluated. RESULTS Viable B anthracis spores reaerosolized under semiquiescent conditions, with a marked increase in reaerosolization during simulated active office conditions. Increases were observed for B anthracis collected on open sheep blood agar plates (P<.001) and personal air monitors (P =.01) during active office conditions. More than 80% of the B anthracis particles collected on stationary monitors were within an alveolar respirable size range of 0.95 to 3.5 micro m. CONCLUSIONS Bacillus anthracis spores used in a recent terrorist incident reaerosolized under common office activities. These findings have important implications for appropriate respiratory protection, remediation, and reoccupancy of contaminated office environments."
CG_000575,SCitance,NATURAL,SUPPORTED,CONTRADICTED,"Radioiodine treatment of non-toxic multinodular goitre has previously been shown to result in a substantial reduction in thyroid volume and, although our data do not include accurate volume measurements, the clinical assessment of our patients indicates that an obvious reduction in thyroid volume occurs in the majority of radioiodine-treated non-toxic and toxic multinodular goitres .",Radioiodine treatment of multinodular non-toxic goitre.,"Claim: Radioiodine treatment of non-toxic multinodular goitre has previously been shown to result in a substantial reduction in thyroid volume and, although our data do not include accurate volume measurements, the clinical assessment of our patients indicates that an obvious reduction in thyroid volume occurs in the majority of radioiodine-treated non-toxic and toxic multinodular goitres.
Evidence: OBJECTIVE To investigate the long term effect of radioactive iodine on thyroid function and size in patients with non-toxic multinodular goitre. DESIGN Consecutive patients with multinodular non-toxic goitre selected for radioactive iodine treatment and followed for a minimum of 12 months (median 48 months) after an intended dose of 3.7 MBq/g thyroid tissue corrected to a 100% uptake of iodine-131 in 24 hours. PATIENTS 69 patients with a growing multinodular non-toxic goitre causing local compression symptoms or cosmetic inconveniences. The treatment was chosen because of a high operative risk, previous thyroidectomy, or refusal to be operated on. MAIN OUTCOME MEASUREMENTS Standard thyroid function variables and ultrasonically determined thyroid volume before treatment as well as 1, 2, 3, 6, and 12 months after treatment and then once a year. RESULTS 56 patients were treated with a single dose of 131I, 12 with two doses, and one with four doses. In 45 patients treated with one dose and remaining euthyroid the median thyroid volume was reduced from 73 (interquartile range 50-106) ml to 29 (23-48) ml at 24 months in the 39 patients in whom this was measured during follow up. The median reduction was 40 (22-48) ml (60% reduction, p < 0.0001), half of which occurred within three months. Patients treated with two doses as well as those developing hypothyroidism and hyperthyroidism had a significant reduction in thyroid volume. Eleven patients developed hypothyroidism (cumulative five year risk 22%, 95% confidence interval 4.8% to 38.4%). Side effects were few: three cases of hyperthyroidism and two cases of radiation thyroiditis. Only one patient was dissatisfied with the result; she was referred for operation six months after treatment. CONCLUSIONS A substantial reduction in thyroid volume accompanied by a low incidence of hypothyroidism and few side effects makes the use of radioactive iodine an attractive alternative to surgery in selected cases of non-toxic multinodular goitre."
CG_000586,SCitance,NATURAL,NOT_ENOUGH_EVIDENCE,CONTRADICTED,"However, many cytokines that are produced by cancer cells themselves also contribute to carcinogenesis .",Autocrine VEGF Signaling Synergizes with EGFR in Tumor Cells to Promote Epithelial Cancer Development,"Claim: However, many cytokines that are produced by cancer cells themselves also contribute to carcinogenesis.
Evidence: It is established that tumor cell-derived VEGF acts on endothelial cells to promote angiogenesis and tumor growth. Here, we demonstrate that in K5-SOS-dependent mouse skin tumors, autocrine VEGF is required for tumor cell proliferation in a cell-autonomous and angiogenesis-independent manner. VEGF is upregulated in SOS-expressing tumors, and its deletion in epidermal cells delays tumorigenesis by suppressing angiogenesis and tumor cell proliferation. Epidermis-specific Flt1 deletion also impairs tumorigenesis and proliferation. Surprisingly, complete tumor inhibition occurs in the absence of VEGF in EGFR mutant mice, demonstrating that VEGFR and EGFR synergize in neoplastic cells to promote tumor growth. Mechanistically, K5-SOS upregulates VEGF, Flt1, and Neuropilin-1 in an Erk-dependent manner, thereby activating an autocrine proliferation loop, whereas EGFR prevents tumor cells from apoptosis. Moreover, Flt1 is upregulated in human SCC, and its inhibition in SCC cells impairs proliferation. Thus, in addition to regulating angiogenesis, VEGF has to be considered as a potent growth factor for epidermal tumors."
CG_000592,SCitance,SYNTHETIC_NEGATION,CONTRADICTED,NOT_ENOUGH_EVIDENCE,"Mutations in several genes do not lower the level of IME1 RNA; these include the serine-threonine protein kinase MCK1 (34) and the DNA binding protein RIM1 (50) and its proteolytic cleavage regulators RIM8, RIM9, and RIM13 (22, 51). In this paper we report a systematic analysis of the 5Ј untranslated region of IME1 and identify the elements that are required for its regulated transcription.",Molecular characterization of the yeast meiotic regulatory gene RIM1.,"Claim: Mutations in several genes do not lower the level of IME1 RNA; these include the serine-threonine protein kinase MCK1 and the DNA binding protein RIM1 and its proteolytic cleavage regulators RIM8, RIM9, and RIM13. In this paper we report a systematic analysis of the 5Ј untranslated region of IME1 and identify the elements that are required for its regulated transcription.
Evidence: In the yeast Saccharomyces cerevisiae, genetic studies suggest that the RIM1 gene encodes a positive regulator of meiosis. rim1 mutations cause reduced expression of IME1, which is required for expression of many meiotic genes, and thus lead to a partial defect in meiosis and spore formation. We report the sequence of RIM1 and functional analysis of its coding region. The RIM1 gene product (RIM1) contains three regions similar to C2H2 zinc fingers. Serine substitutions for cysteine in each of the putative zinc fingers abolish RIM1 function. The carboxyl-terminus of RIM1 is enriched in acidic amino acids and is required for full RIM1 activity. RIM1 also contains two putative cAMP-dependent protein kinase (cAPK) phosphorylation sites. At one site, substitution of alanine for serine does not affect RIM1 activity; at the other site, this substitution impairs activity. This analysis of RIM1 suggests that the protein may function as a transcriptional activator. We have used the cloned RIM1 gene to create a complete rim1 deletion. This null allele, like previously isolated rim1 mutations, causes a partial meiotic defect. In addition to RIM1, maximum IME1 expression requires the MCK1 and IME4 gene products. Defects associated with rim1, mck1, and ime4 mutations in expression of a meiotic reporter gene (ime2-lacZ) and in sporulation are additive. These findings suggest that RIM1 acts independently of MCK1 and IME4 to stimulate IME1 expression."
CG_000665,SciFact,NATURAL,SUPPORTED,CONTRADICTED,76-85% of people with severe mental disorder receive no treatment in low and middle income countries.,"Prevalence, severity, and unmet need for treatment of mental disorders in the World Health Organization World Mental Health Surveys.","Claim: 76-85% of people with severe mental disorder receive no treatment in low and middle income countries.
Evidence: Although disorder severity was correlated with probability of treatment in almost all countries, 35.5% to 50.3% of serious cases in developed countries and 76.3% to 85.4% in less-developed countries received no treatment in the 12 months before the interview."
CG_000671,SciFact,NATURAL,SUPPORTED,CONTRADICTED,A breast cancer patient's capacity to metabolize tamoxifen influences treatment outcome.,Association between CYP2D6 polymorphisms and outcomes among women with early stage breast cancer treated with tamoxifen.,"Claim: A breast cancer patient's capacity to metabolize tamoxifen influences treatment outcome.
Evidence: At 9 years of follow-up, the recurrence rates were 14.9% for extensive metabolizers, 20.9% for heterozygous extensive/intermediate metabolizers, and 29.0% for poor metabolizers, and all-cause mortality rates were 16.7%, 18.0%, and 22.8%, respectively. Compared with extensive metabolizers, there was a significantly increased risk of recurrence for heterozygous extensive/intermediate metabolizers (time to recurrence adjusted hazard ratio [HR], 1.40; 95% confidence interval [CI], 1.04-1.90) and for poor metabolizers (time to recurrence HR, 1.90; 95% CI, 1.10-3.28). Compared with extensive metabolizers, those with decreased CYP2D6 activity (heterozygous extensive/intermediate and poor metabolism) had worse event-free survival (HR, 1.33; 95% CI, 1.06-1.68) and disease-free survival (HR, 1.29; 95% CI, 1.03-1.61), but there was no significant difference in overall survival (HR, 1.15; 95% CI, 0.88-1.51). CONCLUSION Among women with breast cancer treated with tamoxifen, there was an association between CYP2D6 variation and clinical outcomes, such that the presence of 2 functional CYP2D6 alleles was associated with better clinical outcomes and the presence of nonfunctional or reduced-function alleles with worse outcomes."
CG_000725,SciFact,NATURAL,SUPPORTED,NOT_ENOUGH_EVIDENCE,Anthrax spores remain deadly until affected areas are decontaminated.,Secondary aerosolization of viable Bacillus anthracis spores in a contaminated US Senate Office.,"Claim: Anthrax spores remain deadly until affected areas are decontaminated.
Evidence: More than 80% of the B anthracis particles collected on stationary monitors were within an alveolar respirable size range of 0.95 to 3.5 micro m. CONCLUSIONS Bacillus anthracis spores used in a recent terrorist incident reaerosolized under common office activities."
CG_000804,SciFact,NATURAL,CONTRADICTED,SUPPORTED,Citrullinated proteins externalized in neutrophil extracellular traps act indirectly to disrupt the inflammatory cycle.,NETs are a source of citrullinated autoantigens and stimulate inflammatory responses in rheumatoid arthritis.,"Claim: Citrullinated proteins externalized in neutrophil extracellular traps act indirectly to disrupt the inflammatory cycle.
Evidence: Indeed, during NETosis, neutrophils externalized the citrullinated autoantigens implicated in RA pathogenesis, and anti-citrullinated vimentin antibodies potently induced NET formation. In turn, NETs significantly augmented inflammatory responses in RA and OA synovial fibroblasts, including induction of IL-6, IL-8, chemokines, and adhesion molecules. The early events leading to the development of rheumatoid arthritis (RA) remain unclear, but formation of autoantibodies to citrullinated protein antigens (ACPAs) is considered a key pathogenic event. Neutrophils isolated from patients with various autoimmune diseases display enhanced neutrophil extracellular trap (NET) formation, a phenomenon that exposes autoantigens in the context of immunostimulatory molecules."
CG_000814,SciFact,NATURAL,CONTRADICTED,SUPPORTED,Consumption of whole fruits increases the risk of type 2 diabetes.,Fruit consumption and risk of type 2 diabetes: results from three prospective longitudinal cohort studies,"Claim: Consumption of whole fruits increases the risk of type 2 diabetes.
Evidence: Greater consumption of specific whole fruits, particularly blueberries, grapes, and apples, is significantly associated with a lower risk of type 2 diabetes, whereas greater consumption of fruit juice is associated with a higher risk."
CG_000819,SciFact,NATURAL,SUPPORTED,CONTRADICTED,Cost effectiveness evaluations based on cRCT data lack external validity.,A Comparison of Cost Effectiveness Using Data from Randomized Trials or Actual Clinical Practice: Selective Cox-2 Inhibitors as an Example,"Claim: Cost effectiveness evaluations based on cRCT data lack external validity.
Evidence: Only a minority of patients used the drugs long-term and daily (34.5% of conventional NSAIDs and 44.2% of coxibs), whereas coxib RCTs required daily use for at least 6-9 months. The mean costs (for GPRD events) over calendar time were US$58k during 1990-1993 and US$174k during 2002-2005. Using RCT data rather than GPRD data for event probabilities, the mean cost was US$16k with the VIGOR RCT and US$20k with the CLASS RCT. CONCLUSIONS The published cost-effectiveness analyses of coxibs lacked external validity, did not represent patients in actual clinical practice, and should not have been used to inform prescribing policies."
CG_000822,SciFact,NATURAL,CONTRADICTED,SUPPORTED,Cytochrome c is transferred from cytosol to the mitochondrial intermembrane space during apoptosis.,At the gates of death.,"Claim: Cytochrome c is transferred from cytosol to the mitochondrial intermembrane space during apoptosis.
Evidence: Apoptosis that proceeds via the mitochondrial pathway involves mitochondrial outer membrane permeabilization (MOMP), responsible for the release of cytochrome c and other proteins of the mitochondrial intermembrane space."
CG_000875,SciFact,NATURAL,SUPPORTED,CONTRADICTED,Environmental factors can influence the development of breast cancer.,Gene–environment interactions in 7610 women with breast cancer: prospective evidence from the Million Women Study,"Claim: Environmental factors can influence the development of breast cancer.
Evidence: METHODS We tested gene-environment interactions in 7610 women who developed breast cancer and 10 196 controls without the disease, studying the effects of 12 polymorphisms (FGFR2-rs2981582, TNRC9-rs3803662, 2q35-rs13387042, MAP3K1-rs889312, 8q24-rs13281615, 2p-rs4666451, 5p12-rs981782, CASP8-rs1045485, LSP1-rs3817198, 5q-rs30099, TGFB1-rs1982073, and ATM-rs1800054) in relation to prospectively collected information about ten established environmental risk factors (age at menarche, parity, age at first birth, breastfeeding, menopausal status, age at menopause, use of hormone replacement therapy, body-mass index, height, and alcohol consumption). INTERPRETATION Risks of breast cancer associated with low-penetrance susceptibility polymorphisms do not vary significantly with these ten established environmental risk factors."
CG_000876,SciFact,NATURAL,SUPPORTED,NOT_ENOUGH_EVIDENCE,Environmentally-induced senescence is mimicked in disease modeling by adding specific molecules to the culture system.,Human iPSC-based modeling of late-onset disease via progerin-induced aging.,"Claim: Environmentally-induced senescence is mimicked in disease modeling by adding specific molecules to the culture system.
Evidence: In this study, we describe a strategy for inducing aging-related features in human iPSC-derived lineages and apply it to the modeling of Parkinson's disease (PD). Our approach involves expression of progerin, a truncated form of lamin A associated with premature aging. Induced aging in PD iPSC-derived dopamine neurons revealed disease phenotypes that require both aging and genetic susceptibility, such as pronounced dendrite degeneration, progressive loss of tyrosine hydroxylase (TH) expression, and enlarged mitochondria or Lewy-body-precursor inclusions. Thus, our study suggests that progerin-induced aging can be used to reveal late-onset age-related disease features in hiPSC-based disease models."
CG_000920,SciFact,NATURAL,SUPPORTED,CONTRADICTED,Genetic deletion of JAM-A increases gut permeability.,Compromised intestinal epithelial barrier induces adaptive immune compensation that protects from colitis.,"Claim: Genetic deletion of JAM-A increases gut permeability.
Evidence: Mice lacking junctional adhesion molecule A (JAM-A, encoded by F11r) exhibit enhanced intestinal epithelial permeability, bacterial translocation, and elevated colonic lymphocyte numbers, yet do not develop colitis."
CG_001031,SciFact,NATURAL,SUPPORTED,NOT_ENOUGH_EVIDENCE,Intramembrane cleavage by signal peptide peptidase aids in the degradation of proteins with a complex membrane orientation.,Ubiquitin-dependent intramembrane rhomboid protease promotes ERAD of membrane proteins.,"Claim: Intramembrane cleavage by signal peptide peptidase aids in the degradation of proteins with a complex membrane orientation.
Evidence: Here we show that the evolutionary conserved rhomboid family protein RHBDL4 is a ubiquitin-dependent ER-resident intramembrane protease that is upregulated upon ER stress. RHBDL4 cleaves single-spanning and polytopic membrane proteins with unstable transmembrane helices, leading to their degradation by the canonical ERAD machinery."
CG_001034,SciFact,NATURAL,CONTRADICTED,SUPPORTED,JMJD6 slows the hydroxylation of C-terminal lysine,JMJD6 Promotes Colon Carcinogenesis through Negative Regulation of p53 by Hydroxylation,"Claim: JMJD6 slows the hydroxylation of C-terminal lysine
Evidence: We demonstrated that JMJD6 acts as an α-ketoglutarate- and Fe(II)-dependent lysyl hydroxylase to catalyze p53 hydroxylation. We found that p53 indeed exists as a hydroxylated protein in vivo and that the hydroxylation occurs mainly on lysine 382 of p53. Depletion of JMJD6 enhances p53 transcriptional activity, arrests cells in the G1 phase, promotes cell apoptosis, and sensitizes cells to DNA damaging agent-induced cell death."
CG_001048,SciFact,NATURAL,CONTRADICTED,SUPPORTED,Lack of FGF21 in mice increases life expectancy.,Fibroblast Growth Factor 21 Prevents Atherosclerosis by Suppression of Hepatic Sterol Regulatory Element-Binding Protein-2 and Induction of Adiponectin in Mice,"Claim: Lack of FGF21 in mice increases life expectancy.
Evidence: FGF21 deficiency causes a marked exacerbation of atherosclerotic plaque formation and premature death in apolipoprotein E(-/-) mice, which is accompanied by hypoadiponectinemia and severe hypercholesterolemia."
CG_001051,SciFact,NATURAL,CONTRADICTED,SUPPORTED,Lack of FGF21 in mice slows the rate of atherosclerotic plaque formation.,Fibroblast Growth Factor 21 Prevents Atherosclerosis by Suppression of Hepatic Sterol Regulatory Element-Binding Protein-2 and Induction of Adiponectin in Mice,"Claim: Lack of FGF21 in mice slows the rate of atherosclerotic plaque formation.
Evidence: FGF21 deficiency causes a marked exacerbation of atherosclerotic plaque formation and premature death in apolipoprotein E(-/-) mice, which is accompanied by hypoadiponectinemia and severe hypercholesterolemia. Replenishment of FGF21 protects against atherosclerosis in apolipoprotein E(-/-)mice via 2 independent mechanisms, inducing the adipocyte production of adiponectin, which in turn acts on the blood vessels to inhibit neointima formation and macrophage inflammation, and suppressing the hepatic expression of the transcription factor sterol regulatory element-binding protein-2, thereby leading to reduced cholesterol synthesis and attenuation of hypercholesterolemia. CONCLUSIONS FGF21 protects against atherosclerosis via fine tuning the multiorgan crosstalk among liver, adipose tissue, and blood vessels."
CG_001076,SciFact,NATURAL,SUPPORTED,CONTRADICTED,MICAL redox enzymes regulate actin dynamics.,Drosophila MICAL regulates myofilament organization and synaptic structure,"Claim: MICAL redox enzymes regulate actin dynamics.
Evidence: Consistent with high expression of MICAL in somatic muscles, immunohistochemical stainings reveal that the subcellular localization and architecture of contractile muscle filaments are dramatically disturbed in mical mutants. Transgenic expression of interfering RNA molecules demonstrates that MICAL is required in muscles for the higher order arrangement of myofilaments. Consistent with high expression of MICAL in somatic muscles, immunohistochemical stainings reveal that the subcellular localization and architecture of contractile muscle filaments are dramatically disturbed in mical mutants. Instead of being integrated into a regular sarcomeric pattern, actin and myosin filaments are disorganized and accumulate beneath the plasmamembrane. Transgenic expression of interfering RNA molecules demonstrates that MICAL is required in muscles for the higher order arrangement of myofilaments. In mical mutants, synaptic boutons do not sprout normally over the muscle surface and tend to form clusters along synaptic branches and at nerve entry sites. Consistent with high expression of MICAL in somatic muscles, immunohistochemical stainings reveal that the subcellular localization and architecture of contractile muscle filaments are dramatically disturbed in mical mutants. Whereas contractile elements are strongly deranged, the proposed organizer of sarcomeric structure, D-Titin, is much less affected."
CG_001125,SciFact,NATURAL,CONTRADICTED,SUPPORTED,Mutations in RIM1 raise levels of IME1 RNA.,Molecular characterization of the yeast meiotic regulatory gene RIM1.,"Claim: Mutations in RIM1 raise levels of IME1 RNA.
Evidence: rim1 mutations cause reduced expression of IME1, which is required for expression of many meiotic genes, and thus lead to a partial defect in meiosis and spore formation. These findings suggest that RIM1 acts independently of MCK1 and IME4 to stimulate IME1 expression."
CG_001134,SciFact,NATURAL,CONTRADICTED,SUPPORTED,Natriuretic peptides increase susceptibility to diabetes.,Mendelian Randomization Study of B-Type Natriuretic Peptide and Type 2 Diabetes: Evidence of Causal Association from Population Studies,"Claim: Natriuretic peptides increase susceptibility to diabetes.
Evidence: In participants of our case-cohort study who were free of T2D and cardiovascular disease at baseline, we observed a 21% (95% CI 3%-36%) decreased risk of incident T2D per one standard deviation (SD) higher log-transformed NT-pro-BNP levels in analysis adjusted for age, sex, body mass index, systolic blood pressure, smoking, family history of T2D, history of hypertension, and levels of triglycerides, high-density lipoprotein cholesterol, and low-density lipoprotein cholesterol. CONCLUSIONS Our results provide evidence for a potential causal role of the BNP system in the aetiology of T2D."
CG_001173,SciFact,NATURAL,SUPPORTED,CONTRADICTED,PKG-la plays an essential role in expression of spinal long term potentiation in PGK-la knockout mice.,Presynaptically Localized Cyclic GMP-Dependent Protein Kinase 1 Is a Key Determinant of Spinal Synaptic Potentiation and Pain Hypersensitivity,"Claim: PKG-la plays an essential role in expression of spinal long term potentiation in PGK-la knockout mice.
Evidence: Patch clamp recordings showed that activity-induced LTP at identified synapses between nociceptors and spinal neurons projecting to the periaqueductal grey (PAG) was completely abolished in SNS-PKG-I(-/-) mice, although basal synaptic transmission was not affected."
CG_001184,SciFact,NATURAL,SUPPORTED,CONTRADICTED,Pediatric SCD patients with vaso-occlusive crisis show increased morphine use after breathing 80 ppm iNO for 4 hours.,Preliminary assessment of inhaled nitric oxide for acute vaso-occlusive crisis in pediatric patients with sickle cell disease.,"Claim: Pediatric SCD patients with vaso-occlusive crisis show increased morphine use after breathing 80 ppm iNO for 4 hours.
Evidence: Morphine use over 6 hours was significantly less in the INO group (mean cumulative use, 0.29 vs 0.44 mg/kg; P =.03) but was not different over 4 hours (0.26 vs 0.32 mg/kg; P =.21) or 24 hours (0.63 vs 0.91 mg/kg; P =.15)."
CG_001208,SciFact,NATURAL,CONTRADICTED,SUPPORTED,Primary cervical cancer screening with HPV detection has lower longitudinal sensitivity than conventional cytology to detect cervical intraepithelial neoplasia grade 2.,Human papillomavirus and Papanicolaou tests to screen for cervical cancer.,"Claim: Primary cervical cancer screening with HPV detection has lower longitudinal sensitivity than conventional cytology to detect cervical intraepithelial neoplasia grade 2.
Evidence: BACKGROUND Screening for cervical cancer based on testing for human papillomavirus (HPV) increases the sensitivity of detection of high-grade (grade 2 or 3) cervical intraepithelial neoplasia, but whether this gain represents overdiagnosis or protection against future high-grade cervical epithelial neoplasia or cervical cancer is unknown. CONCLUSIONS The addition of an HPV test to the Pap test to screen women in their mid-30s for cervical cancer reduces the incidence of grade 2 or 3 cervical intraepithelial neoplasia or cancer detected by subsequent screening examinations. BACKGROUND Screening for cervical cancer based on testing for human papillomavirus (HPV) increases the sensitivity of detection of high-grade (grade 2 or 3) cervical intraepithelial neoplasia, but whether this gain represents overdiagnosis or protection against future high-grade cervical epithelial neoplasia or cervical cancer is unknown. Women with persistent HPV infection remained at high risk for grade 2 or 3 lesions or cancer after referral for colposcopy."
CG_001211,SciFact,NATURAL,SUPPORTED,NOT_ENOUGH_EVIDENCE,Pro-inflammatory cytokines are up regulated during tumor development.,Paraneoplastic thrombocytosis: the secrets of tumor self-promotion.,"Claim: Pro-inflammatory cytokines are up regulated during tumor development.
Evidence: [NO_EVIDENCE_PROVIDED]"
CG_001234,SciFact,NATURAL,CONTRADICTED,SUPPORTED,Radioiodine treatment of non-toxic multinodular goitre increases thyroid volume.,Radioiodine treatment of multinodular non-toxic goitre.,"Claim: Radioiodine treatment of non-toxic multinodular goitre increases thyroid volume.
Evidence: In 45 patients treated with one dose and remaining euthyroid the median thyroid volume was reduced from 73 (interquartile range 50-106) ml to 29 (23-48) ml at 24 months in the 39 patients in whom this was measured during follow up. CONCLUSIONS A substantial reduction in thyroid volume accompanied by a low incidence of hypothyroidism and few side effects makes the use of radioactive iodine an attractive alternative to surgery in selected cases of non-toxic multinodular goitre."
CG_001277,SciFact,NATURAL,SUPPORTED,CONTRADICTED,Side effects associated with antidepressants increases risk of stroke.,Antidepressant use and risk of adverse outcomes in older people: population based cohort study,"Claim: Side effects associated with antidepressants increases risk of stroke.
Evidence: The group of other antidepressants was associated with the highest adjusted hazard ratios for all cause mortality (1.66, 1.56 to 1.77), attempted suicide/self harm (5.16, 3.90 to 6.83), stroke/transient ischaemic attack (1.37, 1.22 to 1.55), fracture (1.64, 1.46 to 1.84), and epilepsy/seizures (2.24, 1.60 to 3.15), compared with when antidepressants were not being used."
CG_001312,SciFact,NATURAL,SUPPORTED,NOT_ENOUGH_EVIDENCE,The C-type lectin receptor (CLEC-2) rearranges the actin cytoskeleton in dendritic cells to promote efficient motility along stromal surfaces.,Podoplanin-Rich Stromal Networks Induce Dendritic Cell Motility via Activation of the C-type Lectin Receptor CLEC-2,"Claim: The C-type lectin receptor (CLEC-2) rearranges the actin cytoskeleton in dendritic cells to promote efficient motility along stromal surfaces.
Evidence: CLEC-2 activation triggered cell spreading via downregulation of RhoA activity and myosin light-chain phosphorylation and triggered F-actin-rich protrusions via Vav signaling and Rac1 activation. Thus, activation of CLEC-2 by PDPN rearranges the actin cytoskeleton in DCs to promote efficient motility along stromal surfaces."
CG_001313,SciFact,NATURAL,CONTRADICTED,SUPPORTED,The DESMOND program caused substantial weight loss in most participants.,Effectiveness of a diabetes education and self management programme (DESMOND) for people with newly diagnosed type 2 diabetes mellitus: three year follow-up of a cluster randomised controlled trial in primary care,"Claim: The DESMOND program caused substantial weight loss in most participants.
Evidence: CONCLUSION A single programme for people with newly diagnosed type 2 diabetes mellitus showed no difference in biomedical or lifestyle outcomes at three years although there were sustained improvements in some illness beliefs."
CG_001314,SciFact,NATURAL,SUPPORTED,CONTRADICTED,The DESMOND program demonstrates no significant impact on biochemical outcomes.,Effectiveness of a diabetes education and self management programme (DESMOND) for people with newly diagnosed type 2 diabetes mellitus: three year follow-up of a cluster randomised controlled trial in primary care,"Claim: The DESMOND program demonstrates no significant impact on biochemical outcomes.
Evidence: After adjusting for baseline and cluster the difference was not significant (difference -0.02, 95% confidence interval -0.22 to 0.17). The groups did not differ for the other biomedical and lifestyle outcomes and drug use. CONCLUSION A single programme for people with newly diagnosed type 2 diabetes mellitus showed no difference in biomedical or lifestyle outcomes at three years although there were sustained improvements in some illness beliefs."
CG_001315,SciFact,NATURAL,SUPPORTED,CONTRADICTED,The DESMOND program demonstrates no significant impact on lifestyles outcomes.,Effectiveness of a diabetes education and self management programme (DESMOND) for people with newly diagnosed type 2 diabetes mellitus: three year follow-up of a cluster randomised controlled trial in primary care,"Claim: The DESMOND program demonstrates no significant impact on lifestyles outcomes.
Evidence: CONCLUSION A single programme for people with newly diagnosed type 2 diabetes mellitus showed no difference in biomedical or lifestyle outcomes at three years although there were sustained improvements in some illness beliefs."
CG_001326,SciFact,NATURAL,CONTRADICTED,SUPPORTED,The PDPN gene deactivates the C-type lectin receptor (CLEC-2).,Podoplanin-Rich Stromal Networks Induce Dendritic Cell Motility via Activation of the C-type Lectin Receptor CLEC-2,"Claim: The PDPN gene deactivates the C-type lectin receptor (CLEC-2).
Evidence: PDPN is expressed by lymphatic endothelial and fibroblastic reticular cells and promotes blood-lymph separation during development by activating the C-type lectin receptor, CLEC-2, on platelets. Thus, activation of CLEC-2 by PDPN rearranges the actin cytoskeleton in DCs to promote efficient motility along stromal surfaces."
CG_001332,SciFact,NATURAL,SUPPORTED,CONTRADICTED,The Snf1 complex regulates carbon and energy metabolism in baker's yeast (Saccharomyces cerevisiae).,Reconstruction of the yeast Snf1 kinase regulatory network reveals its role as a global energy regulator,"Claim: The Snf1 complex regulates carbon and energy metabolism in baker's yeast (Saccharomyces cerevisiae).
Evidence: We for the first time identified Snf1's global regulation on gene and protein expression levels, and showed that yeast Snf1 has a far more extensive function in controlling energy metabolism than reported earlier."
CG_001433,SciFact,NATURAL,SUPPORTED,CONTRADICTED,Walking in traffic areas in London did not improve lung function in elderly adults.,"Respiratory and cardiovascular responses to walking down a traffic-polluted road compared with walking in a traffic-free area in participants aged 60 years and older with chronic lung or heart disease and age-matched healthy controls: a randomised, crossover study","Claim: Walking in traffic areas in London did not improve lung function in elderly adults.
Evidence: Participants with COPD reported more cough (odds ratio [OR] 1·95, 95% CI 0·96-3·95; p<0·1), sputum (3·15, 1·39-7·13; p<0·05), shortness of breath (1·86, 0·97-3·57; p<0·1), and wheeze (4·00, 1·52-10·50; p<0·05) after walking down Oxford Street compared with Hyde Park. In all participants, irrespective of their disease status, walking in Hyde Park led to an increase in lung function (forced expiratory volume in the first second [FEV1] and forced vital capacity [FVC]) and a decrease in pulse wave velocity (PWV) and augmentation index up to 26 h after the walk. By contrast, these beneficial responses were attenuated after walking on Oxford Street. INTERPRETATION Short-term exposure to traffic pollution prevents the beneficial cardiopulmonary effects of walking in people with COPD, ischaemic heart disease, and those free from chronic cardiopulmonary diseases."
CG_001434,SciFact,NATURAL,CONTRADICTED,SUPPORTED,Walking in traffic areas in London improves lung function in elderly adults.,"Respiratory and cardiovascular responses to walking down a traffic-polluted road compared with walking in a traffic-free area in participants aged 60 years and older with chronic lung or heart disease and age-matched healthy controls: a randomised, crossover study","Claim: Walking in traffic areas in London improves lung function in elderly adults.
Evidence: Participants with COPD reported more cough (odds ratio [OR] 1·95, 95% CI 0·96-3·95; p<0·1), sputum (3·15, 1·39-7·13; p<0·05), shortness of breath (1·86, 0·97-3·57; p<0·1), and wheeze (4·00, 1·52-10·50; p<0·05) after walking down Oxford Street compared with Hyde Park. In all participants, irrespective of their disease status, walking in Hyde Park led to an increase in lung function (forced expiratory volume in the first second [FEV1] and forced vital capacity [FVC]) and a decrease in pulse wave velocity (PWV) and augmentation index up to 26 h after the walk. By contrast, these beneficial responses were attenuated after walking on Oxford Street. INTERPRETATION Short-term exposure to traffic pollution prevents the beneficial cardiopulmonary effects of walking in people with COPD, ischaemic heart disease, and those free from chronic cardiopulmonary diseases."
CG_001470,SciFact,NATURAL,CONTRADICTED,SUPPORTED,AMP-activated protein kinase (AMPK) activation increases inflammation-related fibrosis in the lungs.,Metformin reverses established lung fibrosis in a bleomycin model,"Claim: AMP-activated protein kinase (AMPK) activation increases inflammation-related fibrosis in the lungs.
Evidence: Pharmacological activation of AMPK in myofibroblasts from lungs of humans with IPF display lower fibrotic activity, along with enhanced mitochondrial biogenesis and normalization of sensitivity to apoptosis. In a bleomycin model of lung fibrosis in mice, metformin therapeutically accelerates the resolution of well-established fibrosis in an AMPK-dependent manner. These studies implicate deficient AMPK activation in non-resolving, pathologic fibrotic processes, and support a role for metformin (or other AMPK activators) to reverse established fibrosis by facilitating deactivation and apoptosis of myofibroblasts."
CG_001480,SciFact,NATURAL,CONTRADICTED,SUPPORTED,Anthrax spores can be disposed of easily after they are dispersed.,Secondary aerosolization of viable Bacillus anthracis spores in a contaminated US Senate Office.,"Claim: Anthrax spores can be disposed of easily after they are dispersed.
Evidence: More than 80% of the B anthracis particles collected on stationary monitors were within an alveolar respirable size range of 0.95 to 3.5 micro m. CONCLUSIONS Bacillus anthracis spores used in a recent terrorist incident reaerosolized under common office activities."
CG_001488,SciFact,NATURAL,SUPPORTED,CONTRADICTED,"Assembly of invadopodia is triggered by focal generation of phosphatidylinositol-3,4-biphosphate and the activation of the nonreceptor tyrosine kinase Src.","The adaptor protein Tks5/Fish is required for podosome formation and function, and for the protease-driven invasion of cancer cells.","Claim: Assembly of invadopodia is triggered by focal generation of phosphatidylinositol-3,4-biphosphate and the activation of the nonreceptor tyrosine kinase Src.
Evidence: They no longer formed podosomes, did not degrade gelatin, and were poorly invasive. We detected Tks5/Fish expression in podosomes in invasive cancer cells, as well as in human breast cancer and melanoma samples."
CG_001504,SciFact,NATURAL,NOT_ENOUGH_EVIDENCE,CONTRADICTED,CRP is not predictive of postoperative mortality following Coronary Artery Bypass Graft (CABG) surgery.,Assessing the cost effectiveness of using prognostic biomarkers with decision models: case study in prioritising patients waiting for coronary artery surgery,"Claim: CRP is not predictive of postoperative mortality following Coronary Artery Bypass Graft (CABG) surgery.
Evidence: [NO_EVIDENCE_PROVIDED]"
CG_001532,SciFact,NATURAL,SUPPORTED,CONTRADICTED,Deletion of αvβ8 does not result in a spontaneous inflammatory phenotype.,Integrin αvβ8-Mediated TGF-β Activation by Effector Regulatory T Cells Is Essential for Suppression of T-Cell-Mediated Inflammation,"Claim: Deletion of αvβ8 does not result in a spontaneous inflammatory phenotype.
Evidence: Treg-cell-specific deletion of integrin αvβ8 did not result in a spontaneous inflammatory phenotype, suggesting that this pathway is not important in Treg-cell-mediated maintenance of immune homeostasis."
CG_001540,SciFact,NATURAL,SUPPORTED,CONTRADICTED,Epigenetic modulating agents (EMAs) modulate antitumor immune response in a cancer model system.,Epigenetic Therapy Ties MYC Depletion to Reversing Immune Evasion and Treating Lung Cancer,"Claim: Epigenetic modulating agents (EMAs) modulate antitumor immune response in a cancer model system.
Evidence: Use of this combination treatment schema in mouse models of NSCLC reverses tumor immune evasion and modulates T cell exhaustion state towards memory and effector T cell phenotypes."
CG_001585,SciFact,NATURAL,CONTRADICTED,NOT_ENOUGH_EVIDENCE,"In mouse models, the loss of CSF1R facilitates MOZ-TIF2-induced leuekmogenesis.",PU.1-mediated upregulation of CSF1R is crucial for leukemia stem cell potential induced by MOZ-TIF2,"Claim: In mouse models, the loss of CSF1R facilitates MOZ-TIF2-induced leuekmogenesis.
Evidence: Cells expressing high amounts of CSF1R (CSF1Rhigh cells), but not those expressing low amounts of CSF1R (CSF1Rlow cells), showed potent leukemia-initiating activity. Moreover, induction of AML was suppressed in CSF1R-deficient mice and CSF1R inhibitors slowed the progression of MOZ-TIF2-induced leukemia. Thus, in this subtype of AML, leukemia stem cells are contained within the CSF1Rhigh cell population, and we suggest that targeting of PU.1-mediated upregulation of CSF1R expression might be a useful therapeutic approach."
CG_001618,SciFact,NATURAL,SUPPORTED,CONTRADICTED,Macrolides have no protective effect against myocardial infarction.,Antibiotics and risk of subsequent first-time acute myocardial infarction.,"Claim: Macrolides have no protective effect against myocardial infarction.
Evidence: No effect was found for previous use of macrolides (primarily erythromycin), sulfonamides, penicillins, or cephalosporins."
CG_001652,SciFact,NATURAL,SUPPORTED,CONTRADICTED,Occupancy of ribosomes by IncRNAs mirror 5 0-UTRs,Ribosome Profiling Provides Evidence that Large Noncoding RNAs Do Not Encode Proteins,"Claim: Occupancy of ribosomes by IncRNAs mirror 5 0-UTRs
Evidence: Here, we show that classical noncoding RNAs and 5' UTRs show the same ribosome occupancy as lincRNAs, demonstrating that ribosome occupancy alone is not sufficient to classify transcripts as coding or noncoding."
CG_001679,SciFact,NATURAL,CONTRADICTED,SUPPORTED,Reduced responsiveness to interleukin-2 in regulatory T cells is associated with greater resistance to autoimmune diseases such as Type 1 Diabetes.,Interleukin-2 gene variation impairs regulatory T cell function and causes autoimmunity,"Claim: Reduced responsiveness to interleukin-2 in regulatory T cells is associated with greater resistance to autoimmune diseases such as Type 1 Diabetes.
Evidence: In order to test directly that an approximately twofold reduction in IL-2 underpins the Idd3-linked destabilization of immune homeostasis, we show that engineered haplodeficiency of Il2 gene expression not only reduces T cell IL-2 production by twofold but also mimics the autoimmune dysregulatory effects of the naturally occurring susceptibility alleles of Il2. Reduced IL-2 production achieved by either genetic mechanism correlates with reduced function of CD4+ CD25+ regulatory T cells, which are critical for maintaining immune homeostasis. Reduced IL-2 production achieved by either genetic mechanism correlates with reduced function of CD4+ CD25+ regulatory T cells, which are critical for maintaining immune homeostasis."
CG_001681,SciFact,NATURAL,CONTRADICTED,NOT_ENOUGH_EVIDENCE,Ribosomopathies have a low degree of cell and tissue specific pathology.,Ribosome-Mediated Specificity in Hox mRNA Translation and Vertebrate Tissue Patterning,"Claim: Ribosomopathies have a low degree of cell and tissue specific pathology.
Evidence: Unexpectedly, a ribosomal protein (RP) expression screen reveals dynamic regulation of individual RPs within the vertebrate embryo. Collectively, these findings suggest that RP activity may be highly regulated to impart a new layer of specificity in the control of gene expression and mammalian development."
CG_001692,SciFact,NATURAL,CONTRADICTED,SUPPORTED,T regulatory cells (tTregs) lacking αvβ8 are more adept at suppressing pathogenic T-cell responses during active inflammation.,Integrin αvβ8-Mediated TGF-β Activation by Effector Regulatory T Cells Is Essential for Suppression of T-Cell-Mediated Inflammation,"Claim: T regulatory cells (tTregs) lacking αvβ8 are more adept at suppressing pathogenic T-cell responses during active inflammation.
Evidence: However, Treg cells lacking expression of integrin αvβ8 were unable to suppress pathogenic T cell responses during active inflammation."
CG_001722,SciFact,NATURAL,SUPPORTED,CONTRADICTED,The relationship between a breast cancer patient's capacity to metabolize tamoxifen and treatment outcome is dependent on the patient's genetic make-up.,Association between CYP2D6 polymorphisms and outcomes among women with early stage breast cancer treated with tamoxifen.,"Claim: The relationship between a breast cancer patient's capacity to metabolize tamoxifen and treatment outcome is dependent on the patient's genetic make-up.
Evidence: Compared with extensive metabolizers, there was a significantly increased risk of recurrence for heterozygous extensive/intermediate metabolizers (time to recurrence adjusted hazard ratio [HR], 1.40; 95% confidence interval [CI], 1.04-1.90) and for poor metabolizers (time to recurrence HR, 1.90; 95% CI, 1.10-3.28). Compared with extensive metabolizers, those with decreased CYP2D6 activity (heterozygous extensive/intermediate and poor metabolism) had worse event-free survival (HR, 1.33; 95% CI, 1.06-1.68) and disease-free survival (HR, 1.29; 95% CI, 1.03-1.61), but there was no significant difference in overall survival (HR, 1.15; 95% CI, 0.88-1.51). CONCLUSION Among women with breast cancer treated with tamoxifen, there was an association between CYP2D6 variation and clinical outcomes, such that the presence of 2 functional CYP2D6 alleles was associated with better clinical outcomes and the presence of nonfunctional or reduced-function alleles with worse outcomes."
CG_001725,SciFact,NATURAL,CONTRADICTED,SUPPORTED,The risk of male prisoners harming themselves is ten times that of female prisoners.,"Self-harm in prisons in England and Wales: an epidemiological study of prevalence, risk factors, clustering, and subsequent suicide","Claim: The risk of male prisoners harming themselves is ten times that of female prisoners.
Evidence: FINDINGS 139,195 self-harm incidents were recorded in 26,510 individual prisoners between 2004 and 2009; 5-6% of male prisoners and 20-24% of female inmates self-harmed every year. Self-harm rates were more than ten times higher in female prisoners than in male inmates."
CG_001730,SciFact,NATURAL,NOT_ENOUGH_EVIDENCE,CONTRADICTED,The treatment of cancer patients with co-IR blockade does not cause any adverse autoimmune events.,Is autoimmunity the Achilles' heel of cancer immunotherapy?,"Claim: The treatment of cancer patients with co-IR blockade does not cause any adverse autoimmune events.
Evidence: [NO_EVIDENCE_PROVIDED]"
